#
# There is insufficient memory for the Java Runtime Environment to continue.
# Native memory allocation (mmap) failed to map 4194304 bytes. Error detail: G1 virtual space
# Possible reasons:
#   The system is out of physical RAM or swap space
#   This process is running with CompressedOops enabled, and the Java Heap may be blocking the growth of the native heap
# Possible solutions:
#   Reduce memory load on the system
#   Increase physical memory or swap space
#   Check if swap backing store is full
#   Decrease Java heap size (-Xmx/-Xms)
#   Decrease number of Java threads
#   Decrease Java thread stack sizes (-Xss)
#   Set larger code cache with -XX:ReservedCodeCacheSize=
#   JVM is running with Zero Based Compressed Oops mode in which the Java heap is
#     placed in the first 32GB address space. The Java Heap base address is the
#     maximum limit for the native heap growth. Please use -XX:HeapBaseMinAddress
#     to set the Java Heap base and to place the Java Heap above 32GB virtual address.
# This output file may be truncated or incomplete.
#
#  Out of Memory Error (os_windows.cpp:3815), pid=9376, tid=2356
#
# JRE version: OpenJDK Runtime Environment (21.0.3) (build 21.0.3+-12282718-b509.11)
# Java VM: OpenJDK 64-Bit Server VM (21.0.3+-12282718-b509.11, mixed mode, tiered, compressed oops, compressed class ptrs, g1 gc, windows-amd64)
# No core dump will be written. Minidumps are not enabled by default on client versions of Windows
#

---------------  S U M M A R Y ------------

Command Line: --add-opens=java.base/java.lang=ALL-UNNAMED --add-opens=java.base/java.lang.invoke=ALL-UNNAMED --add-opens=java.base/java.util=ALL-UNNAMED --add-opens=java.prefs/java.util.prefs=ALL-UNNAMED --add-exports=jdk.compiler/com.sun.tools.javac.api=ALL-UNNAMED --add-exports=jdk.compiler/com.sun.tools.javac.util=ALL-UNNAMED --add-opens=java.base/java.util=ALL-UNNAMED --add-opens=java.prefs/java.util.prefs=ALL-UNNAMED --add-opens=java.base/java.nio.charset=ALL-UNNAMED --add-opens=java.base/java.net=ALL-UNNAMED --add-opens=java.base/java.util.concurrent.atomic=ALL-UNNAMED --add-opens=java.xml/javax.xml.namespace=ALL-UNNAMED -XX:MaxMetaspaceSize=4G -XX:ReservedCodeCacheSize=512m -XX:+HeapDumpOnOutOfMemoryError -Xmx8G -Dfile.encoding=UTF-8 -Duser.country=PH -Duser.language=en -Duser.variant -javaagent:C:\Users\Nash\.gradle\wrapper\dists\gradle-8.12-all\ejduaidbjup3bmmkhw3rie4zb\gradle-8.12\lib\agents\gradle-instrumentation-agent-8.12.jar org.gradle.launcher.daemon.bootstrap.GradleDaemon 8.12

Host: AMD Ryzen 5 7530U with Radeon Graphics         , 12 cores, 7G,  Windows 11 , 64 bit Build 26100 (10.0.26100.5074)
Time: Mon Dec  1 07:30:38 2025 Malay Peninsula Standard Time elapsed time: 743.217575 seconds (0d 0h 12m 23s)

---------------  T H R E A D  ---------------

Current thread (0x000001da3bd30fd0):  JavaThread "Execution worker Thread 2"        [_thread_in_vm, id=2356, stack(0x000000d788b00000,0x000000d788c00000) (1024K)]

Stack: [0x000000d788b00000,0x000000d788c00000]
Native frames: (J=compiled Java code, j=interpreted, Vv=VM code, C=native code)
V  [jvm.dll+0x6cafb9]
V  [jvm.dll+0x858523]
V  [jvm.dll+0x85aa7e]
V  [jvm.dll+0x85b163]
V  [jvm.dll+0x27d356]
V  [jvm.dll+0x6c7865]
V  [jvm.dll+0x6bbd3a]
V  [jvm.dll+0x35199b]
V  [jvm.dll+0x3595d6]
V  [jvm.dll+0x3aa52b]
V  [jvm.dll+0x3aabe4]
V  [jvm.dll+0x3aa736]
V  [jvm.dll+0x3244f4]
V  [jvm.dll+0x3226af]
V  [jvm.dll+0x65d840]
V  [jvm.dll+0x23dc42]
V  [jvm.dll+0x81c937]
V  [jvm.dll+0x7278e9]
C  0x000001da0fe46129

The last pc belongs to _new_array_nozero_Java (printed below).
Java frames: (J=compiled Java code, j=interpreted, Vv=VM code)
v  ~RuntimeStub::_new_array_nozero_Java 0x000001da0fe46129
J 2548 c2 java.util.Arrays.copyOf([BI)[B java.base@21.0.3 (33 bytes) @ 0x000001da104095c0 [0x000001da10409340+0x0000000000000280]
J 30640 c1 kotlin.io.ByteStreamsKt.readBytes(Ljava/io/InputStream;)[B (47 bytes) @ 0x000001da03cd2af4 [0x000001da03cd24a0+0x0000000000000654]
J 30461 c1 com.android.tools.build.jetifier.processor.archive.Archive$Builder.extractFile(Ljava/util/zip/ZipInputStream;Ljava/nio/file/Path;Ljava/nio/file/attribute/FileTime;)Lcom/android/tools/build/jetifier/processor/archive/ArchiveFile; (39 bytes) @ 0x000001da03c37a2c [0x000001da03c37780+0x00000000000002ac]
j  com.android.tools.build.jetifier.processor.archive.Archive$Builder.extractArchive(Ljava/io/InputStream;Ljava/nio/file/Path;ZLjava/nio/file/attribute/FileTime;)Lcom/android/tools/build/jetifier/processor/archive/Archive;+144
j  com.android.tools.build.jetifier.processor.archive.Archive$Builder.extract(Ljava/io/File;Z)Lcom/android/tools/build/jetifier/processor/archive/Archive;+94
j  com.android.tools.build.jetifier.processor.archive.Archive$Builder.extract$default(Lcom/android/tools/build/jetifier/processor/archive/Archive$Builder;Ljava/io/File;ZILjava/lang/Object;)Lcom/android/tools/build/jetifier/processor/archive/Archive;+11
j  com.android.tools.build.jetifier.processor.Processor.loadLibraries(Ljava/lang/Iterable;)Ljava/util/Set;+98
j  com.android.tools.build.jetifier.processor.Processor.transform2(Ljava/util/Set;ZZ)Lcom/android/tools/build/jetifier/processor/TransformationResult;+372
j  com.android.build.gradle.internal.dependency.JetifyTransform.transform(Lorg/gradle/api/artifacts/transform/TransformOutputs;)V+369
J 31063 c1 org.gradle.api.internal.artifacts.transform.DefaultTransform.transform(Lorg/gradle/api/provider/Provider;Ljava/io/File;Lorg/gradle/api/internal/artifacts/transform/TransformDependencies;Lorg/gradle/work/InputChanges;)Lorg/gradle/api/internal/artifacts/transform/TransformExecutionResult; (53 bytes) @ 0x000001da00456f2c [0x000001da00456aa0+0x000000000000048c]
J 20301 c1 org.gradle.api.internal.artifacts.transform.AbstractTransformExecution$2.call(Lorg/gradle/internal/operations/BuildOperationContext;)Lorg/gradle/api/internal/artifacts/transform/TransformExecutionResult; (153 bytes) @ 0x000001da00e24474 [0x000001da00e236a0+0x0000000000000dd4]
J 20300 c1 org.gradle.api.internal.artifacts.transform.AbstractTransformExecution$2.call(Lorg/gradle/internal/operations/BuildOperationContext;)Ljava/lang/Object; (6 bytes) @ 0x000001da00bcbe54 [0x000001da00bcbdc0+0x0000000000000094]
J 33060 c2 org.gradle.internal.operations.DefaultBuildOperationRunner$CallableBuildOperationWorker.execute(Lorg/gradle/internal/operations/BuildOperation;Lorg/gradle/internal/operations/BuildOperationContext;)V (10 bytes) @ 0x000001da10b4409c [0x000001da10b44020+0x000000000000007c]
J 26759 c2 org.gradle.internal.operations.DefaultBuildOperationRunner.execute(Lorg/gradle/internal/operations/BuildOperation;Lorg/gradle/internal/operations/BuildOperationWorker;Lorg/gradle/internal/operations/BuildOperationState;)V (23 bytes) @ 0x000001da1135c814 [0x000001da1135b600+0x0000000000001214]
J 33068 c2 org.gradle.internal.operations.DefaultBuildOperationRunner.call(Lorg/gradle/internal/operations/CallableBuildOperation;)Ljava/lang/Object; (24 bytes) @ 0x000001da10b7cffc [0x000001da10b7ce40+0x00000000000001bc]
J 20297 c1 org.gradle.api.internal.artifacts.transform.AbstractTransformExecution.executeWithinTransformerListener(Lorg/gradle/internal/execution/UnitOfWork$ExecutionRequest;)Lorg/gradle/internal/execution/UnitOfWork$WorkOutput; (32 bytes) @ 0x000001da01dff9fc [0x000001da01dff800+0x00000000000001fc]
J 20296 c1 org.gradle.api.internal.artifacts.transform.AbstractTransformExecution.execute(Lorg/gradle/internal/execution/UnitOfWork$ExecutionRequest;)Lorg/gradle/internal/execution/UnitOfWork$WorkOutput; (62 bytes) @ 0x000001da01e00464 [0x000001da01e00300+0x0000000000000164]
J 30884 c1 org.gradle.internal.execution.steps.ExecuteStep.executeInternal(Lorg/gradle/internal/execution/UnitOfWork;Lorg/gradle/internal/execution/steps/InputChangesContext;)Lorg/gradle/internal/execution/steps/Result; (78 bytes) @ 0x000001da00952f5c [0x000001da00952ae0+0x000000000000047c]
J 32934 c1 org.gradle.internal.execution.steps.ExecuteStep$1.call(Lorg/gradle/internal/operations/BuildOperationContext;)Ljava/lang/Object; (6 bytes) @ 0x000001da01c88dec [0x000001da01c88ce0+0x000000000000010c]
J 33060 c2 org.gradle.internal.operations.DefaultBuildOperationRunner$CallableBuildOperationWorker.execute(Lorg/gradle/internal/operations/BuildOperation;Lorg/gradle/internal/operations/BuildOperationContext;)V (10 bytes) @ 0x000001da10b4409c [0x000001da10b44020+0x000000000000007c]
J 26759 c2 org.gradle.internal.operations.DefaultBuildOperationRunner.execute(Lorg/gradle/internal/operations/BuildOperation;Lorg/gradle/internal/operations/BuildOperationWorker;Lorg/gradle/internal/operations/BuildOperationState;)V (23 bytes) @ 0x000001da1135c814 [0x000001da1135b600+0x0000000000001214]
J 33068 c2 org.gradle.internal.operations.DefaultBuildOperationRunner.call(Lorg/gradle/internal/operations/CallableBuildOperation;)Ljava/lang/Object; (24 bytes) @ 0x000001da10b7cffc [0x000001da10b7ce40+0x00000000000001bc]
J 30866 c1 org.gradle.internal.execution.steps.ExecuteStep.execute(Lorg/gradle/internal/execution/UnitOfWork;Lorg/gradle/internal/execution/steps/ChangingOutputsContext;)Lorg/gradle/internal/execution/steps/Result; (37 bytes) @ 0x000001da000407c4 [0x000001da00040480+0x0000000000000344]
J 30865 c1 org.gradle.internal.execution.steps.ExecuteStep.execute(Lorg/gradle/internal/execution/UnitOfWork;Lorg/gradle/internal/execution/steps/Context;)Lorg/gradle/internal/execution/steps/Result; (10 bytes) @ 0x000001da0031c62c [0x000001da0031c4c0+0x000000000000016c]
J 30863 c1 org.gradle.internal.execution.steps.CancelExecutionStep.execute(Lorg/gradle/internal/execution/UnitOfWork;Lorg/gradle/internal/execution/steps/Context;)Lorg/gradle/internal/execution/steps/Result; (168 bytes) @ 0x000001da0005b704 [0x000001da0005b100+0x0000000000000604]
J 20116 c1 org.gradle.internal.execution.steps.TimeoutStep.execute(Lorg/gradle/internal/execution/UnitOfWork;Lorg/gradle/internal/execution/steps/Context;)Lorg/gradle/internal/execution/steps/Result; (96 bytes) @ 0x000001da00a84e14 [0x000001da00a843e0+0x0000000000000a34]
J 30861 c1 org.gradle.internal.execution.steps.PreCreateOutputParentsStep.execute(Lorg/gradle/internal/execution/UnitOfWork;Lorg/gradle/internal/execution/steps/ChangingOutputsContext;)Lorg/gradle/internal/execution/steps/Result; (30 bytes) @ 0x000001da001cc7dc [0x000001da001cc460+0x000000000000037c]
J 30860 c1 org.gradle.internal.execution.steps.PreCreateOutputParentsStep.execute(Lorg/gradle/internal/execution/UnitOfWork;Lorg/gradle/internal/execution/steps/Context;)Lorg/gradle/internal/execution/steps/Result; (10 bytes) @ 0x000001da0031502c [0x000001da00314ec0+0x000000000000016c]
J 30910 c1 org.gradle.internal.execution.steps.BroadcastChangingOutputsStep.execute(Lorg/gradle/internal/execution/UnitOfWork;Lorg/gradle/internal/execution/steps/InputChangesContext;)Lorg/gradle/internal/execution/steps/Result; (90 bytes) @ 0x000001da0023c644 [0x000001da0023b3e0+0x0000000000001264]
J 30924 c1 org.gradle.internal.execution.steps.BroadcastChangingOutputsStep.execute(Lorg/gradle/internal/execution/UnitOfWork;Lorg/gradle/internal/execution/steps/Context;)Lorg/gradle/internal/execution/steps/Result; (10 bytes) @ 0x000001da0041542c [0x000001da004152c0+0x000000000000016c]
J 20324 c1 org.gradle.internal.execution.steps.NoInputChangesStep.execute(Lorg/gradle/internal/execution/UnitOfWork;Lorg/gradle/internal/execution/steps/ValidationFinishedContext;)Lorg/gradle/internal/execution/steps/Result; (29 bytes) @ 0x000001da01dc1a54 [0x000001da01dc0e20+0x0000000000000c34]
J 33074 c1 org.gradle.internal.execution.steps.NoInputChangesStep.execute(Lorg/gradle/internal/execution/UnitOfWork;Lorg/gradle/internal/execution/steps/Context;)Lorg/gradle/internal/execution/steps/Result; (10 bytes) @ 0x000001da01dd0e2c [0x000001da01dd0cc0+0x000000000000016c]
J 30939 c1 org.gradle.internal.execution.steps.CaptureOutputsAfterExecutionStep.execute(Lorg/gradle/internal/execution/UnitOfWork;Lorg/gradle/internal/execution/steps/WorkspaceContext;)Lorg/gradle/internal/execution/steps/AfterExecutionResult; (56 bytes) @ 0x000001da006a45fc [0x000001da006a44c0+0x000000000000013c]
J 30938 c1 org.gradle.internal.execution.steps.CaptureOutputsAfterExecutionStep.execute(Lorg/gradle/internal/execution/UnitOfWork;Lorg/gradle/internal/execution/steps/Context;)Lorg/gradle/internal/execution/steps/Result; (10 bytes) @ 0x000001da004a7dac [0x000001da004a7c40+0x000000000000016c]
J 30883 c1 org.gradle.internal.execution.steps.BuildCacheStep$$Lambda+0x0000000800877d80.apply(Ljava/lang/Object;)Ljava/lang/Object; (20 bytes) @ 0x000001da002fbf7c [0x000001da002fbce0+0x000000000000029c]
J 32946 c1 org.gradle.internal.execution.steps.BuildCacheStep.execute(Lorg/gradle/internal/execution/UnitOfWork;Lorg/gradle/internal/execution/steps/WorkspaceContext;)Lorg/gradle/internal/execution/steps/AfterExecutionResult; (32 bytes) @ 0x000001da012f799c [0x000001da012f6ec0+0x0000000000000adc]
J 30882 c1 org.gradle.internal.execution.steps.BuildCacheStep.execute(Lorg/gradle/internal/execution/UnitOfWork;Lorg/gradle/internal/execution/steps/Context;)Lorg/gradle/internal/execution/steps/Result; (10 bytes) @ 0x000001da00352bac [0x000001da00352a40+0x000000000000016c]
J 31024 c1 org.gradle.internal.execution.steps.NeverUpToDateStep.execute(Lorg/gradle/internal/execution/UnitOfWork;Lorg/gradle/internal/execution/steps/NonIncrementalCachingContext;)Lorg/gradle/internal/execution/steps/UpToDateResult; (27 bytes) @ 0x000001da006ac174 [0x000001da006ac060+0x0000000000000114]
J 31026 c1 org.gradle.internal.execution.steps.NeverUpToDateStep.execute(Lorg/gradle/internal/execution/UnitOfWork;Lorg/gradle/internal/execution/steps/Context;)Lorg/gradle/internal/execution/steps/Result; (10 bytes) @ 0x000001da006cb2ac [0x000001da006cb140+0x000000000000016c]
J 20279 c1 org.gradle.internal.execution.steps.legacy.MarkSnapshottingInputsFinishedStep.execute(Lorg/gradle/internal/execution/UnitOfWork;Lorg/gradle/internal/execution/steps/Context;)Lorg/gradle/internal/execution/steps/Result; (10 bytes) @ 0x000001da01e1807c [0x000001da01e17c80+0x00000000000003fc]
J 31025 c1 org.gradle.internal.execution.steps.ResolveNonIncrementalCachingStateStep.executeDelegate(Lorg/gradle/internal/execution/UnitOfWork;Lorg/gradle/internal/execution/steps/ValidationFinishedContext;Lorg/gradle/internal/execution/caching/CachingState;)Lorg/gradle/internal/execution/steps/UpToDateResult; (23 bytes) @ 0x000001da007f9f44 [0x000001da007f9500+0x0000000000000a44]
J 30869 c1 org.gradle.internal.execution.steps.AbstractResolveCachingStateStep.execute(Lorg/gradle/internal/execution/UnitOfWork;Lorg/gradle/internal/execution/steps/ValidationFinishedContext;)Lorg/gradle/internal/execution/steps/CachingResult; (67 bytes) @ 0x000001da001c8e64 [0x000001da001c73c0+0x0000000000001aa4]
J 30868 c1 org.gradle.internal.execution.steps.AbstractResolveCachingStateStep.execute(Lorg/gradle/internal/execution/UnitOfWork;Lorg/gradle/internal/execution/steps/Context;)Lorg/gradle/internal/execution/steps/Result; (10 bytes) @ 0x000001da001a9324 [0x000001da001a9140+0x00000000000001e4]
J 32945 c1 org.gradle.internal.execution.steps.ValidateStep.execute(Lorg/gradle/internal/execution/UnitOfWork;Lorg/gradle/internal/execution/steps/BeforeExecutionContext;)Lorg/gradle/internal/execution/steps/Result; (261 bytes) @ 0x000001da032c82ac [0x000001da032c45c0+0x0000000000003cec]
J 30811 c1 org.gradle.internal.execution.steps.ValidateStep.execute(Lorg/gradle/internal/execution/UnitOfWork;Lorg/gradle/internal/execution/steps/Context;)Lorg/gradle/internal/execution/steps/Result; (10 bytes) @ 0x000001da001a04ac [0x000001da001a0340+0x000000000000016c]
J 20272 c1 org.gradle.internal.execution.steps.AbstractCaptureStateBeforeExecutionStep.execute(Lorg/gradle/internal/execution/UnitOfWork;Lorg/gradle/internal/execution/steps/PreviousExecutionContext;)Lorg/gradle/internal/execution/steps/CachingResult; (41 bytes) @ 0x000001da00b9972c [0x000001da00b98ee0+0x000000000000084c]
J 20271 c1 org.gradle.internal.execution.steps.AbstractCaptureStateBeforeExecutionStep.execute(Lorg/gradle/internal/execution/UnitOfWork;Lorg/gradle/internal/execution/steps/Context;)Lorg/gradle/internal/execution/steps/Result; (10 bytes) @ 0x000001da00e32924 [0x000001da00e32740+0x00000000000001e4]
J 20085 c1 org.gradle.internal.execution.steps.legacy.MarkSnapshottingInputsStartedStep.execute(Lorg/gradle/internal/execution/UnitOfWork;Lorg/gradle/internal/execution/steps/Context;)Lorg/gradle/internal/execution/steps/Result; (37 bytes) @ 0x000001da01b9fe64 [0x000001da01b9fc80+0x00000000000001e4]
J 30742 c1 org.gradle.internal.execution.steps.AssignImmutableWorkspaceStep.lambda$executeInTemporaryWorkspace$3(Lorg/gradle/internal/execution/steps/IdentityContext;Lorg/gradle/internal/execution/UnitOfWork;Lorg/gradle/internal/execution/workspace/ImmutableWorkspaceProvider$ImmutableWorkspace;Ljava/io/File;)Lorg/gradle/internal/execution/steps/WorkspaceResult; (158 bytes) @ 0x000001da0055a75c [0x000001da00559240+0x000000000000151c]
J 20235 c1 org.gradle.internal.execution.steps.AssignImmutableWorkspaceStep$$Lambda+0x000000080086e000.executeInTemporaryWorkspace(Ljava/io/File;)Ljava/lang/Object; (21 bytes) @ 0x000001da01b396ec [0x000001da01b39640+0x00000000000000ac]
J 20021 c1 org.gradle.internal.execution.workspace.impl.CacheBasedImmutableWorkspaceProvider$1.withTemporaryWorkspace(Lorg/gradle/internal/execution/workspace/ImmutableWorkspaceProvider$ImmutableWorkspace$TemporaryWorkspaceAction;)Ljava/lang/Object; (53 bytes) @ 0x000001da00a98fdc [0x000001da00a98a20+0x00000000000005bc]
J 20283 c1 org.gradle.internal.execution.steps.AssignImmutableWorkspaceStep.executeInTemporaryWorkspace(Lorg/gradle/internal/execution/UnitOfWork;Lorg/gradle/internal/execution/steps/IdentityContext;Lorg/gradle/internal/execution/workspace/ImmutableWorkspaceProvider$ImmutableWorkspace;)Lorg/gradle/internal/execution/steps/WorkspaceResult; (19 bytes) @ 0x000001da00bbabc4 [0x000001da00bba6c0+0x0000000000000504]
J 20114 c1 org.gradle.internal.execution.steps.AssignImmutableWorkspaceStep$$Lambda+0x00000008006620e0.get()Ljava/lang/Object; (20 bytes) @ 0x000001da00fb1524 [0x000001da00fb1440+0x00000000000000e4]
J 19533 c1 org.gradle.internal.execution.steps.AssignImmutableWorkspaceStep.execute(Lorg/gradle/internal/execution/UnitOfWork;Lorg/gradle/internal/execution/steps/IdentityContext;)Lorg/gradle/internal/execution/steps/WorkspaceResult; (55 bytes) @ 0x000001da01a2c004 [0x000001da01a2b620+0x00000000000009e4]
J 19053 c1 org.gradle.internal.execution.steps.AssignImmutableWorkspaceStep.execute(Lorg/gradle/internal/execution/UnitOfWork;Lorg/gradle/internal/execution/steps/Context;)Lorg/gradle/internal/execution/steps/Result; (10 bytes) @ 0x000001da0246b33c [0x000001da0246b1c0+0x000000000000017c]
J 19049 c1 org.gradle.internal.execution.steps.ChoosePipelineStep.execute(Lorg/gradle/internal/execution/UnitOfWork;Lorg/gradle/internal/execution/steps/IdentityContext;)Lorg/gradle/internal/execution/steps/Result; (71 bytes) @ 0x000001da02463f34 [0x000001da02463820+0x0000000000000714]
J 19526 c1 org.gradle.internal.execution.steps.ChoosePipelineStep.execute(Lorg/gradle/internal/execution/UnitOfWork;Lorg/gradle/internal/execution/steps/Context;)Lorg/gradle/internal/execution/steps/Result; (10 bytes) @ 0x000001da0005103c [0x000001da00050ec0+0x000000000000017c]
J 19782 c1 org.gradle.internal.execution.steps.ExecuteWorkBuildOperationFiringStep.lambda$execute$0(Lorg/gradle/internal/execution/UnitOfWork;Lorg/gradle/internal/execution/steps/IdentityContext;Lorg/gradle/internal/operations/BuildOperationContext;)Lorg/gradle/internal/execution/steps/CachingResult; (78 bytes) @ 0x000001da01f4541c [0x000001da01f45300+0x000000000000011c]
J 19542 c1 org.gradle.internal.execution.steps.ExecuteWorkBuildOperationFiringStep$$Lambda+0x000000080119c4a0.apply(Ljava/lang/Object;)Ljava/lang/Object; (20 bytes) @ 0x000001da0007556c [0x000001da000753c0+0x00000000000001ac]
J 19987 c2 org.gradle.internal.execution.steps.BuildOperationStep$1.call(Lorg/gradle/internal/operations/BuildOperationContext;)Ljava/lang/Object; (11 bytes) @ 0x000001da106b5bf4 [0x000001da106b5ba0+0x0000000000000054]
J 33060 c2 org.gradle.internal.operations.DefaultBuildOperationRunner$CallableBuildOperationWorker.execute(Lorg/gradle/internal/operations/BuildOperation;Lorg/gradle/internal/operations/BuildOperationContext;)V (10 bytes) @ 0x000001da10b4409c [0x000001da10b44020+0x000000000000007c]
J 26759 c2 org.gradle.internal.operations.DefaultBuildOperationRunner.execute(Lorg/gradle/internal/operations/BuildOperation;Lorg/gradle/internal/operations/BuildOperationWorker;Lorg/gradle/internal/operations/BuildOperationState;)V (23 bytes) @ 0x000001da1135c814 [0x000001da1135b600+0x0000000000001214]
J 33068 c2 org.gradle.internal.operations.DefaultBuildOperationRunner.call(Lorg/gradle/internal/operations/CallableBuildOperation;)Ljava/lang/Object; (24 bytes) @ 0x000001da10b7cffc [0x000001da10b7ce40+0x00000000000001bc]
J 19988 c1 org.gradle.internal.execution.steps.BuildOperationStep.operation(Ljava/util/function/Function;Lorg/gradle/internal/operations/BuildOperationDescriptor$Builder;)Ljava/lang/Object; (20 bytes) @ 0x000001da00bf007c [0x000001da00befe60+0x000000000000021c]
J 19549 c1 org.gradle.internal.execution.steps.ExecuteWorkBuildOperationFiringStep.lambda$execute$1(Lorg/gradle/internal/execution/UnitOfWork;Lorg/gradle/internal/execution/steps/IdentityContext;Ljava/lang/String;)Lorg/gradle/internal/execution/steps/CachingResult; (41 bytes) @ 0x000001da000d0714 [0x000001da000cfca0+0x0000000000000a74]
J 19555 c1 org.gradle.internal.execution.steps.ExecuteWorkBuildOperationFiringStep$$Lambda+0x0000000800658b08.apply(Ljava/lang/Object;)Ljava/lang/Object; (20 bytes) @ 0x000001da000b5a54 [0x000001da000b58c0+0x0000000000000194]
J 19045 c1 org.gradle.internal.execution.steps.ExecuteWorkBuildOperationFiringStep.execute(Lorg/gradle/internal/execution/UnitOfWork;Lorg/gradle/internal/execution/steps/Context;)Lorg/gradle/internal/execution/steps/Result; (10 bytes) @ 0x000001da02465d54 [0x000001da02465440+0x0000000000000914]
J 19541 c1 org.gradle.internal.execution.steps.IdentityCacheStep.executeInCache(Lorg/gradle/internal/execution/UnitOfWork;Lorg/gradle/internal/execution/steps/IdentityContext;)Lorg/gradle/internal/execution/ExecutionEngine$IdentityCacheResult; (45 bytes) @ 0x000001da00e3b8c4 [0x000001da00e3b760+0x0000000000000164]
J 19540 c1 org.gradle.internal.execution.steps.IdentityCacheStep$$Lambda+0x000000080119c260.get()Ljava/lang/Object; (16 bytes) @ 0x000001da001d561c [0x000001da001d5540+0x00000000000000dc]
J 9879 c1 org.gradle.cache.Cache$$Lambda+0x000000080021d998.apply(Ljava/lang/Object;)Ljava/lang/Object; (9 bytes) @ 0x000001da00bd3e8c [0x000001da00bd3d40+0x000000000000014c]
J 29305 c2 java.util.concurrent.ConcurrentHashMap.computeIfAbsent(Ljava/lang/Object;Ljava/util/function/Function;)Ljava/lang/Object; java.base@21.0.3 (576 bytes) @ 0x000001da115d66f0 [0x000001da115d6000+0x00000000000006f0]
J 19340 c1 org.gradle.cache.internal.DefaultCrossBuildInMemoryCacheFactory$CrossBuildCacheRetainingDataFromPreviousBuild.get(Ljava/lang/Object;Ljava/util/function/Function;)Ljava/lang/Object; (18 bytes) @ 0x000001da0251d1fc [0x000001da0251d080+0x000000000000017c]
J 9610 c1 org.gradle.cache.Cache.get(Ljava/lang/Object;Ljava/util/function/Supplier;)Ljava/lang/Object; (14 bytes) @ 0x000001da00ff76d4 [0x000001da00ff71a0+0x0000000000000534]
J 19735 c1 org.gradle.internal.execution.steps.IdentityCacheStep.lambda$executeDeferred$1(Lorg/gradle/cache/Cache;Lorg/gradle/internal/execution/UnitOfWork$Identity;Lorg/gradle/internal/execution/UnitOfWork;Lorg/gradle/internal/execution/steps/IdentityContext;)Lorg/gradle/internal/Try; (41 bytes) @ 0x000001da01f7739c [0x000001da01f76e80+0x000000000000051c]
J 19332 c1 org.gradle.internal.execution.steps.IdentityCacheStep$$Lambda+0x0000000801197760.get()Ljava/lang/Object; (24 bytes) @ 0x000001da025178ec [0x000001da02517840+0x00000000000000ac]
J 15753 c1 org.gradle.internal.Deferrable$3.completeAndGet()Ljava/lang/Object; (46 bytes) @ 0x000001da01d6de0c [0x000001da01d6dc40+0x00000000000001cc]
J 19013 c1 org.gradle.internal.Deferrable$1.completeAndGet()Ljava/lang/Object; (18 bytes) @ 0x000001da0244b31c [0x000001da0244b200+0x000000000000011c]
J 19013 c1 org.gradle.internal.Deferrable$1.completeAndGet()Ljava/lang/Object; (18 bytes) @ 0x000001da0244b31c [0x000001da0244b200+0x000000000000011c]
J 33081 c1 org.gradle.internal.Deferrable$$Lambda+0x00000008011ab5b0.get()Ljava/lang/Object; (14 bytes) @ 0x000001da034cad24 [0x000001da034cab00+0x0000000000000224]
J 15753 c1 org.gradle.internal.Deferrable$3.completeAndGet()Ljava/lang/Object; (46 bytes) @ 0x000001da01d6de0c [0x000001da01d6dc40+0x00000000000001cc]
J 33081 c1 org.gradle.internal.Deferrable$$Lambda+0x00000008011ab5b0.get()Ljava/lang/Object; (14 bytes) @ 0x000001da034cad24 [0x000001da034cab00+0x0000000000000224]
J 15753 c1 org.gradle.internal.Deferrable$3.completeAndGet()Ljava/lang/Object; (46 bytes) @ 0x000001da01d6de0c [0x000001da01d6dc40+0x00000000000001cc]
J 19250 c1 org.gradle.api.internal.artifacts.transform.TransformingAsyncArtifactListener$TransformedArtifact.finalizeValue()Lorg/gradle/internal/Try; (168 bytes) @ 0x000001da024e525c [0x000001da024e4600+0x0000000000000c5c]
J 19606 c1 org.gradle.api.internal.artifacts.transform.TransformingAsyncArtifactListener$TransformedArtifact.run(Lorg/gradle/internal/operations/BuildOperationContext;)V (6 bytes) @ 0x000001da002fc53c [0x000001da002fc4c0+0x000000000000007c]
J 19113 c1 org.gradle.internal.operations.DefaultBuildOperationExecutor$$Lambda+0x0000000801181238.execute(Lorg/gradle/internal/operations/BuildOperation;Lorg/gradle/internal/operations/BuildOperationContext;)V (11 bytes) @ 0x000001da02494a54 [0x000001da02494840+0x0000000000000214]
J 26759 c2 org.gradle.internal.operations.DefaultBuildOperationRunner.execute(Lorg/gradle/internal/operations/BuildOperation;Lorg/gradle/internal/operations/BuildOperationWorker;Lorg/gradle/internal/operations/BuildOperationState;)V (23 bytes) @ 0x000001da1135c814 [0x000001da1135b600+0x0000000000001214]
J 18882 c1 org.gradle.internal.operations.DefaultBuildOperationQueue$WorkerRunnable.runOperation(Lorg/gradle/internal/operations/BuildOperation;)V (26 bytes) @ 0x000001da0240c634 [0x000001da0240c480+0x00000000000001b4]
j  org.gradle.internal.operations.DefaultBuildOperationQueue$WorkerRunnable.doRunBatch(Lorg/gradle/internal/operations/BuildOperation;)I+28
j  org.gradle.internal.operations.DefaultBuildOperationQueue$WorkerRunnable.lambda$runBatch$0(Lorg/gradle/internal/operations/BuildOperation;)Ljava/lang/Integer;+2
j  org.gradle.internal.operations.DefaultBuildOperationQueue$WorkerRunnable$$Lambda+0x0000000801182b20.create()Ljava/lang/Object;+8
j  org.gradle.internal.resources.AbstractResourceLockRegistry.whileDisallowingLockChanges(Lorg/gradle/internal/Factory;)Ljava/lang/Object;+17
j  org.gradle.internal.work.DefaultWorkerLeaseService.whileDisallowingProjectLockChanges(Lorg/gradle/internal/Factory;)Ljava/lang/Object;+14
j  org.gradle.internal.operations.DefaultBuildOperationQueue$WorkerRunnable.lambda$runBatch$1(Lorg/gradle/internal/operations/BuildOperation;)Ljava/lang/Integer;+33
j  org.gradle.internal.operations.DefaultBuildOperationQueue$WorkerRunnable$$Lambda+0x0000000801181fe0.create()Ljava/lang/Object;+8
j  org.gradle.internal.work.DefaultWorkerLeaseService.runAsWorkerThread(Lorg/gradle/internal/Factory;)Ljava/lang/Object;+18
j  org.gradle.internal.operations.DefaultBuildOperationQueue$WorkerRunnable.runBatch(Lorg/gradle/internal/operations/BuildOperation;)V+18
j  org.gradle.internal.operations.DefaultBuildOperationQueue$WorkerRunnable.run()V+11
j  org.gradle.internal.operations.DefaultBuildOperationQueue.waitForCompletion()V+13
j  org.gradle.internal.operations.DefaultBuildOperationExecutor.executeInParallel(ZLorg/gradle/internal/operations/BuildOperationQueue$QueueWorker;Lorg/gradle/api/Action;Lorg/gradle/internal/operations/BuildOperationConstraint;)V+102
j  org.gradle.internal.operations.DefaultBuildOperationExecutor.runAll(Lorg/gradle/api/Action;Lorg/gradle/internal/operations/BuildOperationConstraint;)V+22
j  org.gradle.api.internal.artifacts.ivyservice.resolveengine.artifact.ParallelResolveArtifactSet$VisitingSet.visit(Lorg/gradle/api/internal/artifacts/ivyservice/resolveengine/artifact/ArtifactVisitor;)V+18
j  org.gradle.api.internal.artifacts.ivyservice.resolveengine.artifact.ResolvedArtifactSetResolver$1.run(Lorg/gradle/internal/operations/BuildOperationContext;)V+18
J 21375 c1 org.gradle.internal.operations.DefaultBuildOperationRunner$1.execute(Lorg/gradle/internal/operations/BuildOperation;Lorg/gradle/internal/operations/BuildOperationContext;)V (10 bytes) @ 0x000001da02701344 [0x000001da027010e0+0x0000000000000264]
J 26759 c2 org.gradle.internal.operations.DefaultBuildOperationRunner.execute(Lorg/gradle/internal/operations/BuildOperation;Lorg/gradle/internal/operations/BuildOperationWorker;Lorg/gradle/internal/operations/BuildOperationState;)V (23 bytes) @ 0x000001da1135c814 [0x000001da1135b600+0x0000000000001214]
j  org.gradle.internal.operations.DefaultBuildOperationRunner.run(Lorg/gradle/internal/operations/RunnableBuildOperation;)V+9
j  org.gradle.api.internal.artifacts.ivyservice.resolveengine.artifact.ResolvedArtifactSetResolver.visitArtifacts(Lorg/gradle/api/internal/artifacts/ivyservice/resolveengine/artifact/ResolvedArtifactSet;Lorg/gradle/api/internal/artifacts/ivyservice/resolveengine/artifact/ArtifactVisitor;Lorg/gradle/api/internal/artifacts/configurations/ResolutionHost;)V+15
j  org.gradle.api.internal.artifacts.ivyservice.resolveengine.artifact.ResolvedArtifactSetResolver.lambda$visitInUnmanagedWorkerThread$0(Lorg/gradle/api/internal/artifacts/ivyservice/resolveengine/artifact/ResolvedArtifactSet;Lorg/gradle/api/internal/artifacts/ivyservice/resolveengine/artifact/ArtifactVisitor;Lorg/gradle/api/internal/artifacts/configurations/ResolutionHost;)V+4
j  org.gradle.api.internal.artifacts.ivyservice.resolveengine.artifact.ResolvedArtifactSetResolver$$Lambda+0x00000008011309e0.run()V+16
j  org.gradle.internal.work.DefaultWorkerLeaseService.runAsUnmanagedWorkerThread(Ljava/lang/Runnable;)V+18
j  org.gradle.api.internal.artifacts.ivyservice.resolveengine.artifact.ResolvedArtifactSetResolver.visitInUnmanagedWorkerThread(Lorg/gradle/api/internal/artifacts/ivyservice/resolveengine/artifact/ResolvedArtifactSet;Lorg/gradle/api/internal/artifacts/ivyservice/resolveengine/artifact/ArtifactVisitor;Lorg/gradle/api/internal/artifacts/configurations/ResolutionHost;)V+13
j  org.gradle.api.internal.artifacts.ivyservice.resolveengine.artifact.DefaultSelectedArtifactSet.visitArtifacts(Lorg/gradle/api/internal/artifacts/ivyservice/resolveengine/artifact/ArtifactVisitor;Z)V+50
j  org.gradle.api.internal.artifacts.configurations.ResolutionResultProviderBackedSelectedArtifactSet.visitArtifacts(Lorg/gradle/api/internal/artifacts/ivyservice/resolveengine/artifact/ArtifactVisitor;Z)V+29
j  org.gradle.api.internal.artifacts.ivyservice.resolveengine.artifact.SelectedArtifactSet.visitFiles(Lorg/gradle/api/internal/artifacts/ivyservice/resolveengine/artifact/ResolvedFileVisitor;Z)V+10
j  org.gradle.api.internal.artifacts.configurations.ResolutionBackedFileCollection.visitContents(Lorg/gradle/api/internal/file/FileCollectionStructureVisitor;)V+18
J 15973 c1 org.gradle.api.internal.file.CompositeFileCollection$$Lambda+0x000000080118f2b8.accept(Ljava/lang/Object;)V (12 bytes) @ 0x000001da01df3364 [0x000001da01df2f00+0x0000000000000464]
J 15736 c1 org.gradle.api.internal.file.collections.UnpackingVisitor.add(Ljava/lang/Object;)V (367 bytes) @ 0x000001da01d64abc [0x000001da01d62000+0x0000000000002abc]
J 15736 c1 org.gradle.api.internal.file.collections.UnpackingVisitor.add(Ljava/lang/Object;)V (367 bytes) @ 0x000001da01d62d84 [0x000001da01d62000+0x0000000000000d84]
J 26547 c1 org.gradle.api.internal.file.DefaultFileCollectionFactory$ResolvingFileCollection.visitChildren(Ljava/util/function/Consumer;)V (35 bytes) @ 0x000001da0347c234 [0x000001da0347c0e0+0x0000000000000154]
J 18067 c1 org.gradle.api.internal.file.CompositeFileCollection.visitContents(Lorg/gradle/api/internal/file/FileCollectionStructureVisitor;)V (11 bytes) @ 0x000001da0229f12c [0x000001da0229ec20+0x000000000000050c]
J 15973 c1 org.gradle.api.internal.file.CompositeFileCollection$$Lambda+0x000000080118f2b8.accept(Ljava/lang/Object;)V (12 bytes) @ 0x000001da01df3364 [0x000001da01df2f00+0x0000000000000464]
j  org.gradle.api.internal.tasks.PropertyFileCollection.visitChildren(Ljava/util/function/Consumer;)V+5
J 18067 c1 org.gradle.api.internal.file.CompositeFileCollection.visitContents(Lorg/gradle/api/internal/file/FileCollectionStructureVisitor;)V (11 bytes) @ 0x000001da0229f12c [0x000001da0229ec20+0x000000000000050c]
J 15807 c1 org.gradle.internal.fingerprint.impl.DefaultFileCollectionSnapshotter.snapshot(Lorg/gradle/api/file/FileCollection;)Lorg/gradle/internal/execution/FileCollectionSnapshotter$Result; (46 bytes) @ 0x000001da01d92a24 [0x000001da01d92360+0x00000000000006c4]
J 19069 c1 org.gradle.internal.execution.impl.DefaultInputFingerprinter$InputCollectingVisitor.visitInputFileProperty(Ljava/lang/String;Lorg/gradle/internal/properties/InputBehavior;Lorg/gradle/internal/execution/UnitOfWork$InputFileValueSupplier;)V (135 bytes) @ 0x000001da02478b9c [0x000001da024781a0+0x00000000000009fc]
j  org.gradle.api.internal.tasks.execution.TaskExecution.visitRegularInputs(Lorg/gradle/internal/execution/UnitOfWork$InputVisitor;)V+156
J 30853 c1 org.gradle.internal.execution.steps.AbstractCaptureStateBeforeExecutionStep$$Lambda+0x00000008008725f8.accept(Ljava/lang/Object;)V (14 bytes) @ 0x000001da001a3054 [0x000001da001a2e40+0x0000000000000214]
J 19279 c1 org.gradle.internal.execution.impl.DefaultInputFingerprinter.fingerprintInputProperties(Lcom/google/common/collect/ImmutableSortedMap;Lcom/google/common/collect/ImmutableSortedMap;Lcom/google/common/collect/ImmutableSortedMap;Lcom/google/common/collect/ImmutableSortedMap;Ljava/util/function/Consumer;)Lorg/gradle/internal/execution/InputFingerprinter$Result; (41 bytes) @ 0x000001da024f8934 [0x000001da024f8760+0x00000000000001d4]
J 30809 c1 org.gradle.internal.execution.steps.AbstractCaptureStateBeforeExecutionStep.captureExecutionStateWithOutputs(Lorg/gradle/internal/execution/UnitOfWork;Lorg/gradle/internal/execution/steps/PreviousExecutionContext;Lcom/google/common/collect/ImmutableSortedMap;Lorg/gradle/internal/execution/history/OverlappingOutputs;)Lorg/gradle/internal/execution/history/BeforeExecutionState; (195 bytes) @ 0x000001da0295f344 [0x000001da0295cce0+0x0000000000002664]
J 30808 c1 org.gradle.internal.execution.steps.AbstractCaptureStateBeforeExecutionStep.lambda$captureExecutionState$0(Lorg/gradle/internal/execution/UnitOfWork;Lorg/gradle/internal/execution/steps/PreviousExecutionContext;Lorg/gradle/internal/operations/BuildOperationContext;)Lorg/gradle/internal/execution/history/BeforeExecutionState; (42 bytes) @ 0x000001da00118cb4 [0x000001da00118a80+0x0000000000000234]
J 30807 c1 org.gradle.internal.execution.steps.AbstractCaptureStateBeforeExecutionStep$$Lambda+0x0000000800870758.apply(Ljava/lang/Object;)Ljava/lang/Object; (20 bytes) @ 0x000001da0010486c [0x000001da001046c0+0x00000000000001ac]
J 19987 c2 org.gradle.internal.execution.steps.BuildOperationStep$1.call(Lorg/gradle/internal/operations/BuildOperationContext;)Ljava/lang/Object; (11 bytes) @ 0x000001da106b5bf4 [0x000001da106b5ba0+0x0000000000000054]
J 15764 c1 org.gradle.internal.operations.DefaultBuildOperationRunner$CallableBuildOperationWorker.execute(Lorg/gradle/internal/operations/BuildOperation;Lorg/gradle/internal/operations/BuildOperationContext;)V (10 bytes) @ 0x000001da01d7553c [0x000001da01d752e0+0x000000000000025c]
J 26759 c2 org.gradle.internal.operations.DefaultBuildOperationRunner.execute(Lorg/gradle/internal/operations/BuildOperation;Lorg/gradle/internal/operations/BuildOperationWorker;Lorg/gradle/internal/operations/BuildOperationState;)V (23 bytes) @ 0x000001da1135c814 [0x000001da1135b600+0x0000000000001214]
J 15766 c1 org.gradle.internal.operations.DefaultBuildOperationRunner.call(Lorg/gradle/internal/operations/CallableBuildOperation;)Ljava/lang/Object; (24 bytes) @ 0x000001da01d763ec [0x000001da01d75f20+0x00000000000004cc]
J 19988 c1 org.gradle.internal.execution.steps.BuildOperationStep.operation(Ljava/util/function/Function;Lorg/gradle/internal/operations/BuildOperationDescriptor$Builder;)Ljava/lang/Object; (20 bytes) @ 0x000001da00bf007c [0x000001da00befe60+0x000000000000021c]
J 20273 c1 org.gradle.internal.execution.steps.AbstractCaptureStateBeforeExecutionStep.captureExecutionState(Lorg/gradle/internal/execution/UnitOfWork;Lorg/gradle/internal/execution/steps/PreviousExecutionContext;)Lorg/gradle/internal/execution/history/BeforeExecutionState; (49 bytes) @ 0x000001da00ae787c [0x000001da00ae6d00+0x0000000000000b7c]
J 20272 c1 org.gradle.internal.execution.steps.AbstractCaptureStateBeforeExecutionStep.execute(Lorg/gradle/internal/execution/UnitOfWork;Lorg/gradle/internal/execution/steps/PreviousExecutionContext;)Lorg/gradle/internal/execution/steps/CachingResult; (41 bytes) @ 0x000001da00b9905c [0x000001da00b98ee0+0x000000000000017c]
J 20271 c1 org.gradle.internal.execution.steps.AbstractCaptureStateBeforeExecutionStep.execute(Lorg/gradle/internal/execution/UnitOfWork;Lorg/gradle/internal/execution/steps/Context;)Lorg/gradle/internal/execution/steps/Result; (10 bytes) @ 0x000001da00e32924 [0x000001da00e32740+0x00000000000001e4]
j  org.gradle.internal.execution.steps.AbstractSkipEmptyWorkStep.executeWithNonEmptySources(Lorg/gradle/internal/execution/UnitOfWork;Lorg/gradle/internal/execution/steps/WorkspaceContext;)Lorg/gradle/internal/execution/steps/CachingResult;+12
j  org.gradle.internal.execution.steps.AbstractSkipEmptyWorkStep.execute(Lorg/gradle/internal/execution/UnitOfWork;Lorg/gradle/internal/execution/steps/WorkspaceContext;)Lorg/gradle/internal/execution/steps/CachingResult;+42
j  org.gradle.internal.execution.steps.AbstractSkipEmptyWorkStep.execute(Lorg/gradle/internal/execution/UnitOfWork;Lorg/gradle/internal/execution/steps/Context;)Lorg/gradle/internal/execution/steps/Result;+6
J 20085 c1 org.gradle.internal.execution.steps.legacy.MarkSnapshottingInputsStartedStep.execute(Lorg/gradle/internal/execution/UnitOfWork;Lorg/gradle/internal/execution/steps/Context;)Lorg/gradle/internal/execution/steps/Result; (37 bytes) @ 0x000001da01b9fe64 [0x000001da01b9fc80+0x00000000000001e4]
j  org.gradle.internal.execution.steps.LoadPreviousExecutionStateStep.execute(Lorg/gradle/internal/execution/UnitOfWork;Lorg/gradle/internal/execution/steps/WorkspaceContext;)Lorg/gradle/internal/execution/steps/AfterExecutionResult;+42
j  org.gradle.internal.execution.steps.LoadPreviousExecutionStateStep.execute(Lorg/gradle/internal/execution/UnitOfWork;Lorg/gradle/internal/execution/steps/Context;)Lorg/gradle/internal/execution/steps/Result;+6
j  org.gradle.internal.execution.steps.HandleStaleOutputsStep.execute(Lorg/gradle/internal/execution/UnitOfWork;Lorg/gradle/internal/execution/steps/WorkspaceContext;)Lorg/gradle/internal/execution/steps/AfterExecutionResult;+21
j  org.gradle.internal.execution.steps.HandleStaleOutputsStep.execute(Lorg/gradle/internal/execution/UnitOfWork;Lorg/gradle/internal/execution/steps/Context;)Lorg/gradle/internal/execution/steps/Result;+6
j  org.gradle.internal.execution.steps.AssignMutableWorkspaceStep.lambda$execute$0(Lorg/gradle/internal/execution/steps/IdentityContext;Lorg/gradle/internal/execution/UnitOfWork;Ljava/io/File;Lorg/gradle/internal/execution/history/ExecutionHistoryStore;)Lorg/gradle/internal/execution/steps/WorkspaceResult;+30
j  org.gradle.internal.execution.steps.AssignMutableWorkspaceStep$$Lambda+0x00000008014b3a18.executeInWorkspace(Ljava/io/File;Lorg/gradle/internal/execution/history/ExecutionHistoryStore;)Ljava/lang/Object;+14
j  org.gradle.api.internal.tasks.execution.TaskExecution$4.withWorkspace(Ljava/lang/String;Lorg/gradle/internal/execution/workspace/MutableWorkspaceProvider$WorkspaceAction;)Ljava/lang/Object;+33
j  org.gradle.internal.execution.steps.AssignMutableWorkspaceStep.execute(Lorg/gradle/internal/execution/UnitOfWork;Lorg/gradle/internal/execution/steps/IdentityContext;)Lorg/gradle/internal/execution/steps/WorkspaceResult;+26
j  org.gradle.internal.execution.steps.AssignMutableWorkspaceStep.execute(Lorg/gradle/internal/execution/UnitOfWork;Lorg/gradle/internal/execution/steps/Context;)Lorg/gradle/internal/execution/steps/Result;+6
J 19049 c1 org.gradle.internal.execution.steps.ChoosePipelineStep.execute(Lorg/gradle/internal/execution/UnitOfWork;Lorg/gradle/internal/execution/steps/IdentityContext;)Lorg/gradle/internal/execution/steps/Result; (71 bytes) @ 0x000001da02463e64 [0x000001da02463820+0x0000000000000644]
J 19526 c1 org.gradle.internal.execution.steps.ChoosePipelineStep.execute(Lorg/gradle/internal/execution/UnitOfWork;Lorg/gradle/internal/execution/steps/Context;)Lorg/gradle/internal/execution/steps/Result; (10 bytes) @ 0x000001da0005103c [0x000001da00050ec0+0x000000000000017c]
j  org.gradle.internal.execution.steps.ExecuteWorkBuildOperationFiringStep.lambda$execute$2(Lorg/gradle/internal/execution/UnitOfWork;Lorg/gradle/internal/execution/steps/IdentityContext;)Lorg/gradle/internal/execution/steps/CachingResult;+6
j  org.gradle.internal.execution.steps.ExecuteWorkBuildOperationFiringStep$$Lambda+0x0000000800658d68.get()Ljava/lang/Object;+12
J 19045 c1 org.gradle.internal.execution.steps.ExecuteWorkBuildOperationFiringStep.execute(Lorg/gradle/internal/execution/UnitOfWork;Lorg/gradle/internal/execution/steps/Context;)Lorg/gradle/internal/execution/steps/Result; (10 bytes) @ 0x000001da02466434 [0x000001da02465440+0x0000000000000ff4]
J 19043 c1 org.gradle.internal.execution.steps.IdentityCacheStep.execute(Lorg/gradle/internal/execution/UnitOfWork;Lorg/gradle/internal/execution/steps/IdentityContext;)Lorg/gradle/internal/execution/steps/WorkspaceResult; (15 bytes) @ 0x000001da02462cd4 [0x000001da02462bc0+0x0000000000000114]
j  org.gradle.internal.execution.steps.IdentityCacheStep.execute(Lorg/gradle/internal/execution/UnitOfWork;Lorg/gradle/internal/execution/steps/Context;)Lorg/gradle/internal/execution/steps/Result;+6
j  org.gradle.internal.execution.steps.IdentifyStep.execute(Lorg/gradle/internal/execution/UnitOfWork;Lorg/gradle/internal/execution/steps/ExecutionRequestContext;)Lorg/gradle/internal/execution/steps/Result;+11
j  org.gradle.internal.execution.steps.IdentifyStep.execute(Lorg/gradle/internal/execution/UnitOfWork;Lorg/gradle/internal/execution/steps/Context;)Lorg/gradle/internal/execution/steps/Result;+6
j  org.gradle.internal.execution.impl.DefaultExecutionEngine$1.execute()Lorg/gradle/internal/execution/ExecutionEngine$Result;+15
j  org.gradle.api.internal.tasks.execution.ExecuteActionsTaskExecuter.executeIfValid(Lorg/gradle/api/internal/TaskInternal;Lorg/gradle/api/internal/tasks/TaskStateInternal;Lorg/gradle/api/internal/tasks/TaskExecutionContext;Lorg/gradle/api/internal/tasks/execution/TaskExecution;)Lorg/gradle/api/internal/tasks/TaskExecuterResult;+54
j  org.gradle.api.internal.tasks.execution.ExecuteActionsTaskExecuter.execute(Lorg/gradle/api/internal/TaskInternal;Lorg/gradle/api/internal/tasks/TaskStateInternal;Lorg/gradle/api/internal/tasks/TaskExecutionContext;)Lorg/gradle/api/internal/tasks/TaskExecuterResult;+65
j  org.gradle.api.internal.tasks.execution.ProblemsTaskPathTrackingTaskExecuter.execute(Lorg/gradle/api/internal/TaskInternal;Lorg/gradle/api/internal/tasks/TaskStateInternal;Lorg/gradle/api/internal/tasks/TaskExecutionContext;)Lorg/gradle/api/internal/tasks/TaskExecuterResult;+19
j  org.gradle.api.internal.tasks.execution.FinalizePropertiesTaskExecuter.execute(Lorg/gradle/api/internal/TaskInternal;Lorg/gradle/api/internal/tasks/TaskStateInternal;Lorg/gradle/api/internal/tasks/TaskExecutionContext;)Lorg/gradle/api/internal/tasks/TaskExecuterResult;+61
j  org.gradle.api.internal.tasks.execution.ResolveTaskExecutionModeExecuter.execute(Lorg/gradle/api/internal/TaskInternal;Lorg/gradle/api/internal/tasks/TaskStateInternal;Lorg/gradle/api/internal/tasks/TaskExecutionContext;)Lorg/gradle/api/internal/tasks/TaskExecuterResult;+56
j  org.gradle.api.internal.tasks.execution.SkipTaskWithNoActionsExecuter.execute(Lorg/gradle/api/internal/TaskInternal;Lorg/gradle/api/internal/tasks/TaskStateInternal;Lorg/gradle/api/internal/tasks/TaskExecutionContext;)Lorg/gradle/api/internal/tasks/TaskExecuterResult;+120
j  org.gradle.api.internal.tasks.execution.SkipOnlyIfTaskExecuter.execute(Lorg/gradle/api/internal/TaskInternal;Lorg/gradle/api/internal/tasks/TaskStateInternal;Lorg/gradle/api/internal/tasks/TaskExecutionContext;)Lorg/gradle/api/internal/tasks/TaskExecuterResult;+199
j  org.gradle.api.internal.tasks.execution.CatchExceptionTaskExecuter.execute(Lorg/gradle/api/internal/TaskInternal;Lorg/gradle/api/internal/tasks/TaskStateInternal;Lorg/gradle/api/internal/tasks/TaskExecutionContext;)Lorg/gradle/api/internal/tasks/TaskExecuterResult;+7
j  org.gradle.api.internal.tasks.execution.EventFiringTaskExecuter$1.executeTask(Lorg/gradle/internal/operations/BuildOperationContext;)Lorg/gradle/api/internal/tasks/TaskExecuterResult;+136
j  org.gradle.api.internal.tasks.execution.EventFiringTaskExecuter$1.call(Lorg/gradle/internal/operations/BuildOperationContext;)Lorg/gradle/api/internal/tasks/TaskExecuterResult;+2
j  org.gradle.api.internal.tasks.execution.EventFiringTaskExecuter$1.call(Lorg/gradle/internal/operations/BuildOperationContext;)Ljava/lang/Object;+2
J 15764 c1 org.gradle.internal.operations.DefaultBuildOperationRunner$CallableBuildOperationWorker.execute(Lorg/gradle/internal/operations/BuildOperation;Lorg/gradle/internal/operations/BuildOperationContext;)V (10 bytes) @ 0x000001da01d7553c [0x000001da01d752e0+0x000000000000025c]
J 26759 c2 org.gradle.internal.operations.DefaultBuildOperationRunner.execute(Lorg/gradle/internal/operations/BuildOperation;Lorg/gradle/internal/operations/BuildOperationWorker;Lorg/gradle/internal/operations/BuildOperationState;)V (23 bytes) @ 0x000001da1135c814 [0x000001da1135b600+0x0000000000001214]
J 15766 c1 org.gradle.internal.operations.DefaultBuildOperationRunner.call(Lorg/gradle/internal/operations/CallableBuildOperation;)Ljava/lang/Object; (24 bytes) @ 0x000001da01d763ec [0x000001da01d75f20+0x00000000000004cc]
j  org.gradle.api.internal.tasks.execution.EventFiringTaskExecuter.execute(Lorg/gradle/api/internal/TaskInternal;Lorg/gradle/api/internal/tasks/TaskStateInternal;Lorg/gradle/api/internal/tasks/TaskExecutionContext;)Lorg/gradle/api/internal/tasks/TaskExecuterResult;+15
j  org.gradle.execution.plan.LocalTaskNodeExecutor.execute(Lorg/gradle/execution/plan/Node;Lorg/gradle/api/internal/tasks/NodeExecutionContext;)Z+87
j  org.gradle.execution.taskgraph.DefaultTaskExecutionGraph$InvokeNodeExecutorsAction.execute(Lorg/gradle/execution/plan/Node;)V+46
j  org.gradle.execution.taskgraph.DefaultTaskExecutionGraph$InvokeNodeExecutorsAction.execute(Ljava/lang/Object;)V+5
j  org.gradle.execution.taskgraph.DefaultTaskExecutionGraph$BuildOperationAwareExecutionAction.lambda$execute$0(Lorg/gradle/execution/plan/Node;)V+5
j  org.gradle.execution.taskgraph.DefaultTaskExecutionGraph$BuildOperationAwareExecutionAction$$Lambda+0x000000080148d6b0.run()V+8
j  org.gradle.internal.operations.CurrentBuildOperationRef.with(Lorg/gradle/internal/operations/BuildOperationRef;Ljava/lang/Runnable;)V+11
j  org.gradle.execution.taskgraph.DefaultTaskExecutionGraph$BuildOperationAwareExecutionAction.execute(Lorg/gradle/execution/plan/Node;)V+14
j  org.gradle.execution.taskgraph.DefaultTaskExecutionGraph$BuildOperationAwareExecutionAction.execute(Ljava/lang/Object;)V+5
j  org.gradle.execution.plan.DefaultPlanExecutor$ExecutorWorker.execute(Ljava/lang/Object;Lorg/gradle/execution/plan/WorkSource;Lorg/gradle/api/Action;)V+14
j  org.gradle.execution.plan.DefaultPlanExecutor$ExecutorWorker.run()V+75
J 9438 c1 org.gradle.internal.concurrent.ExecutorPolicy$CatchAndRecordFailures.onExecute(Ljava/lang/Runnable;)V (29 bytes) @ 0x000001da00f86404 [0x000001da00f862e0+0x0000000000000124]
j  org.gradle.internal.concurrent.AbstractManagedExecutor$1.run()V+25
j  java.util.concurrent.ThreadPoolExecutor.runWorker(Ljava/util/concurrent/ThreadPoolExecutor$Worker;)V+92 java.base@21.0.3
j  java.util.concurrent.ThreadPoolExecutor$Worker.run()V+5 java.base@21.0.3
j  java.lang.Thread.runWith(Ljava/lang/Object;Ljava/lang/Runnable;)V+5 java.base@21.0.3
j  java.lang.Thread.run()V+19 java.base@21.0.3
v  ~StubRoutines::call_stub 0x000001da0fd3100d
--------------------------------------------------------------------------------
Decoding CodeBlob, name: _new_array_nozero_Java, at  [0x000001da0fe46100, 0x000001da0fe46170]  112 bytes
[MachCode]
  0x000001da0fe46100: 4881 ec28 | 0000 0048 | 896c 2420 | 4989 a798 | 0300 0048 | 8bca 418b | d04d 8bc7 | 49ba a078 
  0x000001da0fe46120: f39e f97f | 0000 41ff | d20f 1f84 | 0000 0000 | 004d 89a7 | 9803 0000 | 4d89 a7a0 | 0300 0049 
  0x000001da0fe46140: 8b87 f003 | 0000 4d89 | a7f0 0300 | 004d 3b67 | 0875 0648 | 83c4 205d | c333 db49 | ba00 0fd3 
  0x000001da0fe46160: 0fda 0100 | 0048 83c4 | 205d 41ff | e2f4 f4f4 
[/MachCode]
--------------------------------------------------------------------------------


Compiled method (c2)  743365 2548       4       java.util.Arrays::copyOf (33 bytes)
 total in heap  [0x000001da10409190,0x000001da10409838] = 1704
 relocation     [0x000001da104092f0,0x000001da10409328] = 56
 main code      [0x000001da10409340,0x000001da10409708] = 968
 stub code      [0x000001da10409708,0x000001da10409720] = 24
 metadata       [0x000001da10409720,0x000001da10409730] = 16
 scopes data    [0x000001da10409730,0x000001da10409780] = 80
 scopes pcs     [0x000001da10409780,0x000001da104097f0] = 112
 dependencies   [0x000001da104097f0,0x000001da104097f8] = 8
 handler table  [0x000001da104097f8,0x000001da10409828] = 48
 nul chk table  [0x000001da10409828,0x000001da10409838] = 16

[Constant Pool (empty)]

[MachCode]
[Verified Entry Point]
  # {method} {0x000001da281d73e0} 'copyOf' '([BI)[B' in 'java/util/Arrays'
  # parm0:    rdx:rdx   = '[B'
  # parm1:    r8        = int
  #           [sp+0x70]  (sp of caller)
  0x000001da10409340: 8984 2400 | 80ff ff55 | 4883 ec60 | 4181 7f20 | 1c00 0000 | 0f85 a403 | 0000 4889 | 5424 2044 
  0x000001da10409360: 8b4a 0c4c | 8bd2 4983 | c210 4c89 | 5424 2845 | 3bc1 0f84 | 8501 0000 | 4181 f800 | 0010 000f 
  0x000001da10409380: 8764 0200 | 004d 63d8 | 453b c841 | 8be9 410f | 4fe8 443b | cd0f 82c2 | 0200 0044 | 3bc5 0f82 
  0x000001da104093a0: b902 0000 | 4983 c317 | 4d8b cb49 | 83e1 f841 | 81f8 0000 | 1000 0f87 | d801 0000 | 498b 9fb8 
  0x000001da104093c0: 0100 004c | 8bd3 4d03 | d14d 3b97 | c801 0000 | 0f83 be01 | 0000 4d89 | 97b8 0100 | 0041 0f18 
  0x000001da104093e0: 8200 0100 | 0048 c703 | 0100 0000 | 410f 1882 | 4001 0000 

  0x000001da104093f4: ;   {metadata({type array byte})}
  0x000001da104093f4: c743 0850 | 0a04 0044 | 8943 0c41 | 0f18 8280 | 0100 0048 | 8bd3 4883 | c210 49c1 | eb03 85ed 
  0x000001da10409414: 0f84 d701 | 0000 413b | e87c 4149 | 83c1 f049 | c1e9 0348 | 8b4c 2428 | 4d8b c1c5 | f877 49ba 
  0x000001da10409434: 6081 d60f | da01 0000 

  0x000001da1040943c: ;   {other}
  0x000001da1040943c: 41ff d20f | 1f84 0000 | 0000 0048 | 8bc3 c5f8 | 7748 83c4 

  0x000001da10409450: ;   {poll_return}
  0x000001da10409450: 605d 493b | a750 0400 | 000f 8789 | 0200 00c3 | 4c63 c54d | 8d50 104d | 8bca 4983 | e1f8 488b 
  0x000001da10409470: fb49 03f9 | 49c1 ea03 | 4d2b da49 | 8bcb 4833 | c048 83f9 | 087f 1048 | ffc9 784f | 4889 04cf 
  0x000001da10409490: 48ff c97d | f7eb 44c5 | fdef c0e9 | 0d00 0000 | c5fe 7f07 | c5fe 7f47 | 2048 83c7 | 4048 83e9 
  0x000001da104094b0: 087d ed48 | 83c1 047c | 0cc5 fe7f | 0748 83c7 | 2048 83e9 | 0448 83c1 | 047e 1048 | ffc9 c5f9 
  0x000001da104094d0: d607 4883 | c708 48ff | c97d f348 | 8b4c 2428 | c5f8 7749 | bac0 7ad6 | 0fda 0100 | 0041 ffd2 
  0x000001da104094f0: ;   {other}
  0x000001da104094f0: 0f1f 8400 | 0000 0000 | e94a ffff | ff49 63e9 | 4181 f900 | 0010 000f | 876f 0100 | 0049 8b9f 
  0x000001da10409510: b801 0000 | 4c8d 5517 | 4983 e2f8 | 4c8b db4d | 03da 4d3b | 9fc8 0100 | 000f 834d | 0100 004d 
  0x000001da10409530: 899f b801 | 0000 410f | 1883 0001 | 0000 48c7 | 0301 0000 | 0041 0f18 | 8340 0100 

  0x000001da1040954c: ;   {metadata({type array byte})}
  0x000001da1040954c: 00c7 4308 | 500a 0400 | 4489 4b0c | 410f 1883 | 8001 0000 | 488b d348 | 83c2 1048 | 83c5 0748 
  0x000001da1040956c: c1ed 0348 | 8b4c 2428 | 4c8b c5c5 | f877 49ba | 6081 d60f | da01 0000 

  0x000001da10409584: ;   {other}
  0x000001da10409584: 41ff d20f | 1f84 0000 | 0000 00e9 | b3fe ffff | 4c89 4c24 | 484c 895c | 2440 48ff | 7424 2848 
  0x000001da104095a4: 8f44 2438 | 4489 4424 

  0x000001da104095ac: ;   {metadata({type array byte})}
  0x000001da104095ac: 3048 ba50 | 0a04 0008 | 0000 0090 

  0x000001da104095b8: ;   {runtime_call _new_array_nozero_Java}
  0x000001da104095b8: c5f8 77e8 

  0x000001da104095bc: ; ImmutableOopMap {[32]=Oop [56]=Derived_oop_[32] }
                      ;*newarray {reexecute=0 rethrow=0 return_oop=1}
                      ; - java.util.Arrays::copyOf@15
  0x000001da104095bc: 40cb a3ff 

  0x000001da104095c0: ;   {other}
  0x000001da104095c0: 0f1f 8400 | 3004 0000 | 448b 4424 | 3048 ff74 | 2438 488f | 4424 284c | 8b5c 2440 | 4c8b 4c24 
  0x000001da104095e0: 4848 8bd8 | e91e feff | ff4d 63d8 | e997 fdff | ff49 83c3 | fe49 8bcb | 488b fa48 | 33c0 4883 
  0x000001da10409600: f908 7f10 | 48ff c978 | 4f48 8904 | cf48 ffc9 | 7df7 eb44 | c5fd efc0 | e90d 0000 | 00c5 fe7f 
  0x000001da10409620: 07c5 fe7f | 4720 4883 | c740 4883 | e908 7ded | 4883 c104 | 7c0c c5fe | 7f07 4883 | c720 4883 
  0x000001da10409640: e904 4883 | c104 7e10 | 48ff c9c5 | f9d6 0748 | 83c7 0848 | ffc9 7df3 | e9ea fdff | ffba ccff 
  0x000001da10409660: ffff 488b | 6c24 2044 | 8944 2424 

  0x000001da1040966c: ;   {runtime_call UncommonTrapBlob}
  0x000001da1040966c: c5f8 77e8 

  0x000001da10409670: ; ImmutableOopMap {rbp=Oop }
                      ;*newarray {reexecute=1 rethrow=0 return_oop=0}
                      ; - (reexecute) java.util.Arrays::copyOf@15
  0x000001da10409670: 8caf 97ff 

  0x000001da10409674: ;   {other}
  0x000001da10409674: 0f1f 8400 | e404 0001 

  0x000001da1040967c: ;   {metadata({type array byte})}
  0x000001da1040967c: 48ba 500a | 0400 0800 | 0000 458b | c166 6690 

  0x000001da1040968c: ;   {runtime_call _new_array_nozero_Java}
  0x000001da1040968c: c5f8 77e8 

  0x000001da10409690: ; ImmutableOopMap {[32]=Oop [40]=Derived_oop_[32] }
                      ;*invokevirtual clone {reexecute=1 rethrow=0 return_oop=1}
                      ; - (reexecute) java.util.Arrays::copyOf@7
  0x000001da10409690: 6cca a3ff 

  0x000001da10409694: ;   {other}
  0x000001da10409694: 0f1f 8400 | 0405 0002 | 488b d8e9 | bcfe ffff | baf6 ffff | ff66 6690 

  0x000001da104096ac: ;   {runtime_call UncommonTrapBlob}
  0x000001da104096ac: c5f8 77e8 

  0x000001da104096b0: ; ImmutableOopMap {}
                      ;*arraylength {reexecute=0 rethrow=0 return_oop=0}
                      ; - java.util.Arrays::copyOf@2
  0x000001da104096b0: 4caf 97ff 

  0x000001da104096b4: ;   {other}
  0x000001da104096b4: 0f1f 8400 | 2405 0003 | 488b d0c5 | f877 4883 

  0x000001da104096c4: ;   {runtime_call _rethrow_Java}
  0x000001da104096c4: c460 5de9 | 34ae a3ff | ba97 ffff | ff48 8b6c | 2420 6690 

  0x000001da104096d8: ;   {runtime_call UncommonTrapBlob}
  0x000001da104096d8: c5f8 77e8 

  0x000001da104096dc: ; ImmutableOopMap {rbp=Oop }
                      ;*invokevirtual clone {reexecute=1 rethrow=0 return_oop=0}
                      ; - (reexecute) java.util.Arrays::copyOf@7
  0x000001da104096dc: 20af 97ff 

  0x000001da104096e0: ;   {other}
  0x000001da104096e0: 0f1f 8400 | 5005 0004 

  0x000001da104096e8: ;   {internal_word}
  0x000001da104096e8: 49ba 5294 | 4010 da01 | 0000 4d89 | 9768 0400 

  0x000001da104096f8: ;   {runtime_call SafepointBlob}
  0x000001da104096f8: 00e9 02c0 

  0x000001da104096fc: ;   {runtime_call StubRoutines (final stubs)}
  0x000001da104096fc: 97ff e85d | 0496 ffe9 | 52fc ffff 
[Exception Handler]
  0x000001da10409708: ;   {no_reloc}
  0x000001da10409708: e9f3 8aa3 | ffe8 0000 | 0000 4883 

  0x000001da10409714: ;   {runtime_call DeoptimizationBlob}
  0x000001da10409714: 2c24 05e9 | 84b2 97ff | f4f4 f4f4 
[/MachCode]


Compiled method (c1)  743386 30640       3       kotlin.io.ByteStreamsKt::readBytes (47 bytes)
 total in heap  [0x000001da03cd2210,0x000001da03cd3328] = 4376
 relocation     [0x000001da03cd2370,0x000001da03cd24a0] = 304
 main code      [0x000001da03cd24a0,0x000001da03cd2ec8] = 2600
 stub code      [0x000001da03cd2ec8,0x000001da03cd2f88] = 192
 oops           [0x000001da03cd2f88,0x000001da03cd2fa0] = 24
 metadata       [0x000001da03cd2fa0,0x000001da03cd2fe0] = 64
 scopes data    [0x000001da03cd2fe0,0x000001da03cd3128] = 328
 scopes pcs     [0x000001da03cd3128,0x000001da03cd32d8] = 432
 dependencies   [0x000001da03cd32d8,0x000001da03cd32f0] = 24
 handler table  [0x000001da03cd32f0,0x000001da03cd3308] = 24
 nul chk table  [0x000001da03cd3308,0x000001da03cd3328] = 32

[Constant Pool (empty)]

[MachCode]
[Verified Entry Point]
  # {method} {0x000001da3e12cff0} 'readBytes' '(Ljava/io/InputStream;)[B' in 'kotlin/io/ByteStreamsKt'
  # parm0:    rdx:rdx   = 'java/io/InputStream'
  #           [sp+0xd0]  (sp of caller)
  0x000001da03cd24a0: 8984 2400 | 80ff ff55 | 4881 ecc0 | 0000 0090 | 4181 7f20 | 1c00 0000 

  0x000001da03cd24b8: ;   {runtime_call StubRoutines (final stubs)}
  0x000001da03cd24b8: 7405 e8a1 | 7609 0c48 | 8994 2490 

  0x000001da03cd24c4: ;   {metadata(method data for {method} {0x000001da3e12cff0} 'readBytes' '(Ljava/io/InputStream;)[B' in 'kotlin/io/ByteStreamsKt')}
  0x000001da03cd24c4: 0000 0048 | be08 bd07 | 47da 0100 | 008b becc | 0000 0083 | c702 89be | cc00 0000 | 81e7 fe07 
  0x000001da03cd24e4: 0000 85ff | 0f84 0608 

  0x000001da03cd24ec: ;   {metadata(method data for {method} {0x000001da3e12cff0} 'readBytes' '(Ljava/io/InputStream;)[B' in 'kotlin/io/ByteStreamsKt')}
  0x000001da03cd24ec: 0000 48be | 08bd 0747 | da01 0000 | 4883 8610 | 0100 0001 

  0x000001da03cd2500: ;   {metadata(method data for {method} {0x000001da28a58938} 'checkNotNullParameter' '(Ljava/lang/Object;Ljava/lang/String;)V' in 'kotlin/jvm/internal/Intrinsics')}
  0x000001da03cd2500: 48be c838 | 512a da01 | 0000 8bbe | cc00 0000 | 83c7 0289 | becc 0000 | 0081 e7fe | ff1f 0085 
  0x000001da03cd2520: ff0f 84ee | 0700 0048 

  0x000001da03cd2528: ;   {metadata(method data for {method} {0x000001da28a58938} 'checkNotNullParameter' '(Ljava/lang/Object;Ljava/lang/String;)V' in 'kotlin/jvm/internal/Intrinsics')}
  0x000001da03cd2528: 85d2 48be | c838 512a | da01 0000 | 48bf 1001 | 0000 0000 | 0000 750a | 48bf 2001 | 0000 0000 
  0x000001da03cd2548: 0000 488b | 043e 488d | 4001 4889 | 043e 0f85 | 1802 0000 

  0x000001da03cd255c: ;   {metadata(method data for {method} {0x000001da28a58938} 'checkNotNullParameter' '(Ljava/lang/Object;Ljava/lang/String;)V' in 'kotlin/jvm/internal/Intrinsics')}
  0x000001da03cd255c: 48be c838 | 512a da01 | 0000 4883 | 8630 0100 

  0x000001da03cd256c: ;   {metadata(method data for {method} {0x000001da28a58ae8} 'throwParameterIsNullNPE' '(Ljava/lang/String;)V' in 'kotlin/jvm/internal/Intrinsics')}
  0x000001da03cd256c: 0001 48be | 983c 512a | da01 0000 | 8bbe cc00 | 0000 83c7 | 0289 becc | 0000 0081 | e7fe ff1f 
  0x000001da03cd258c: 0085 ff0f | 84a1 0700 | 0066 6690 

  0x000001da03cd2598: ;   {no_reloc}
  0x000001da03cd2598: e9c9 0700 | 0000 0000 | 0000 498b | 87b8 0100 | 0048 8d78 | 3049 3bbf | c801 0000 | 0f87 b607 
  0x000001da03cd25b8: 0000 4989 | bfb8 0100 | 0048 c700 | 0100 0000 | 488b ca49 | ba00 0000 | 0008 0000 | 0049 2bca 
  0x000001da03cd25d8: 8948 0848 | 33c9 8948 | 0c48 33c9 | 4889 4810 | 4889 4818 | 4889 4820 | 4889 4828 

  0x000001da03cd25f4: ;   {metadata(method data for {method} {0x000001da28a58ae8} 'throwParameterIsNullNPE' '(Ljava/lang/String;)V' in 'kotlin/jvm/internal/Intrinsics')}
  0x000001da03cd25f4: 48ba 983c | 512a da01 | 0000 4883 | 8210 0100 

  0x000001da03cd2604: ;   {oop("<this>"{0x0000000601f738e8})}
  0x000001da03cd2604: 0001 48ba | e838 f701 | 0600 0000 | 4889 8424 | 8800 0000 | 0f1f 8000 

  0x000001da03cd261c: ;   {static_call}
  0x000001da03cd261c: 0000 00e8 

  0x000001da03cd2620: ; ImmutableOopMap {[136]=Oop [144]=Oop }
                      ;*invokestatic createParameterIsNullExceptionMessage {reexecute=0 rethrow=0 return_oop=0}
                      ; - kotlin.jvm.internal.Intrinsics::throwParameterIsNullNPE@5 (line 140)
                      ; - kotlin.jvm.internal.Intrinsics::checkNotNullParameter@5 (line 131)
                      ; - kotlin.io.ByteStreamsKt::readBytes@3
  0x000001da03cd2620: 5cca 0a0c 

  0x000001da03cd2624: ;   {other}
  0x000001da03cd2624: 0f1f 8400 | 1404 0000 | 4c8b 8424 | 8800 0000 

  0x000001da03cd2634: ;   {metadata(method data for {method} {0x000001da28a58ae8} 'throwParameterIsNullNPE' '(Ljava/lang/String;)V' in 'kotlin/jvm/internal/Intrinsics')}
  0x000001da03cd2634: 48ba 983c | 512a da01 | 0000 4883 | 8220 0100 | 0001 4c8b | c048 8b94 | 2488 0000 | 0066 0f1f 
  0x000001da03cd2654: ;   {optimized virtual_call}
  0x000001da03cd2654: 4400 00e8 

  0x000001da03cd2658: ; ImmutableOopMap {[136]=Oop [144]=Oop }
                      ;*invokespecial <init> {reexecute=0 rethrow=0 return_oop=0}
                      ; - kotlin.jvm.internal.Intrinsics::throwParameterIsNullNPE@8 (line 140)
                      ; - kotlin.jvm.internal.Intrinsics::checkNotNullParameter@5 (line 131)
                      ; - kotlin.io.ByteStreamsKt::readBytes@3
  0x000001da03cd2658: 24c4 0a0c 

  0x000001da03cd265c: ;   {other}
  0x000001da03cd265c: 0f1f 8400 | 4c04 0001 

  0x000001da03cd2664: ;   {metadata(method data for {method} {0x000001da28a58ae8} 'throwParameterIsNullNPE' '(Ljava/lang/String;)V' in 'kotlin/jvm/internal/Intrinsics')}
  0x000001da03cd2664: 48ba 983c | 512a da01 | 0000 4883 | 8230 0100 

  0x000001da03cd2674: ;   {metadata(method data for {method} {0x000001da28a59d28} 'sanitizeStackTrace' '(Ljava/lang/Throwable;)Ljava/lang/Throwable;' in 'kotlin/jvm/internal/Intrinsics')}
  0x000001da03cd2674: 0001 48ba | 503e 512a | da01 0000 | 8bb2 cc00 | 0000 83c6 | 0289 b2cc | 0000 0081 | e6fe ff1f 
  0x000001da03cd2694: 0085 f60f | 84e0 0600 

  0x000001da03cd269c: ;   {oop(a 'java/lang/Class'{0x0000000600499288} = 'kotlin/jvm/internal/Intrinsics')}
  0x000001da03cd269c: 0048 ba88 | 9249 0006 | 0000 0048 

  0x000001da03cd26a8: ;   {metadata(method data for {method} {0x000001da28a59d28} 'sanitizeStackTrace' '(Ljava/lang/Throwable;)Ljava/lang/Throwable;' in 'kotlin/jvm/internal/Intrinsics')}
  0x000001da03cd26a8: 8bf2 48bf | 503e 512a | da01 0000 | 4883 8710 | 0100 0001 

  0x000001da03cd26bc: ;   {metadata(method data for {method} {0x000001da28017aa0} 'getName' '()Ljava/lang/String;' in 'java/lang/Class')}
  0x000001da03cd26bc: 48be b88f | 7028 da01 | 0000 8bbe | cc00 0000 | 83c7 0289 | becc 0000 | 0081 e7fe | ff1f 0085 
  0x000001da03cd26dc: ff0f 84bb | 0600 008b | 522c 48c1 | e203 4885 

  0x000001da03cd26ec: ;   {metadata(method data for {method} {0x000001da28017aa0} 'getName' '()Ljava/lang/String;' in 'java/lang/Class')}
  0x000001da03cd26ec: d248 beb8 | 8f70 28da | 0100 0048 | bf10 0100 | 0000 0000 | 0074 0a48 | bf20 0100 | 0000 0000 
  0x000001da03cd270c: 0048 8b1c | 3e48 8d5b | 0148 891c | 3e0f 8418 

  0x000001da03cd271c: ;   {metadata(method data for {method} {0x000001da28017aa0} 'getName' '()Ljava/lang/String;' in 'java/lang/Class')}
  0x000001da03cd271c: 0000 0048 | beb8 8f70 | 28da 0100 | 00ff 8630 | 0100 0048 | 8bf2 e930 

  0x000001da03cd2734: ;   {oop(a 'java/lang/Class'{0x0000000600499288} = 'kotlin/jvm/internal/Intrinsics')}
  0x000001da03cd2734: 0000 0048 | ba88 9249 | 0006 0000 | 0048 8bf2 

  0x000001da03cd2744: ;   {metadata(method data for {method} {0x000001da28017aa0} 'getName' '()Ljava/lang/String;' in 'java/lang/Class')}
  0x000001da03cd2744: 48bf b88f | 7028 da01 | 0000 4883 | 8748 0100 

  0x000001da03cd2754: ;   {optimized virtual_call}
  0x000001da03cd2754: 0001 90e8 

  0x000001da03cd2758: ; ImmutableOopMap {[136]=Oop [144]=Oop }
                      ;*invokevirtual initClassName {reexecute=0 rethrow=0 return_oop=0}
                      ; - java.lang.Class::getName@14
                      ; - kotlin.jvm.internal.Intrinsics::sanitizeStackTrace@3 (line 253)
                      ; - kotlin.jvm.internal.Intrinsics::throwParameterIsNullNPE@11 (line 140)
                      ; - kotlin.jvm.internal.Intrinsics::checkNotNullParameter@5 (line 131)
                      ; - kotlin.io.ByteStreamsKt::readBytes@3
  0x000001da03cd2758: 24c3 0a0c 

  0x000001da03cd275c: ;   {other}
  0x000001da03cd275c: 0f1f 8400 | 4c05 0002 | 488b f048 | 8b84 2488 | 0000 00e9 | 0e04 0000 

  0x000001da03cd2774: ;   {metadata('java/io/ByteArrayOutputStream')}
  0x000001da03cd2774: 488b da48 | ba90 e708 | 0008 0000 | 0049 8b87 | b801 0000 | 488d 7818 | 493b bfc8 | 0100 000f 
  0x000001da03cd2794: 872b 0600 | 0049 89bf | b801 0000 | 48c7 0001 | 0000 0048 | 8bca 49ba | 0000 0000 | 0800 0000 
  0x000001da03cd27b4: 492b ca89 | 4808 4833 | c989 480c | 4833 c948 | 8948 1048 | 3b03 488b 

  0x000001da03cd27cc: ;   {metadata(method data for {method} {0x000001da3e12cff0} 'readBytes' '(Ljava/io/InputStream;)[B' in 'kotlin/io/ByteStreamsKt')}
  0x000001da03cd27cc: d348 be08 | bd07 47da | 0100 008b | 5208 49ba | 0000 0000 | 0800 0000 | 4903 d248 | 3b96 3001 
  0x000001da03cd27ec: 0000 750d | 4883 8638 | 0100 0001 | e960 0000 | 0048 3b96 | 4001 0000 | 750d 4883 | 8648 0100 
  0x000001da03cd280c: 0001 e94a | 0000 0048 | 83be 3001 | 0000 0075 | 1748 8996 | 3001 0000 | 48c7 8638 | 0100 0001 
  0x000001da03cd282c: 0000 00e9 | 2900 0000 | 4883 be40 | 0100 0000 | 7517 4889 | 9640 0100 | 0048 c786 | 4801 0000 
  0x000001da03cd284c: 0100 0000 | e908 0000 | 0048 8386 | 2001 0000 | 0148 8bd3 | 4889 8424 | 9800 0000 | 0f1f 4400 
  0x000001da03cd286c: 0048 b8ff | ffff ffff 

  0x000001da03cd2874: ;   {virtual_call}
  0x000001da03cd2874: ffff ffe8 

  0x000001da03cd2878: ; ImmutableOopMap {[144]=Oop [152]=Oop }
                      ;*invokevirtual available {reexecute=0 rethrow=0 return_oop=0}
                      ; - kotlin.io.ByteStreamsKt::readBytes@14 (line 135)
  0x000001da03cd2878: 9c70 1c0c 

  0x000001da03cd287c: ;   {other}
  0x000001da03cd287c: 0f1f 8400 | 6c06 0003 

  0x000001da03cd2884: ;   {metadata(method data for {method} {0x000001da3e12cff0} 'readBytes' '(Ljava/io/InputStream;)[B' in 'kotlin/io/ByteStreamsKt')}
  0x000001da03cd2884: 49b8 08bd | 0747 da01 | 0000 4983 | 8058 0100 

  0x000001da03cd2894: ;   {metadata(method data for {method} {0x000001da28197db8} 'max' '(II)I' in 'java/lang/Math')}
  0x000001da03cd2894: 0001 49b8 | d0bb 4d28 | da01 0000 | 418b 90cc | 0000 0083 | c202 4189 | 90cc 0000 | 0081 e2fe 
  0x000001da03cd28b4: ff1f 0085 | d20f 8417 | 0500 003d | 0020 0000 

  0x000001da03cd28c4: ;   {metadata(method data for {method} {0x000001da28197db8} 'max' '(II)I' in 'java/lang/Math')}
  0x000001da03cd28c4: 49b8 d0bb | 4d28 da01 | 0000 48ba | 1001 0000 | 0000 0000 | 7f0a 48ba | 2001 0000 | 0000 0000 
  0x000001da03cd28e4: 498b 3410 | 488d 7601 | 4989 3410 | 0f8f 1600 

  0x000001da03cd28f4: ;   {metadata(method data for {method} {0x000001da28197db8} 'max' '(II)I' in 'java/lang/Math')}
  0x000001da03cd28f4: 0000 49b8 | d0bb 4d28 | da01 0000 | 41ff 8030 | 0100 00b8 | 0020 0000 | 4c8b 8424 | 9800 0000 
  0x000001da03cd2914: ;   {metadata(method data for {method} {0x000001da3e12cff0} 'readBytes' '(Ljava/io/InputStream;)[B' in 'kotlin/io/ByteStreamsKt')}
  0x000001da03cd2914: 48ba 08bd | 0747 da01 | 0000 4883 | 8268 0100 | 0001 4c8b | c048 8b94 | 2498 0000 | 0066 0f1f 
  0x000001da03cd2934: ;   {optimized virtual_call}
  0x000001da03cd2934: 4400 00e8 

  0x000001da03cd2938: ; ImmutableOopMap {[144]=Oop [152]=Oop }
                      ;*invokespecial <init> {reexecute=0 rethrow=0 return_oop=0}
                      ; - kotlin.io.ByteStreamsKt::readBytes@20 (line 135)
  0x000001da03cd2938: 8435 a50c 

  0x000001da03cd293c: ;   {other}
  0x000001da03cd293c: 0f1f 8400 | 2c07 0004 

  0x000001da03cd2944: ;   {metadata(method data for {method} {0x000001da3e12cff0} 'readBytes' '(Ljava/io/InputStream;)[B' in 'kotlin/io/ByteStreamsKt')}
  0x000001da03cd2944: 48ba 08bd | 0747 da01 | 0000 4883 | 82b0 0100 

  0x000001da03cd2954: ;   {metadata(method data for {method} {0x000001da3e12ccc8} 'copyTo$default' '(Ljava/io/InputStream;Ljava/io/OutputStream;IILjava/lang/Object;)J' in 'kotlin/io/ByteStreamsKt')}
  0x000001da03cd2954: 0001 48ba | 0040 1247 | da01 0000 | 448b 82cc | 0000 0041 | 83c0 0244 | 8982 cc00 | 0000 4181 
  0x000001da03cd2974: e0fe ff1f | 0045 85c0 | 0f84 7504 

  0x000001da03cd2980: ;   {metadata(method data for {method} {0x000001da3e12ccc8} 'copyTo$default' '(Ljava/io/InputStream;Ljava/io/OutputStream;IILjava/lang/Object;)J' in 'kotlin/io/ByteStreamsKt')}
  0x000001da03cd2980: 0000 48ba | 0040 1247 | da01 0000 | ff82 2001 

  0x000001da03cd2990: ;   {metadata(method data for {method} {0x000001da3e12ccc8} 'copyTo$default' '(Ljava/io/InputStream;Ljava/io/OutputStream;IILjava/lang/Object;)J' in 'kotlin/io/ByteStreamsKt')}
  0x000001da03cd2990: 0000 48ba | 0040 1247 | da01 0000 | 4883 8230 | 0100 0001 | 488b 9424 | 9000 0000 | 4c8b 8424 
  0x000001da03cd29b0: 9800 0000 | 41b9 0020 | 0000 0f1f 

  0x000001da03cd29bc: ;   {static_call}
  0x000001da03cd29bc: 4400 00e8 

  0x000001da03cd29c0: ; ImmutableOopMap {[152]=Oop }
                      ;*invokestatic copyTo {reexecute=0 rethrow=0 return_oop=0}
                      ; - kotlin.io.ByteStreamsKt::copyTo$default@13 (line 103)
                      ; - kotlin.io.ByteStreamsKt::readBytes@32 (line 136)
  0x000001da03cd29c0: 9c97 f5ff 

  0x000001da03cd29c4: ;   {other}
  0x000001da03cd29c4: 0f1f 8400 | b407 0005 | 488b 9424 | 9800 0000 

  0x000001da03cd29d4: ;   {metadata(method data for {method} {0x000001da3e12cff0} 'readBytes' '(Ljava/io/InputStream;)[B' in 'kotlin/io/ByteStreamsKt')}
  0x000001da03cd29d4: 488b c249 | b808 bd07 | 47da 0100 | 008b 4008 | 49ba 0000 | 0000 0800 | 0000 4903 | c249 3b80 
  0x000001da03cd29f4: d001 0000 | 750d 4983 | 80d8 0100 | 0001 e960 | 0000 0049 | 3b80 e001 | 0000 750d | 4983 80e8 
  0x000001da03cd2a14: 0100 0001 | e94a 0000 | 0049 83b8 | d001 0000 | 0075 1749 | 8980 d001 | 0000 49c7 | 80d8 0100 
  0x000001da03cd2a34: 0001 0000 | 00e9 2900 | 0000 4983 | b8e0 0100 | 0000 7517 | 4989 80e0 | 0100 0049 | c780 e801 
  0x000001da03cd2a54: 0000 0100 | 0000 e908 | 0000 0049 | 8380 c001 | 0000 014c | 8d84 24a8 | 0000 0049 | 8950 0848 
  0x000001da03cd2a74: 8b02 4883 | c801 4989 | 00f0 4c0f | b102 0f84 | 1200 0000 | 482b c448 | 2507 f0ff | ff49 8900 
  0x000001da03cd2a94: 0f85 7e03 | 0000 49ff | 8750 0500 

  0x000001da03cd2aa0: ;   {metadata(method data for {method} {0x000001da28576570} 'toByteArray' '()[B' in 'java/io/ByteArrayOutputStream')}
  0x000001da03cd2aa0: 0049 b858 | c1dd 2ada | 0100 0041 | 8bb0 cc00 | 0000 83c6 | 0241 89b0 | cc00 0000 | 81e6 feff 
  0x000001da03cd2ac0: 1f00 85f6 | 0f84 6103 | 0000 448b | 4210 49c1 | e003 8b72 

  0x000001da03cd2ad4: ;   {metadata(method data for {method} {0x000001da28576570} 'toByteArray' '()[B' in 'java/io/ByteArrayOutputStream')}
  0x000001da03cd2ad4: 0c48 ba58 | c1dd 2ada | 0100 0048 | 8382 1001 | 0000 0149 | 8bd0 4c8b 

  0x000001da03cd2aec: ;   {static_call}
  0x000001da03cd2aec: c666 90e8 

  0x000001da03cd2af0: ; ImmutableOopMap {[176]=Oop }
                      ;*invokestatic copyOf {reexecute=0 rethrow=0 return_oop=0}
                      ; - java.io.ByteArrayOutputStream::toByteArray@8
                      ; - kotlin.io.ByteStreamsKt::readBytes@37 (line 137)
  0x000001da03cd2af0: 4c68 730c 

  0x000001da03cd2af4: ;   {other}
  0x000001da03cd2af4: 0f1f 8400 | e408 0006 | 488b f048 | 8d84 24a8 | 0000 0048 | 8b10 4885 | d20f 840f | 0000 004c 
  0x000001da03cd2b14: 8b40 08f0 | 490f b110 | 0f85 2a03 | 0000 49ff | 8f50 0500 

  0x000001da03cd2b28: ;   {metadata(method data for {method} {0x000001da3e12cff0} 'readBytes' '(Ljava/io/InputStream;)[B' in 'kotlin/io/ByteStreamsKt')}
  0x000001da03cd2b28: 0048 ba08 | bd07 47da | 0100 0048 | 8382 f801 | 0000 0148 

  0x000001da03cd2b3c: ;   {oop("toByteArray(...)"{0x0000000602b89770})}
  0x000001da03cd2b3c: 8bd6 49b8 | 7097 b802 | 0600 0000 | 4889 b424 | a000 0000 | 0f1f 8000 

  0x000001da03cd2b54: ;   {static_call}
  0x000001da03cd2b54: 0000 00e8 

  0x000001da03cd2b58: ; ImmutableOopMap {[160]=Oop }
                      ;*invokestatic checkNotNullExpressionValue {reexecute=0 rethrow=0 return_oop=0}
                      ; - kotlin.io.ByteStreamsKt::readBytes@43 (line 137)
  0x000001da03cd2b58: c4e9 960c 

  0x000001da03cd2b5c: ;   {other}
  0x000001da03cd2b5c: 0f1f 8400 | 4c09 0007 | 488b 8424 | a000 0000 | 4881 c4c0 | 0000 005d 

  0x000001da03cd2b74: ;   {poll_return}
  0x000001da03cd2b74: 493b a750 | 0400 000f | 87e1 0200 

  0x000001da03cd2b80: ;   {metadata(method data for {method} {0x000001da28a59d28} 'sanitizeStackTrace' '(Ljava/lang/Throwable;)Ljava/lang/Throwable;' in 'kotlin/jvm/internal/Intrinsics')}
  0x000001da03cd2b80: 00c3 48ba | 503e 512a | da01 0000 | 4883 8248 | 0100 0001 | 488b d04c | 8bc6 0f1f 

  0x000001da03cd2b9c: ;   {static_call}
  0x000001da03cd2b9c: 4400 00e8 

  0x000001da03cd2ba0: ; ImmutableOopMap {[144]=Oop }
                      ;*invokestatic sanitizeStackTrace {reexecute=0 rethrow=0 return_oop=0}
                      ; - kotlin.jvm.internal.Intrinsics::sanitizeStackTrace@6 (line 253)
                      ; - kotlin.jvm.internal.Intrinsics::throwParameterIsNullNPE@11 (line 140)
                      ; - kotlin.jvm.internal.Intrinsics::checkNotNullParameter@5 (line 131)
                      ; - kotlin.io.ByteStreamsKt::readBytes@3
  0x000001da03cd2ba0: dcc4 0a0c 

  0x000001da03cd2ba4: ;   {other}
  0x000001da03cd2ba4: 0f1f 8400 | 9409 0008 | 488b 9424 | 9000 0000 | 4885 c075 

  0x000001da03cd2bb8: ;   {metadata(method data for {method} {0x000001da28a58ae8} 'throwParameterIsNullNPE' '(Ljava/lang/String;)V' in 'kotlin/jvm/internal/Intrinsics')}
  0x000001da03cd2bb8: 1648 bf98 | 3c51 2ada | 0100 0080 | 8f39 0100 | 0001 e9cd 

  0x000001da03cd2bcc: ;   {metadata('java/lang/NullPointerException')}
  0x000001da03cd2bcc: 0000 0048 | bb78 d505 | 0008 0000 | 008b 7808 | 49ba 0000 | 0000 0800 | 0000 4903 | fa48 3b5f 
  0x000001da03cd2bec: 500f 858d 

  0x000001da03cd2bf0: ;   {metadata(method data for {method} {0x000001da28a58ae8} 'throwParameterIsNullNPE' '(Ljava/lang/String;)V' in 'kotlin/jvm/internal/Intrinsics')}
  0x000001da03cd2bf0: 0000 0048 | bf98 3c51 | 2ada 0100 | 008b 5808 | 49ba 0000 | 0000 0800 | 0000 4903 | da48 3b9f 
  0x000001da03cd2c10: 5001 0000 | 750d 4883 | 8758 0100 | 0001 e979 | 0000 0048 | 3b9f 6001 | 0000 750d | 4883 8768 
  0x000001da03cd2c30: 0100 0001 | e963 0000 | 0048 83bf | 5001 0000 | 0075 1748 | 899f 5001 | 0000 48c7 | 8758 0100 
  0x000001da03cd2c50: 0001 0000 | 00e9 4200 | 0000 4883 | bf60 0100 | 0000 7517 | 4889 9f60 | 0100 0048 | c787 6801 
  0x000001da03cd2c70: 0000 0100 | 0000 e921 | 0000 00e9 | 1c00 0000 

  0x000001da03cd2c80: ;   {metadata(method data for {method} {0x000001da28a58ae8} 'throwParameterIsNullNPE' '(Ljava/lang/String;)V' in 'kotlin/jvm/internal/Intrinsics')}
  0x000001da03cd2c80: 48bf 983c | 512a da01 | 0000 4883 | af40 0100 | 0001 e9e1 | 0100 00e9 | 0000 0000 

  0x000001da03cd2c9c: ; implicit exception: dispatches to 0x000001da03cd2e81
  0x000001da03cd2c9c: 483b 00e9 | 1502 0000 | 498b 8700 | 0500 004d | 33d2 4d89 | 9700 0500 | 004d 33d2 | 4d89 9708 
  0x000001da03cd2cbc: 0500 0048 | 8bf0 488d | 8424 a800 | 0000 488b | 3848 85ff | 0f84 0f00 | 0000 488b | 5808 f048 
  0x000001da03cd2cdc: 0fb1 3b0f | 85a1 0100 | 0049 ff8f | 5005 0000 | 488b c6e9 | c501 0000 

  0x000001da03cd2cf4: ;   {metadata({method} {0x000001da3e12cff0} 'readBytes' '(Ljava/io/InputStream;)[B' in 'kotlin/io/ByteStreamsKt')}
  0x000001da03cd2cf4: 49ba e8cf | 123e da01 | 0000 4c89 | 5424 0848 | c704 24ff 

  0x000001da03cd2d08: ;   {runtime_call counter_overflow Runtime1 stub}
  0x000001da03cd2d08: ffff ffe8 

  0x000001da03cd2d0c: ; ImmutableOopMap {rdx=Oop [144]=Oop }
                      ;*synchronization entry
                      ; - kotlin.io.ByteStreamsKt::readBytes@-1
  0x000001da03cd2d0c: 70df 160c | e9d9 f7ff 

  0x000001da03cd2d14: ;   {metadata({method} {0x000001da28a58938} 'checkNotNullParameter' '(Ljava/lang/Object;Ljava/lang/String;)V' in 'kotlin/jvm/internal/Intrinsics')}
  0x000001da03cd2d14: ff49 ba30 | 89a5 28da | 0100 004c | 8954 2408 | 48c7 0424 | ffff ffff 

  0x000001da03cd2d2c: ;   {runtime_call counter_overflow Runtime1 stub}
  0x000001da03cd2d2c: e84f df16 

  0x000001da03cd2d30: ; ImmutableOopMap {rdx=Oop [144]=Oop }
                      ;*synchronization entry
                      ; - kotlin.jvm.internal.Intrinsics::checkNotNullParameter@-1 (line 130)
                      ; - kotlin.io.ByteStreamsKt::readBytes@3
  0x000001da03cd2d30: 0ce9 f1f7 

  0x000001da03cd2d34: ;   {metadata({method} {0x000001da28a58ae8} 'throwParameterIsNullNPE' '(Ljava/lang/String;)V' in 'kotlin/jvm/internal/Intrinsics')}
  0x000001da03cd2d34: ffff 49ba | e08a a528 | da01 0000 | 4c89 5424 | 0848 c704 | 24ff ffff 

  0x000001da03cd2d4c: ;   {runtime_call counter_overflow Runtime1 stub}
  0x000001da03cd2d4c: ffe8 2edf 

  0x000001da03cd2d50: ; ImmutableOopMap {[144]=Oop }
                      ;*synchronization entry
                      ; - kotlin.jvm.internal.Intrinsics::throwParameterIsNullNPE@-1 (line 140)
                      ; - kotlin.jvm.internal.Intrinsics::checkNotNullParameter@5 (line 131)
                      ; - kotlin.io.ByteStreamsKt::readBytes@3
  0x000001da03cd2d50: 160c e93e 

  0x000001da03cd2d54: ;   {metadata(nullptr)}
  0x000001da03cd2d54: f8ff ff48 | ba00 0000 | 0000 0000 | 00b8 000f 

  0x000001da03cd2d64: ;   {runtime_call load_klass_patching Runtime1 stub}
  0x000001da03cd2d64: 050a e895 

  0x000001da03cd2d68: ; ImmutableOopMap {[144]=Oop }
                      ;*new {reexecute=1 rethrow=0 return_oop=0}
                      ; - (reexecute) kotlin.jvm.internal.Intrinsics::throwParameterIsNullNPE@0 (line 140)
                      ; - kotlin.jvm.internal.Intrinsics::checkNotNullParameter@5 (line 131)
                      ; - kotlin.io.ByteStreamsKt::readBytes@3
  0x000001da03cd2d68: ce16 0ce9 | 28f8 ffff 

  0x000001da03cd2d70: ;   {runtime_call fast_new_instance Runtime1 stub}
  0x000001da03cd2d70: 488b d2e8 

  0x000001da03cd2d74: ; ImmutableOopMap {[144]=Oop }
                      ;*new {reexecute=0 rethrow=0 return_oop=0}
                      ; - kotlin.jvm.internal.Intrinsics::throwParameterIsNullNPE@0 (line 140)
                      ; - kotlin.jvm.internal.Intrinsics::checkNotNullParameter@5 (line 131)
                      ; - kotlin.io.ByteStreamsKt::readBytes@3
  0x000001da03cd2d74: 0897 160c | e977 f8ff 

  0x000001da03cd2d7c: ;   {metadata({method} {0x000001da28a59d28} 'sanitizeStackTrace' '(Ljava/lang/Throwable;)Ljava/lang/Throwable;' in 'kotlin/jvm/internal/Intrinsics')}
  0x000001da03cd2d7c: ff49 ba20 | 9da5 28da | 0100 004c | 8954 2408 | 48c7 0424 | ffff ffff 

  0x000001da03cd2d94: ;   {runtime_call counter_overflow Runtime1 stub}
  0x000001da03cd2d94: e8e7 de16 

  0x000001da03cd2d98: ; ImmutableOopMap {[136]=Oop [144]=Oop }
                      ;*synchronization entry
                      ; - kotlin.jvm.internal.Intrinsics::sanitizeStackTrace@-1 (line 253)
                      ; - kotlin.jvm.internal.Intrinsics::throwParameterIsNullNPE@11 (line 140)
                      ; - kotlin.jvm.internal.Intrinsics::checkNotNullParameter@5 (line 131)
                      ; - kotlin.io.ByteStreamsKt::readBytes@3
  0x000001da03cd2d98: 0ce9 fff8 

  0x000001da03cd2d9c: ;   {metadata({method} {0x000001da28017aa0} 'getName' '()Ljava/lang/String;' in 'java/lang/Class')}
  0x000001da03cd2d9c: ffff 49ba | 987a 0128 | da01 0000 | 4c89 5424 | 0848 c704 | 24ff ffff 

  0x000001da03cd2db4: ;   {runtime_call counter_overflow Runtime1 stub}
  0x000001da03cd2db4: ffe8 c6de 

  0x000001da03cd2db8: ; ImmutableOopMap {rdx=Oop [136]=Oop [144]=Oop }
                      ;*synchronization entry
                      ; - java.lang.Class::getName@-1
                      ; - kotlin.jvm.internal.Intrinsics::sanitizeStackTrace@3 (line 253)
                      ; - kotlin.jvm.internal.Intrinsics::throwParameterIsNullNPE@11 (line 140)
                      ; - kotlin.jvm.internal.Intrinsics::checkNotNullParameter@5 (line 131)
                      ; - kotlin.io.ByteStreamsKt::readBytes@3
  0x000001da03cd2db8: 160c e924 

  0x000001da03cd2dbc: ;   {runtime_call throw_null_pointer_exception Runtime1 stub}
  0x000001da03cd2dbc: f9ff ffe8 

  0x000001da03cd2dc0: ; ImmutableOopMap {[136]=Oop [144]=Oop }
                      ;*getfield name {reexecute=1 rethrow=0 return_oop=0}
                      ; - (reexecute) java.lang.Class::getName@1
                      ; - kotlin.jvm.internal.Intrinsics::sanitizeStackTrace@3 (line 253)
                      ; - kotlin.jvm.internal.Intrinsics::throwParameterIsNullNPE@11 (line 140)
                      ; - kotlin.jvm.internal.Intrinsics::checkNotNullParameter@5 (line 131)
                      ; - kotlin.io.ByteStreamsKt::readBytes@3
  0x000001da03cd2dc0: bc8d 160c 

  0x000001da03cd2dc4: ;   {runtime_call fast_new_instance Runtime1 stub}
  0x000001da03cd2dc4: 488b d2e8 

  0x000001da03cd2dc8: ; ImmutableOopMap {rbx=Oop [144]=Oop }
                      ;*new {reexecute=0 rethrow=0 return_oop=0}
                      ; - kotlin.io.ByteStreamsKt::readBytes@6 (line 135)
  0x000001da03cd2dc8: b496 160c | e9f6 f9ff 

  0x000001da03cd2dd0: ;   {runtime_call throw_null_pointer_exception Runtime1 stub}
  0x000001da03cd2dd0: ffe8 aa8d 

  0x000001da03cd2dd4: ; ImmutableOopMap {rbx=Oop rax=Oop [144]=Oop }
                      ;*invokevirtual available {reexecute=0 rethrow=0 return_oop=0}
                      ; - kotlin.io.ByteStreamsKt::readBytes@14 (line 135)
                      ;   {metadata({method} {0x000001da28197db8} 'max' '(II)I' in 'java/lang/Math')}
  0x000001da03cd2dd4: 160c 49ba | b07d 1928 | da01 0000 | 4c89 5424 | 0848 c704 | 24ff ffff 

  0x000001da03cd2dec: ;   {runtime_call counter_overflow Runtime1 stub}
  0x000001da03cd2dec: ffe8 8ede 

  0x000001da03cd2df0: ; ImmutableOopMap {[144]=Oop [152]=Oop }
                      ;*synchronization entry
                      ; - java.lang.Math::max@-1
                      ; - kotlin.io.ByteStreamsKt::readBytes@17 (line 135)
  0x000001da03cd2df0: 160c e9c8 

  0x000001da03cd2df4: ;   {metadata({method} {0x000001da3e12ccc8} 'copyTo$default' '(Ljava/io/InputStream;Ljava/io/OutputStream;IILjava/lang/Object;)J' in 'kotlin/io/ByteStreamsKt')}
  0x000001da03cd2df4: faff ff49 | bac0 cc12 | 3eda 0100 | 004c 8954 | 2408 48c7 | 0424 ffff 

  0x000001da03cd2e0c: ;   {runtime_call counter_overflow Runtime1 stub}
  0x000001da03cd2e0c: ffff e86d 

  0x000001da03cd2e10: ; ImmutableOopMap {[144]=Oop [152]=Oop }
                      ;*synchronization entry
                      ; - kotlin.io.ByteStreamsKt::copyTo$default@-1 (line 103)
                      ; - kotlin.io.ByteStreamsKt::readBytes@32 (line 136)
  0x000001da03cd2e10: de16 0ce9 | 6afb ffff | 4889 5424 | 084c 8904 

  0x000001da03cd2e20: ;   {runtime_call monitorenter_nofpu Runtime1 stub}
  0x000001da03cd2e20: 24e8 5abd 

  0x000001da03cd2e24: ; ImmutableOopMap {rdx=Oop [176]=Oop }
                      ;*synchronization entry
                      ; - java.io.ByteArrayOutputStream::toByteArray@-1
                      ; - kotlin.io.ByteStreamsKt::readBytes@37 (line 137)
  0x000001da03cd2e24: 160c e976 

  0x000001da03cd2e28: ;   {metadata({method} {0x000001da28576570} 'toByteArray' '()[B' in 'java/io/ByteArrayOutputStream')}
  0x000001da03cd2e28: fcff ff49 | ba68 6557 | 28da 0100 | 004c 8954 | 2408 48c7 | 0424 ffff 

  0x000001da03cd2e40: ;   {runtime_call counter_overflow Runtime1 stub}
  0x000001da03cd2e40: ffff e839 

  0x000001da03cd2e44: ; ImmutableOopMap {rdx=Oop [176]=Oop }
                      ;*synchronization entry
                      ; - java.io.ByteArrayOutputStream::toByteArray@-1
                      ; - kotlin.io.ByteStreamsKt::readBytes@37 (line 137)
  0x000001da03cd2e44: de16 0ce9 | 7efc ffff | 488d 8424 | a800 0000 | 4889 0424 

  0x000001da03cd2e58: ;   {runtime_call monitorexit_nofpu Runtime1 stub}
  0x000001da03cd2e58: e823 c316 | 0ce9 c7fc 

  0x000001da03cd2e60: ;   {internal_word}
  0x000001da03cd2e60: ffff 49ba | 742b cd03 | da01 0000 | 4d89 9768 

  0x000001da03cd2e70: ;   {runtime_call SafepointBlob}
  0x000001da03cd2e70: 0400 00e9 | 8828 0b0c | 4889 0424 

  0x000001da03cd2e7c: ;   {runtime_call throw_class_cast_exception Runtime1 stub}
  0x000001da03cd2e7c: e8ff b016 

  0x000001da03cd2e80: ; ImmutableOopMap {rdx=Oop [144]=Oop }
                      ;*checkcast {reexecute=0 rethrow=0 return_oop=0}
                      ; - kotlin.jvm.internal.Intrinsics::throwParameterIsNullNPE@14 (line 140)
                      ; - kotlin.jvm.internal.Intrinsics::checkNotNullParameter@5 (line 131)
                      ; - kotlin.io.ByteStreamsKt::readBytes@3
                      ;   {runtime_call throw_null_pointer_exception Runtime1 stub}
  0x000001da03cd2e80: 0ce8 fa8c 

  0x000001da03cd2e84: ; ImmutableOopMap {rdx=Oop rax=Oop [144]=Oop }
                      ;*athrow {reexecute=1 rethrow=0 return_oop=0}
                      ; - (reexecute) kotlin.jvm.internal.Intrinsics::throwParameterIsNullNPE@17 (line 140)
                      ; - kotlin.jvm.internal.Intrinsics::checkNotNullParameter@5 (line 131)
                      ; - kotlin.io.ByteStreamsKt::readBytes@3
  0x000001da03cd2e84: 160c 488d | 8424 a800 | 0000 4889 

  0x000001da03cd2e90: ;   {runtime_call monitorexit_nofpu Runtime1 stub}
  0x000001da03cd2e90: 0424 e8e9 | c216 0ce9 | 50fe ffff | 498b 8700 | 0500 0049 | c787 0005 | 0000 0000 | 0000 49c7 
  0x000001da03cd2eb0: 8708 0500 | 0000 0000 | 0048 81c4 | c000 0000 

  0x000001da03cd2ec0: ;   {runtime_call unwind_exception Runtime1 stub}
  0x000001da03cd2ec0: 5de9 ba7d | 160c f4f4 
[Stub Code]
  0x000001da03cd2ec8: ;   {no_reloc}
  0x000001da03cd2ec8: 0f1f 4400 

  0x000001da03cd2ecc: ;   {static_stub}
  0x000001da03cd2ecc: 0048 bb00 | 0000 0000 

  0x000001da03cd2ed4: ;   {runtime_call}
  0x000001da03cd2ed4: 0000 00e9 | fbff ffff 

  0x000001da03cd2edc: ;   {static_stub}
  0x000001da03cd2edc: 48bb 0000 | 0000 0000 

  0x000001da03cd2ee4: ;   {runtime_call}
  0x000001da03cd2ee4: 0000 e9fb 

  0x000001da03cd2ee8: ;   {static_stub}
  0x000001da03cd2ee8: ffff ff48 | bb00 0000 | 0000 0000 

  0x000001da03cd2ef4: ;   {runtime_call}
  0x000001da03cd2ef4: 00e9 fbff 

  0x000001da03cd2ef8: ;   {static_stub}
  0x000001da03cd2ef8: ffff 48bb | 0000 0000 | 0000 0000 

  0x000001da03cd2f04: ;   {runtime_call}
  0x000001da03cd2f04: e9fb ffff 

  0x000001da03cd2f08: ;   {static_stub}
  0x000001da03cd2f08: ff48 bb00 | 0000 0000 

  0x000001da03cd2f10: ;   {runtime_call}
  0x000001da03cd2f10: 0000 00e9 | fbff ffff 

  0x000001da03cd2f18: ;   {static_stub}
  0x000001da03cd2f18: 48bb 0000 | 0000 0000 

  0x000001da03cd2f20: ;   {runtime_call}
  0x000001da03cd2f20: 0000 e9fb 

  0x000001da03cd2f24: ;   {static_stub}
  0x000001da03cd2f24: ffff ff48 | bb00 0000 | 0000 0000 

  0x000001da03cd2f30: ;   {runtime_call}
  0x000001da03cd2f30: 00e9 fbff 

  0x000001da03cd2f34: ;   {static_stub}
  0x000001da03cd2f34: ffff 48bb | 0000 0000 | 0000 0000 

  0x000001da03cd2f40: ;   {runtime_call}
  0x000001da03cd2f40: e9fb ffff 

  0x000001da03cd2f44: ;   {static_stub}
  0x000001da03cd2f44: ff48 bb00 | 0000 0000 

  0x000001da03cd2f4c: ;   {runtime_call}
  0x000001da03cd2f4c: 0000 00e9 | fbff ffff 
[Exception Handler]
  0x000001da03cd2f54: ;   {runtime_call handle_exception_from_callee Runtime1 stub}
  0x000001da03cd2f54: e827 aa16 

  0x000001da03cd2f58: ;   {external_word}
  0x000001da03cd2f58: 0c48 b9c0 | 3f14 9ff9 | 7f00 0048 

  0x000001da03cd2f64: ;   {runtime_call}
  0x000001da03cd2f64: 83e4 f048 | b800 2ee3 | 9ef9 7f00 | 00ff d0f4 
[Deopt Handler Code]
  0x000001da03cd2f74: ;   {section_word}
  0x000001da03cd2f74: 49ba 742f | cd03 da01 | 0000 4152 

  0x000001da03cd2f80: ;   {runtime_call DeoptimizationBlob}
  0x000001da03cd2f80: e91b 1a0b | 0cf4 f4f4 
[/MachCode]


---------------  P R O C E S S  ---------------

Threads class SMR info:
_java_thread_list=0x000001da4113aba0, length=190, elements={
0x000001da76d35db0, 0x000001da7f466040, 0x000001da7f466aa0, 0x000001da7f446b70,
0x000001da7f4485e0, 0x000001da7f453a80, 0x000001da7f454c80, 0x000001da7f476d00,
0x000001da7f49c370, 0x000001da7f591f10, 0x000001da2c072010, 0x000001da2d96e9d0,
0x000001da2c6ac090, 0x000001da2c4d9860, 0x000001da2ce5e9f0, 0x000001da2dbf7760,
0x000001da2dc294c0, 0x000001da2dc2b590, 0x000001da2dc2a1e0, 0x000001da2dc2a870,
0x000001da2dc2af00, 0x000001da2dc28110, 0x000001da2dc287a0, 0x000001da2dc29b50,
0x000001da313c7a20, 0x000001da313c52c0, 0x000001da313c6d00, 0x000001da313c5950,
0x000001da313c80b0, 0x000001da313c4c30, 0x000001da313c9af0, 0x000001da313cbbc0,
0x000001da313cb530, 0x000001da2eef9740, 0x000001da2eef9dd0, 0x000001da325755a0,
0x000001da32afa720, 0x000001da32afd510, 0x000001da32afc7f0, 0x000001da32afb440,
0x000001da32afbad0, 0x000001da32afc160, 0x000001da32afdba0, 0x000001da32afe230,
0x000001da32afce80, 0x000001da32afadb0, 0x000001da32aff5e0, 0x000001da32afe8c0,
0x000001da32b01d40, 0x000001da32b00300, 0x000001da32afef50, 0x000001da32b00990,
0x000001da32b01020, 0x000001da32affc70, 0x000001da32b016b0, 0x000001da32c8e880,
0x000001da32c8ef10, 0x000001da32c902c0, 0x000001da32c90fe0, 0x000001da32c8f5a0,
0x000001da32c930b0, 0x000001da32c91670, 0x000001da32c91d00, 0x000001da32c92a20,
0x000001da32c8fc30, 0x000001da32c92390, 0x000001da32c93740, 0x000001da32c93dd0,
0x000001da3bd33730, 0x000001da3bd30fd0, 0x000001da3bd31cf0, 0x000001da3bd32380,
0x000001da3bd32a10, 0x000001da3bd330a0, 0x000001da3b78ffa0, 0x000001da3b793ab0,
0x000001da3b7919e0, 0x000001da3b792070, 0x000001da3b790630, 0x000001da3b792700,
0x000001da3b794140, 0x000001da3b790cc0, 0x000001da3b7954f0, 0x000001da3b795b80,
0x000001da3b794e60, 0x000001da3b7947d0, 0x000001da3b796210, 0x000001da3b793420,
0x000001da3b796f30, 0x000001da3b7975c0, 0x000001da3b8a7920, 0x000001da3b8a6c00,
0x000001da3b8a51c0, 0x000001da3b8a7290, 0x000001da3b8a44a0, 0x000001da3b8a7fb0,
0x000001da3b8a6570, 0x000001da3b8a4b30, 0x000001da3b8a8640, 0x000001da3b8a8cd0,
0x000001da3b8a9360, 0x000001da3b8a5ee0, 0x000001da3b8ab430, 0x000001da3b8a99f0,
0x000001da3b8aa710, 0x000001da3b8aa080, 0x000001da3b8aada0, 0x000001da3b8abac0,
0x000001da3c8f9060, 0x000001da3c8fb130, 0x000001da3c8faaa0, 0x000001da3c8fcb70,
0x000001da3c8f96f0, 0x000001da3c8fa410, 0x000001da3c8fb7c0, 0x000001da3c8fc4e0,
0x000001da3c8f9d80, 0x000001da3c8fd200, 0x000001da3c8ff2d0, 0x000001da3c8fbe50,
0x000001da3c902750, 0x000001da3c901a30, 0x000001da3c906260, 0x000001da3c904190,
0x000001da3c905bd0, 0x000001da3c903470, 0x000001da3c906f80, 0x000001da3c908330,
0x000001da3c904eb0, 0x000001da3321df60, 0x000001da332206c0, 0x000001da3321ec80,
0x000001da3321f9a0, 0x000001da332213e0, 0x000001da33220d50, 0x000001da33220030,
0x000001da33221a70, 0x000001da3321f310, 0x000001da3321e5f0, 0x000001da33222790,
0x000001da33225580, 0x000001da332234b0, 0x000001da33222100, 0x000001da332241d0,
0x000001da33224ef0, 0x000001da33222e20, 0x000001da33225c10, 0x000001da33224860,
0x000001da33223b40, 0x000001da332262a0, 0x000001da33226fc0, 0x000001da33228a00,
0x000001da33228370, 0x000001da33227650, 0x000001da33229db0, 0x000001da33227ce0,
0x000001da33229090, 0x000001da33229720, 0x000001da33226930, 0x000001da3322b7f0,
0x000001da3322a440, 0x000001da330cdec0, 0x000001da3158f610, 0x000001da3158fca0,
0x000001da31590330, 0x000001da315909c0, 0x000001da3158d540, 0x000001da3158e260,
0x000001da31593e40, 0x000001da31591d70, 0x000001da31594b60, 0x000001da315951f0,
0x000001da31592400, 0x000001da315944d0, 0x000001da315965a0, 0x000001da31595880,
0x000001da31595f10, 0x000001da31593120, 0x000001da31596c30, 0x000001da3bd30940,
0x000001da3bd2db50, 0x000001da3bd31660, 0x000001da3bd2e1e0, 0x000001da3c8fe5b0,
0x000001da3c902de0, 0x000001da3c907610, 0x000001da330c8970, 0x000001da330cff90,
0x000001da3b791350, 0x000001da2eef34d0
}

Java Threads: ( => current thread )
  0x000001da76d35db0 JavaThread "main"                              [_thread_blocked, id=22364, stack(0x000000d783000000,0x000000d783100000) (1024K)]
  0x000001da7f466040 JavaThread "Reference Handler"          daemon [_thread_blocked, id=33496, stack(0x000000d783800000,0x000000d783900000) (1024K)]
  0x000001da7f466aa0 JavaThread "Finalizer"                  daemon [_thread_blocked, id=20288, stack(0x000000d783900000,0x000000d783a00000) (1024K)]
  0x000001da7f446b70 JavaThread "Signal Dispatcher"          daemon [_thread_blocked, id=33504, stack(0x000000d783a00000,0x000000d783b00000) (1024K)]
  0x000001da7f4485e0 JavaThread "Attach Listener"            daemon [_thread_blocked, id=28460, stack(0x000000d783b00000,0x000000d783c00000) (1024K)]
  0x000001da7f453a80 JavaThread "Service Thread"             daemon [_thread_blocked, id=27576, stack(0x000000d783c00000,0x000000d783d00000) (1024K)]
  0x000001da7f454c80 JavaThread "Monitor Deflation Thread"   daemon [_thread_blocked, id=17012, stack(0x000000d783d00000,0x000000d783e00000) (1024K)]
  0x000001da7f476d00 JavaThread "C2 CompilerThread0"         daemon [_thread_blocked, id=5652, stack(0x000000d783e00000,0x000000d783f00000) (1024K)]
  0x000001da7f49c370 JavaThread "C1 CompilerThread0"         daemon [_thread_blocked, id=11944, stack(0x000000d783f00000,0x000000d784000000) (1024K)]
  0x000001da7f591f10 JavaThread "Common-Cleaner"             daemon [_thread_blocked, id=12368, stack(0x000000d784000000,0x000000d784100000) (1024K)]
  0x000001da2c072010 JavaThread "Notification Thread"        daemon [_thread_blocked, id=7980, stack(0x000000d784100000,0x000000d784200000) (1024K)]
  0x000001da2d96e9d0 JavaThread "Daemon health stats"               [_thread_blocked, id=20332, stack(0x000000d784800000,0x000000d784900000) (1024K)]
  0x000001da2c6ac090 JavaThread "Incoming local TCP Connector on port 60324"        [_thread_in_native, id=34016, stack(0x000000d784900000,0x000000d784a00000) (1024K)]
  0x000001da2c4d9860 JavaThread "Daemon periodic checks"            [_thread_blocked, id=33088, stack(0x000000d784a00000,0x000000d784b00000) (1024K)]
  0x000001da2ce5e9f0 JavaThread "Daemon"                            [_thread_blocked, id=8484, stack(0x000000d784b00000,0x000000d784c00000) (1024K)]
  0x000001da2dbf7760 JavaThread "Handler for socket connection from /127.0.0.1:60324 to /127.0.0.1:60325"        [_thread_in_native, id=25336, stack(0x000000d784c00000,0x000000d784d00000) (1024K)]
  0x000001da2dc294c0 JavaThread "Cancel handler"                    [_thread_blocked, id=24704, stack(0x000000d784d00000,0x000000d784e00000) (1024K)]
  0x000001da2dc2b590 JavaThread "Daemon worker"                     [_thread_blocked, id=8148, stack(0x000000d784e00000,0x000000d784f00000) (1024K)]
  0x000001da2dc2a1e0 JavaThread "Asynchronous log dispatcher for DefaultDaemonConnection: socket connection from /127.0.0.1:60324 to /127.0.0.1:60325"        [_thread_blocked, id=22400, stack(0x000000d784f00000,0x000000d785000000) (1024K)]
  0x000001da2dc2a870 JavaThread "Stdin handler"                     [_thread_blocked, id=19960, stack(0x000000d785000000,0x000000d785100000) (1024K)]
  0x000001da2dc2af00 JavaThread "Daemon client event forwarder"        [_thread_blocked, id=22688, stack(0x000000d785100000,0x000000d785200000) (1024K)]
  0x000001da2dc28110 JavaThread "Cache worker for journal cache (C:\Users\Nash\.gradle\caches\journal-1)"        [_thread_blocked, id=29236, stack(0x000000d784600000,0x000000d784700000) (1024K)]
  0x000001da2dc287a0 JavaThread "File lock request listener"        [_thread_in_native, id=20740, stack(0x000000d785800000,0x000000d785900000) (1024K)]
  0x000001da2dc29b50 JavaThread "Cache worker for file hash cache (C:\Users\Nash\.gradle\caches\8.12\fileHashes)"        [_thread_blocked, id=9880, stack(0x000000d785900000,0x000000d785a00000) (1024K)]
  0x000001da313c7a20 JavaThread "Cache worker for file hash cache (E:\4thYear_Capstone\Flutter\lakbyke_mobile\android\.gradle\8.12\fileHashes)"        [_thread_blocked, id=29872, stack(0x000000d785c00000,0x000000d785d00000) (1024K)]
  0x000001da313c52c0 JavaThread "Cache worker for Build Output Cleanup Cache (E:\4thYear_Capstone\Flutter\lakbyke_mobile\android\.gradle\buildOutputCleanup)"        [_thread_blocked, id=13540, stack(0x000000d785d00000,0x000000d785e00000) (1024K)]
  0x000001da313c6d00 JavaThread "File watcher server"        daemon [_thread_in_native, id=32860, stack(0x000000d785e00000,0x000000d785f00000) (1024K)]
  0x000001da313c5950 JavaThread "File watcher consumer"      daemon [_thread_blocked, id=792, stack(0x000000d785f00000,0x000000d786000000) (1024K)]
  0x000001da313c80b0 JavaThread "Cache worker for checksums cache (E:\4thYear_Capstone\Flutter\lakbyke_mobile\android\.gradle\8.12\checksums)"        [_thread_blocked, id=8676, stack(0x000000d786000000,0x000000d786100000) (1024K)]
  0x000001da313c4c30 JavaThread "Cache worker for file content cache (C:\Users\Nash\.gradle\caches\8.12\fileContent)"        [_thread_blocked, id=26596, stack(0x000000d786100000,0x000000d786200000) (1024K)]
  0x000001da313c9af0 JavaThread "Cache worker for cache directory md-rule (C:\Users\Nash\.gradle\caches\8.12\md-rule)"        [_thread_blocked, id=26604, stack(0x000000d786200000,0x000000d786300000) (1024K)]
  0x000001da313cbbc0 JavaThread "Cache worker for cache directory md-supplier (C:\Users\Nash\.gradle\caches\8.12\md-supplier)"        [_thread_blocked, id=5060, stack(0x000000d786300000,0x000000d786400000) (1024K)]
  0x000001da313cb530 JavaThread "Cache worker for Build Output Cleanup Cache (C:\flutter\packages\flutter_tools\gradle\.gradle\buildOutputCleanup)"        [_thread_blocked, id=23004, stack(0x000000d786400000,0x000000d786500000) (1024K)]
  0x000001da2eef9740 JavaThread "Unconstrained build operations"        [_thread_blocked, id=13856, stack(0x000000d786600000,0x000000d786700000) (1024K)]
  0x000001da2eef9dd0 JavaThread "Unconstrained build operations Thread 2"        [_thread_blocked, id=17320, stack(0x000000d786700000,0x000000d786800000) (1024K)]
  0x000001da325755a0 JavaThread "Unconstrained build operations Thread 3"        [_thread_blocked, id=33704, stack(0x000000d786800000,0x000000d786900000) (1024K)]
  0x000001da32afa720 JavaThread "Unconstrained build operations Thread 4"        [_thread_blocked, id=20928, stack(0x000000d786900000,0x000000d786a00000) (1024K)]
  0x000001da32afd510 JavaThread "Unconstrained build operations Thread 5"        [_thread_blocked, id=34644, stack(0x000000d786a00000,0x000000d786b00000) (1024K)]
  0x000001da32afc7f0 JavaThread "Unconstrained build operations Thread 6"        [_thread_blocked, id=34780, stack(0x000000d786b00000,0x000000d786c00000) (1024K)]
  0x000001da32afb440 JavaThread "Unconstrained build operations Thread 7"        [_thread_blocked, id=7024, stack(0x000000d786c00000,0x000000d786d00000) (1024K)]
  0x000001da32afbad0 JavaThread "Unconstrained build operations Thread 8"        [_thread_blocked, id=9380, stack(0x000000d786d00000,0x000000d786e00000) (1024K)]
  0x000001da32afc160 JavaThread "Unconstrained build operations Thread 9"        [_thread_blocked, id=21740, stack(0x000000d786e00000,0x000000d786f00000) (1024K)]
  0x000001da32afdba0 JavaThread "Unconstrained build operations Thread 10"        [_thread_blocked, id=20228, stack(0x000000d786f00000,0x000000d787000000) (1024K)]
  0x000001da32afe230 JavaThread "Unconstrained build operations Thread 11"        [_thread_blocked, id=3076, stack(0x000000d787000000,0x000000d787100000) (1024K)]
  0x000001da32afce80 JavaThread "Unconstrained build operations Thread 12"        [_thread_blocked, id=18944, stack(0x000000d787100000,0x000000d787200000) (1024K)]
  0x000001da32afadb0 JavaThread "Unconstrained build operations Thread 13"        [_thread_blocked, id=3352, stack(0x000000d787200000,0x000000d787300000) (1024K)]
  0x000001da32aff5e0 JavaThread "Unconstrained build operations Thread 14"        [_thread_blocked, id=20988, stack(0x000000d787300000,0x000000d787400000) (1024K)]
  0x000001da32afe8c0 JavaThread "Unconstrained build operations Thread 15"        [_thread_blocked, id=22536, stack(0x000000d787400000,0x000000d787500000) (1024K)]
  0x000001da32b01d40 JavaThread "Unconstrained build operations Thread 16"        [_thread_blocked, id=22212, stack(0x000000d787500000,0x000000d787600000) (1024K)]
  0x000001da32b00300 JavaThread "Unconstrained build operations Thread 17"        [_thread_blocked, id=24960, stack(0x000000d787600000,0x000000d787700000) (1024K)]
  0x000001da32afef50 JavaThread "Unconstrained build operations Thread 18"        [_thread_blocked, id=8296, stack(0x000000d787700000,0x000000d787800000) (1024K)]
  0x000001da32b00990 JavaThread "Unconstrained build operations Thread 19"        [_thread_blocked, id=17044, stack(0x000000d787800000,0x000000d787900000) (1024K)]
  0x000001da32b01020 JavaThread "Unconstrained build operations Thread 20"        [_thread_blocked, id=19832, stack(0x000000d787900000,0x000000d787a00000) (1024K)]
  0x000001da32affc70 JavaThread "Unconstrained build operations Thread 21"        [_thread_blocked, id=33184, stack(0x000000d787a00000,0x000000d787b00000) (1024K)]
  0x000001da32b016b0 JavaThread "Unconstrained build operations Thread 22"        [_thread_blocked, id=32568, stack(0x000000d787b00000,0x000000d787c00000) (1024K)]
  0x000001da32c8e880 JavaThread "Unconstrained build operations Thread 23"        [_thread_blocked, id=34744, stack(0x000000d787c00000,0x000000d787d00000) (1024K)]
  0x000001da32c8ef10 JavaThread "Unconstrained build operations Thread 24"        [_thread_blocked, id=5368, stack(0x000000d787d00000,0x000000d787e00000) (1024K)]
  0x000001da32c902c0 JavaThread "Unconstrained build operations Thread 25"        [_thread_blocked, id=27856, stack(0x000000d787e00000,0x000000d787f00000) (1024K)]
  0x000001da32c90fe0 JavaThread "Unconstrained build operations Thread 26"        [_thread_blocked, id=25756, stack(0x000000d787f00000,0x000000d788000000) (1024K)]
  0x000001da32c8f5a0 JavaThread "Unconstrained build operations Thread 27"        [_thread_blocked, id=4528, stack(0x000000d788000000,0x000000d788100000) (1024K)]
  0x000001da32c930b0 JavaThread "Unconstrained build operations Thread 28"        [_thread_blocked, id=33508, stack(0x000000d788100000,0x000000d788200000) (1024K)]
  0x000001da32c91670 JavaThread "Unconstrained build operations Thread 29"        [_thread_blocked, id=32080, stack(0x000000d788200000,0x000000d788300000) (1024K)]
  0x000001da32c91d00 JavaThread "Unconstrained build operations Thread 30"        [_thread_blocked, id=2296, stack(0x000000d788300000,0x000000d788400000) (1024K)]
  0x000001da32c92a20 JavaThread "Unconstrained build operations Thread 31"        [_thread_blocked, id=27284, stack(0x000000d788400000,0x000000d788500000) (1024K)]
  0x000001da32c8fc30 JavaThread "Unconstrained build operations Thread 32"        [_thread_blocked, id=12072, stack(0x000000d788500000,0x000000d788600000) (1024K)]
  0x000001da32c92390 JavaThread "Unconstrained build operations Thread 33"        [_thread_blocked, id=31224, stack(0x000000d788600000,0x000000d788700000) (1024K)]
  0x000001da32c93740 JavaThread "Memory manager"                    [_thread_blocked, id=14380, stack(0x000000d788700000,0x000000d788800000) (1024K)]
  0x000001da32c93dd0 JavaThread "build event listener"              [_thread_blocked, id=33168, stack(0x000000d788800000,0x000000d788900000) (1024K)]
  0x000001da3bd33730 JavaThread "Execution worker"                  [_thread_blocked, id=9480, stack(0x000000d788a00000,0x000000d788b00000) (1024K)]
=>0x000001da3bd30fd0 JavaThread "Execution worker Thread 2"         [_thread_in_vm, id=2356, stack(0x000000d788b00000,0x000000d788c00000) (1024K)]
  0x000001da3bd31cf0 JavaThread "Execution worker Thread 3"         [_thread_blocked, id=29636, stack(0x000000d788c00000,0x000000d788d00000) (1024K)]
  0x000001da3bd32380 JavaThread "Execution worker Thread 4"         [_thread_blocked, id=34076, stack(0x000000d788d00000,0x000000d788e00000) (1024K)]
  0x000001da3bd32a10 JavaThread "Execution worker Thread 5"         [_thread_blocked, id=30944, stack(0x000000d788e00000,0x000000d788f00000) (1024K)]
  0x000001da3bd330a0 JavaThread "Execution worker Thread 6"         [_thread_blocked, id=28200, stack(0x000000d788f00000,0x000000d789000000) (1024K)]
  0x000001da3b78ffa0 JavaThread "Execution worker Thread 7"         [_thread_blocked, id=26860, stack(0x000000d789000000,0x000000d789100000) (1024K)]
  0x000001da3b793ab0 JavaThread "Execution worker Thread 8"         [_thread_blocked, id=17488, stack(0x000000d789100000,0x000000d789200000) (1024K)]
  0x000001da3b7919e0 JavaThread "Execution worker Thread 9"         [_thread_blocked, id=9892, stack(0x000000d789200000,0x000000d789300000) (1024K)]
  0x000001da3b792070 JavaThread "Execution worker Thread 10"        [_thread_blocked, id=21332, stack(0x000000d789300000,0x000000d789400000) (1024K)]
  0x000001da3b790630 JavaThread "Execution worker Thread 11"        [_thread_blocked, id=20704, stack(0x000000d789400000,0x000000d789500000) (1024K)]
  0x000001da3b792700 JavaThread "Cache worker for execution history cache (C:\flutter\packages\flutter_tools\gradle\.gradle\8.12\executionHistory)"        [_thread_blocked, id=13440, stack(0x000000d789500000,0x000000d789600000) (1024K)]
  0x000001da3b794140 JavaThread "Unconstrained build operations Thread 34"        [_thread_blocked, id=33072, stack(0x000000d785b00000,0x000000d785c00000) (1024K)]
  0x000001da3b790cc0 JavaThread "Unconstrained build operations Thread 35"        [_thread_blocked, id=29956, stack(0x000000d786500000,0x000000d786600000) (1024K)]
  0x000001da3b7954f0 JavaThread "Unconstrained build operations Thread 36"        [_thread_blocked, id=15216, stack(0x000000d789600000,0x000000d789700000) (1024K)]
  0x000001da3b795b80 JavaThread "Unconstrained build operations Thread 37"        [_thread_blocked, id=30084, stack(0x000000d789800000,0x000000d789900000) (1024K)]
  0x000001da3b794e60 JavaThread "Unconstrained build operations Thread 38"        [_thread_blocked, id=19560, stack(0x000000d789900000,0x000000d789a00000) (1024K)]
  0x000001da3b7947d0 JavaThread "Unconstrained build operations Thread 39"        [_thread_blocked, id=16620, stack(0x000000d789a00000,0x000000d789b00000) (1024K)]
  0x000001da3b796210 JavaThread "Unconstrained build operations Thread 40"        [_thread_blocked, id=15240, stack(0x000000d789b00000,0x000000d789c00000) (1024K)]
  0x000001da3b793420 JavaThread "Unconstrained build operations Thread 41"        [_thread_blocked, id=10456, stack(0x000000d789700000,0x000000d789800000) (1024K)]
  0x000001da3b796f30 JavaThread "Unconstrained build operations Thread 42"        [_thread_blocked, id=5428, stack(0x000000d789c00000,0x000000d789d00000) (1024K)]
  0x000001da3b7975c0 JavaThread "Unconstrained build operations Thread 43"        [_thread_blocked, id=14248, stack(0x000000d789d00000,0x000000d789e00000) (1024K)]
  0x000001da3b8a7920 JavaThread "Unconstrained build operations Thread 44"        [_thread_blocked, id=14988, stack(0x000000d789e00000,0x000000d789f00000) (1024K)]
  0x000001da3b8a6c00 JavaThread "Unconstrained build operations Thread 45"        [_thread_blocked, id=32488, stack(0x000000d789f00000,0x000000d78a000000) (1024K)]
  0x000001da3b8a51c0 JavaThread "Unconstrained build operations Thread 46"        [_thread_blocked, id=34608, stack(0x000000d78a000000,0x000000d78a100000) (1024K)]
  0x000001da3b8a7290 JavaThread "Unconstrained build operations Thread 47"        [_thread_blocked, id=18844, stack(0x000000d78a100000,0x000000d78a200000) (1024K)]
  0x000001da3b8a44a0 JavaThread "Unconstrained build operations Thread 48"        [_thread_blocked, id=29608, stack(0x000000d78a200000,0x000000d78a300000) (1024K)]
  0x000001da3b8a7fb0 JavaThread "Unconstrained build operations Thread 49"        [_thread_blocked, id=27564, stack(0x000000d78a300000,0x000000d78a400000) (1024K)]
  0x000001da3b8a6570 JavaThread "Unconstrained build operations Thread 50"        [_thread_blocked, id=192, stack(0x000000d78a400000,0x000000d78a500000) (1024K)]
  0x000001da3b8a4b30 JavaThread "Unconstrained build operations Thread 51"        [_thread_blocked, id=24628, stack(0x000000d78a500000,0x000000d78a600000) (1024K)]
  0x000001da3b8a8640 JavaThread "Unconstrained build operations Thread 52"        [_thread_blocked, id=4052, stack(0x000000d78a800000,0x000000d78a900000) (1024K)]
  0x000001da3b8a8cd0 JavaThread "Unconstrained build operations Thread 53"        [_thread_blocked, id=8388, stack(0x000000d78a900000,0x000000d78aa00000) (1024K)]
  0x000001da3b8a9360 JavaThread "Unconstrained build operations Thread 54"        [_thread_blocked, id=34116, stack(0x000000d78aa00000,0x000000d78ab00000) (1024K)]
  0x000001da3b8a5ee0 JavaThread "Unconstrained build operations Thread 55"        [_thread_blocked, id=352, stack(0x000000d78ab00000,0x000000d78ac00000) (1024K)]
  0x000001da3b8ab430 JavaThread "Unconstrained build operations Thread 56"        [_thread_blocked, id=26824, stack(0x000000d78ac00000,0x000000d78ad00000) (1024K)]
  0x000001da3b8a99f0 JavaThread "Unconstrained build operations Thread 57"        [_thread_blocked, id=22284, stack(0x000000d78ad00000,0x000000d78ae00000) (1024K)]
  0x000001da3b8aa710 JavaThread "Unconstrained build operations Thread 58"        [_thread_blocked, id=17356, stack(0x000000d78ae00000,0x000000d78af00000) (1024K)]
  0x000001da3b8aa080 JavaThread "Unconstrained build operations Thread 59"        [_thread_blocked, id=5244, stack(0x000000d78af00000,0x000000d78b000000) (1024K)]
  0x000001da3b8aada0 JavaThread "Unconstrained build operations Thread 60"        [_thread_blocked, id=24416, stack(0x000000d78b000000,0x000000d78b100000) (1024K)]
  0x000001da3b8abac0 JavaThread "Unconstrained build operations Thread 61"        [_thread_blocked, id=28584, stack(0x000000d78b100000,0x000000d78b200000) (1024K)]
  0x000001da3c8f9060 JavaThread "Unconstrained build operations Thread 62"        [_thread_blocked, id=30088, stack(0x000000d78b200000,0x000000d78b300000) (1024K)]
  0x000001da3c8fb130 JavaThread "Unconstrained build operations Thread 63"        [_thread_blocked, id=22576, stack(0x000000d78b300000,0x000000d78b400000) (1024K)]
  0x000001da3c8faaa0 JavaThread "Unconstrained build operations Thread 64"        [_thread_blocked, id=20816, stack(0x000000d78b400000,0x000000d78b500000) (1024K)]
  0x000001da3c8fcb70 JavaThread "Unconstrained build operations Thread 65"        [_thread_blocked, id=29572, stack(0x000000d78b500000,0x000000d78b600000) (1024K)]
  0x000001da3c8f96f0 JavaThread "Unconstrained build operations Thread 66"        [_thread_blocked, id=18704, stack(0x000000d78b600000,0x000000d78b700000) (1024K)]
  0x000001da3c8fa410 JavaThread "Unconstrained build operations Thread 67"        [_thread_blocked, id=3236, stack(0x000000d78b700000,0x000000d78b800000) (1024K)]
  0x000001da3c8fb7c0 JavaThread "Unconstrained build operations Thread 68"        [_thread_blocked, id=5012, stack(0x000000d78b800000,0x000000d78b900000) (1024K)]
  0x000001da3c8fc4e0 JavaThread "Unconstrained build operations Thread 69"        [_thread_blocked, id=14024, stack(0x000000d78b900000,0x000000d78ba00000) (1024K)]
  0x000001da3c8f9d80 JavaThread "Unconstrained build operations Thread 70"        [_thread_blocked, id=22440, stack(0x000000d78ba00000,0x000000d78bb00000) (1024K)]
  0x000001da3c8fd200 JavaThread "Unconstrained build operations Thread 71"        [_thread_blocked, id=32144, stack(0x000000d78bb00000,0x000000d78bc00000) (1024K)]
  0x000001da3c8ff2d0 JavaThread "Unconstrained build operations Thread 72"        [_thread_blocked, id=16456, stack(0x000000d78bc00000,0x000000d78bd00000) (1024K)]
  0x000001da3c8fbe50 JavaThread "Unconstrained build operations Thread 73"        [_thread_blocked, id=15816, stack(0x000000d78bd00000,0x000000d78be00000) (1024K)]
  0x000001da3c902750 JavaThread "Unconstrained build operations Thread 74"        [_thread_blocked, id=21208, stack(0x000000d782e00000,0x000000d782f00000) (1024K)]
  0x000001da3c901a30 JavaThread "Unconstrained build operations Thread 75"        [_thread_blocked, id=20608, stack(0x000000d782f00000,0x000000d783000000) (1024K)]
  0x000001da3c906260 JavaThread "WorkerExecutor Queue"              [_thread_blocked, id=13772, stack(0x000000d78be00000,0x000000d78bf00000) (1024K)]
  0x000001da3c904190 JavaThread "RMI Scheduler(0)"           daemon [_thread_blocked, id=21300, stack(0x000000d782d00000,0x000000d782e00000) (1024K)]
  0x000001da3c905bd0 JavaThread "RMI GC Daemon"              daemon [_thread_blocked, id=3668, stack(0x000000d78c000000,0x000000d78c100000) (1024K)]
  0x000001da3c903470 JavaThread "RMI TCP Accept-0"           daemon [_thread_in_native, id=31936, stack(0x000000d78c100000,0x000000d78c200000) (1024K)]
  0x000001da3c906f80 JavaThread "RMI Reaper"                        [_thread_blocked, id=25380, stack(0x000000d78c200000,0x000000d78c300000) (1024K)]
  0x000001da3c908330 JavaThread "Unconstrained build operations Thread 76"        [_thread_blocked, id=27212, stack(0x000000d78c500000,0x000000d78c600000) (1024K)]
  0x000001da3c904eb0 JavaThread "Unconstrained build operations Thread 77"        [_thread_blocked, id=32180, stack(0x000000d78c600000,0x000000d78c700000) (1024K)]
  0x000001da3321df60 JavaThread "Unconstrained build operations Thread 78"        [_thread_blocked, id=20636, stack(0x000000d78c700000,0x000000d78c800000) (1024K)]
  0x000001da332206c0 JavaThread "Unconstrained build operations Thread 79"        [_thread_blocked, id=30904, stack(0x000000d78c800000,0x000000d78c900000) (1024K)]
  0x000001da3321ec80 JavaThread "Unconstrained build operations Thread 80"        [_thread_blocked, id=27268, stack(0x000000d78c900000,0x000000d78ca00000) (1024K)]
  0x000001da3321f9a0 JavaThread "Unconstrained build operations Thread 81"        [_thread_blocked, id=29208, stack(0x000000d78ca00000,0x000000d78cb00000) (1024K)]
  0x000001da332213e0 JavaThread "Unconstrained build operations Thread 82"        [_thread_blocked, id=23604, stack(0x000000d78cb00000,0x000000d78cc00000) (1024K)]
  0x000001da33220d50 JavaThread "Unconstrained build operations Thread 83"        [_thread_blocked, id=14396, stack(0x000000d78cc00000,0x000000d78cd00000) (1024K)]
  0x000001da33220030 JavaThread "Unconstrained build operations Thread 84"        [_thread_blocked, id=22924, stack(0x000000d78cd00000,0x000000d78ce00000) (1024K)]
  0x000001da33221a70 JavaThread "Unconstrained build operations Thread 85"        [_thread_blocked, id=14216, stack(0x000000d78ce00000,0x000000d78cf00000) (1024K)]
  0x000001da3321f310 JavaThread "Unconstrained build operations Thread 86"        [_thread_blocked, id=2612, stack(0x000000d78cf00000,0x000000d78d000000) (1024K)]
  0x000001da3321e5f0 JavaThread "Unconstrained build operations Thread 87"        [_thread_blocked, id=19732, stack(0x000000d78c400000,0x000000d78c500000) (1024K)]
  0x000001da33222790 JavaThread "Unconstrained build operations Thread 88"        [_thread_blocked, id=24724, stack(0x000000d78d000000,0x000000d78d100000) (1024K)]
  0x000001da33225580 JavaThread "Unconstrained build operations Thread 89"        [_thread_blocked, id=4580, stack(0x000000d78d100000,0x000000d78d200000) (1024K)]
  0x000001da332234b0 JavaThread "Unconstrained build operations Thread 90"        [_thread_blocked, id=31128, stack(0x000000d78d200000,0x000000d78d300000) (1024K)]
  0x000001da33222100 JavaThread "Unconstrained build operations Thread 91"        [_thread_blocked, id=25300, stack(0x000000d78d300000,0x000000d78d400000) (1024K)]
  0x000001da332241d0 JavaThread "Unconstrained build operations Thread 92"        [_thread_blocked, id=23508, stack(0x000000d78d400000,0x000000d78d500000) (1024K)]
  0x000001da33224ef0 JavaThread "Unconstrained build operations Thread 93"        [_thread_blocked, id=29336, stack(0x000000d78d500000,0x000000d78d600000) (1024K)]
  0x000001da33222e20 JavaThread "Unconstrained build operations Thread 94"        [_thread_blocked, id=12788, stack(0x000000d78d600000,0x000000d78d700000) (1024K)]
  0x000001da33225c10 JavaThread "Unconstrained build operations Thread 95"        [_thread_blocked, id=26172, stack(0x000000d78d700000,0x000000d78d800000) (1024K)]
  0x000001da33224860 JavaThread "Unconstrained build operations Thread 96"        [_thread_blocked, id=2640, stack(0x000000d78d800000,0x000000d78d900000) (1024K)]
  0x000001da33223b40 JavaThread "Unconstrained build operations Thread 97"        [_thread_blocked, id=2360, stack(0x000000d78d900000,0x000000d78da00000) (1024K)]
  0x000001da332262a0 JavaThread "Unconstrained build operations Thread 98"        [_thread_blocked, id=14292, stack(0x000000d78da00000,0x000000d78db00000) (1024K)]
  0x000001da33226fc0 JavaThread "Unconstrained build operations Thread 99"        [_thread_blocked, id=24432, stack(0x000000d78db00000,0x000000d78dc00000) (1024K)]
  0x000001da33228a00 JavaThread "Unconstrained build operations Thread 100"        [_thread_blocked, id=25164, stack(0x000000d78dc00000,0x000000d78dd00000) (1024K)]
  0x000001da33228370 JavaThread "Unconstrained build operations Thread 101"        [_thread_blocked, id=29008, stack(0x000000d78dd00000,0x000000d78de00000) (1024K)]
  0x000001da33227650 JavaThread "Unconstrained build operations Thread 102"        [_thread_blocked, id=31296, stack(0x000000d78de00000,0x000000d78df00000) (1024K)]
  0x000001da33229db0 JavaThread "Unconstrained build operations Thread 103"        [_thread_blocked, id=20412, stack(0x000000d78df00000,0x000000d78e000000) (1024K)]
  0x000001da33227ce0 JavaThread "Unconstrained build operations Thread 104"        [_thread_blocked, id=31340, stack(0x000000d78e000000,0x000000d78e100000) (1024K)]
  0x000001da33229090 JavaThread "Unconstrained build operations Thread 105"        [_thread_blocked, id=15368, stack(0x000000d78e100000,0x000000d78e200000) (1024K)]
  0x000001da33229720 JavaThread "Unconstrained build operations Thread 106"        [_thread_blocked, id=34616, stack(0x000000d78e200000,0x000000d78e300000) (1024K)]
  0x000001da33226930 JavaThread "Unconstrained build operations Thread 107"        [_thread_blocked, id=32840, stack(0x000000d78e300000,0x000000d78e400000) (1024K)]
  0x000001da3322b7f0 JavaThread "Unconstrained build operations Thread 108"        [_thread_blocked, id=32252, stack(0x000000d78e400000,0x000000d78e500000) (1024K)]
  0x000001da3322a440 JavaThread "Kotlin DSL Writer"                 [_thread_blocked, id=1576, stack(0x000000d78e700000,0x000000d78e800000) (1024K)]
  0x000001da330cdec0 JavaThread "build event listener"              [_thread_blocked, id=27732, stack(0x000000d78e500000,0x000000d78e600000) (1024K)]
  0x000001da3158f610 JavaThread "pool-4-thread-1"                   [_thread_blocked, id=14704, stack(0x000000d788900000,0x000000d788a00000) (1024K)]
  0x000001da3158fca0 JavaThread "build event listener"              [_thread_blocked, id=31400, stack(0x000000d78a600000,0x000000d78a700000) (1024K)]
  0x000001da31590330 JavaThread "included builds Thread 2"          [_thread_blocked, id=11416, stack(0x000000d78a700000,0x000000d78a800000) (1024K)]
  0x000001da315909c0 JavaThread "Cache worker for execution history cache (E:\4thYear_Capstone\Flutter\lakbyke_mobile\android\.gradle\8.12\executionHistory)"        [_thread_blocked, id=23444, stack(0x000000d785a00000,0x000000d785b00000) (1024K)]
  0x000001da3158d540 JavaThread "Problems report writer"            [_thread_blocked, id=5800, stack(0x000000d78bf00000,0x000000d78c000000) (1024K)]
  0x000001da3158e260 JavaThread "Unconstrained build operations Thread 109"        [_thread_blocked, id=29540, stack(0x000000d78eb00000,0x000000d78ec00000) (1024K)]
  0x000001da31593e40 JavaThread "Unconstrained build operations Thread 110"        [_thread_blocked, id=18768, stack(0x000000d78ec00000,0x000000d78ed00000) (1024K)]
  0x000001da31591d70 JavaThread "Unconstrained build operations Thread 111"        [_thread_blocked, id=18972, stack(0x000000d78ef00000,0x000000d78f000000) (1024K)]
  0x000001da31594b60 JavaThread "Unconstrained build operations Thread 112"        [_thread_blocked, id=18608, stack(0x000000d78f000000,0x000000d78f100000) (1024K)]
  0x000001da315951f0 JavaThread "Unconstrained build operations Thread 113"        [_thread_blocked, id=28616, stack(0x000000d78f100000,0x000000d78f200000) (1024K)]
  0x000001da31592400 JavaThread "Unconstrained build operations Thread 114"        [_thread_blocked, id=824, stack(0x000000d78f200000,0x000000d78f300000) (1024K)]
  0x000001da315944d0 JavaThread "Unconstrained build operations Thread 115"        [_thread_blocked, id=6048, stack(0x000000d78f300000,0x000000d78f400000) (1024K)]
  0x000001da315965a0 JavaThread "Unconstrained build operations Thread 116"        [_thread_blocked, id=3840, stack(0x000000d78f400000,0x000000d78f500000) (1024K)]
  0x000001da31595880 JavaThread "Unconstrained build operations Thread 117"        [_thread_blocked, id=30876, stack(0x000000d78f500000,0x000000d78f600000) (1024K)]
  0x000001da31595f10 JavaThread "Unconstrained build operations Thread 118"        [_thread_blocked, id=1572, stack(0x000000d78f600000,0x000000d78f700000) (1024K)]
  0x000001da31593120 JavaThread "Unconstrained build operations Thread 119"        [_thread_blocked, id=20684, stack(0x000000d78f700000,0x000000d78f800000) (1024K)]
  0x000001da31596c30 JavaThread "Unconstrained build operations Thread 120"        [_thread_blocked, id=24428, stack(0x000000d78f800000,0x000000d78f900000) (1024K)]
  0x000001da3bd30940 JavaThread "WorkerExecutor Queue Thread 2"        [_thread_blocked, id=25576, stack(0x000000d78ee00000,0x000000d78ef00000) (1024K)]
  0x000001da3bd2db50 JavaThread "WorkerExecutor Queue Thread 3"        [_thread_blocked, id=21004, stack(0x000000d78fa00000,0x000000d78fb00000) (1024K)]
  0x000001da3bd31660 JavaThread "WorkerExecutor Queue Thread 4"        [_thread_blocked, id=23924, stack(0x000000d78fc00000,0x000000d78fd00000) (1024K)]
  0x000001da3bd2e1e0 JavaThread "WorkerExecutor Queue Thread 5"        [_thread_blocked, id=840, stack(0x000000d78fd00000,0x000000d78fe00000) (1024K)]
  0x000001da3c8fe5b0 JavaThread "WorkerExecutor Queue Thread 6"        [_thread_blocked, id=29560, stack(0x000000d78fe00000,0x000000d78ff00000) (1024K)]
  0x000001da3c902de0 JavaThread "WorkerExecutor Queue Thread 7"        [_thread_blocked, id=26768, stack(0x000000d78ff00000,0x000000d790000000) (1024K)]
  0x000001da3c907610 JavaThread "WorkerExecutor Queue Thread 8"        [_thread_blocked, id=27544, stack(0x000000d790000000,0x000000d790100000) (1024K)]
  0x000001da330c8970 JavaThread "WorkerExecutor Queue Thread 9"        [_thread_blocked, id=14828, stack(0x000000d790100000,0x000000d790200000) (1024K)]
  0x000001da330cff90 JavaThread "WorkerExecutor Queue Thread 10"        [_thread_blocked, id=32616, stack(0x000000d790200000,0x000000d790300000) (1024K)]
  0x000001da3b791350 JavaThread "WorkerExecutor Queue Thread 11"        [_thread_blocked, id=20308, stack(0x000000d790300000,0x000000d790400000) (1024K)]
  0x000001da2eef34d0 JavaThread "WorkerExecutor Queue Thread 12"        [_thread_blocked, id=31580, stack(0x000000d790400000,0x000000d790500000) (1024K)]
Total: 190

Other Threads:
  0x000001da7f3bf460 VMThread "VM Thread"                           [id=9016, stack(0x000000d783700000,0x000000d783800000) (1024K)]
  0x000001da7c78cc20 WatcherThread "VM Periodic Task Thread"        [id=5052, stack(0x000000d783600000,0x000000d783700000) (1024K)]
  0x000001da7c611120 WorkerThread "GC Thread#0"                     [id=28168, stack(0x000000d783100000,0x000000d783200000) (1024K)]
  0x000001da2c03d210 WorkerThread "GC Thread#1"                     [id=14752, stack(0x000000d784300000,0x000000d784400000) (1024K)]
  0x000001da2c1ab2a0 WorkerThread "GC Thread#2"                     [id=19648, stack(0x000000d784400000,0x000000d784500000) (1024K)]
  0x000001da2d26f820 WorkerThread "GC Thread#3"                     [id=9104, stack(0x000000d784200000,0x000000d784300000) (1024K)]
  0x000001da2d26fbc0 WorkerThread "GC Thread#4"                     [id=6188, stack(0x000000d784500000,0x000000d784600000) (1024K)]
  0x000001da2da1eae0 WorkerThread "GC Thread#5"                     [id=24148, stack(0x000000d784700000,0x000000d784800000) (1024K)]
  0x000001da2dc65110 WorkerThread "GC Thread#6"                     [id=3736, stack(0x000000d785200000,0x000000d785300000) (1024K)]
  0x000001da2dc654b0 WorkerThread "GC Thread#7"                     [id=19440, stack(0x000000d785300000,0x000000d785400000) (1024K)]
  0x000001da2dc65850 WorkerThread "GC Thread#8"                     [id=23784, stack(0x000000d785400000,0x000000d785500000) (1024K)]
  0x000001da2dc64630 WorkerThread "GC Thread#9"                     [id=30656, stack(0x000000d785500000,0x000000d785600000) (1024K)]
  0x000001da76dafd60 ConcurrentGCThread "G1 Main Marker"            [id=12608, stack(0x000000d783200000,0x000000d783300000) (1024K)]
  0x000001da76db0e10 WorkerThread "G1 Conc#0"                       [id=10996, stack(0x000000d783300000,0x000000d783400000) (1024K)]
  0x000001da2dc65bf0 WorkerThread "G1 Conc#1"                       [id=13940, stack(0x000000d785600000,0x000000d785700000) (1024K)]
  0x000001da2dc649d0 WorkerThread "G1 Conc#2"                       [id=13668, stack(0x000000d785700000,0x000000d785800000) (1024K)]
  0x000001da7c664f90 ConcurrentGCThread "G1 Refine#0"               [id=8292, stack(0x000000d783400000,0x000000d783500000) (1024K)]
  0x000001da76dd3a50 ConcurrentGCThread "G1 Service"                [id=4484, stack(0x000000d783500000,0x000000d783600000) (1024K)]
Total: 18

Threads with active compile tasks:
Total: 0

VM state: not at safepoint (normal execution)

VM Mutex/Monitor currently owned by a thread:  ([mutex/lock_event])
[0x00007ff99f3b21c8] Heap_lock - owner thread: 0x000001da3bd30fd0

Heap address: 0x0000000600000000, size: 8192 MB, Compressed Oops mode: Zero based, Oop shift amount: 3

CDS archive(s) not mapped
Compressed class space mapped at: 0x0000000800000000-0x0000000840000000, reserved size: 1073741824
Narrow klass base: 0x0000000800000000, Narrow klass shift: 0, Narrow klass range: 0x40000000

GC Precious Log:
 CardTable entry size: 512
 Card Set container configuration: InlinePtr #cards 4 size 8 Array Of Cards #cards 32 size 80 Howl #buckets 8 coarsen threshold 7372 Howl Bitmap #cards 1024 size 144 coarsen threshold 921 Card regions per heap region 1 cards per card region 8192
 CPUs: 12 total, 12 available
 Memory: 7581M
 Large Page Support: Disabled
 NUMA Support: Disabled
 Compressed Oops: Enabled (Zero based)
 Heap Region Size: 4M
 Heap Min Capacity: 8M
 Heap Initial Capacity: 120M
 Heap Max Capacity: 8G
 Pre-touch: Disabled
 Parallel Workers: 10
 Concurrent Workers: 3
 Concurrent Refinement Workers: 10
 Periodic GC: Disabled

Heap:
 garbage-first heap   total 2105344K, used 1717793K [0x0000000600000000, 0x0000000800000000)
  region size 4096K, 54 young (221184K), 4 survivors (16384K)
 Metaspace       used 233452K, committed 236416K, reserved 1310720K
  class space    used 29262K, committed 30720K, reserved 1048576K

Heap Regions: E=young(eden), S=young(survivor), O=old, HS=humongous(starts), HC=humongous(continues), CS=collection set, F=free, TAMS=top-at-mark-start, PB=parsable bottom
|   0|0x0000000600000000, 0x0000000600400000, 0x0000000600400000|100%|HS|  |TAMS 0x0000000600000000| PB 0x0000000600000000| Complete 
|   1|0x0000000600400000, 0x0000000600800000, 0x0000000600800000|100%| O|  |TAMS 0x0000000600400000| PB 0x0000000600400000| Untracked 
|   2|0x0000000600800000, 0x0000000600c00000, 0x0000000600c00000|100%| O|  |TAMS 0x0000000600800000| PB 0x0000000600800000| Untracked 
|   3|0x0000000600c00000, 0x0000000601000000, 0x0000000601000000|100%| O|  |TAMS 0x0000000600c00000| PB 0x0000000600c00000| Untracked 
|   4|0x0000000601000000, 0x0000000601400000, 0x0000000601400000|100%| O|  |TAMS 0x0000000601000000| PB 0x0000000601000000| Untracked 
|   5|0x0000000601400000, 0x0000000601800000, 0x0000000601800000|100%| O|  |TAMS 0x0000000601400000| PB 0x0000000601400000| Untracked 
|   6|0x0000000601800000, 0x0000000601c00000, 0x0000000601c00000|100%| O|  |TAMS 0x0000000601800000| PB 0x0000000601800000| Untracked 
|   7|0x0000000601c00000, 0x0000000602000000, 0x0000000602000000|100%| O|  |TAMS 0x0000000601c00000| PB 0x0000000601c00000| Untracked 
|   8|0x0000000602000000, 0x0000000602400000, 0x0000000602400000|100%| O|  |TAMS 0x0000000602000000| PB 0x0000000602000000| Untracked 
|   9|0x0000000602400000, 0x0000000602800000, 0x0000000602800000|100%| O|  |TAMS 0x0000000602400000| PB 0x0000000602400000| Untracked 
|  10|0x0000000602800000, 0x0000000602c00000, 0x0000000602c00000|100%| O|  |TAMS 0x0000000602800000| PB 0x0000000602800000| Untracked 
|  11|0x0000000602c00000, 0x0000000603000000, 0x0000000603000000|100%| O|  |TAMS 0x0000000602c00000| PB 0x0000000602c00000| Untracked 
|  12|0x0000000603000000, 0x0000000603400000, 0x0000000603400000|100%| O|  |TAMS 0x0000000603000000| PB 0x0000000603000000| Untracked 
|  13|0x0000000603400000, 0x0000000603800000, 0x0000000603800000|100%| O|  |TAMS 0x0000000603400000| PB 0x0000000603400000| Untracked 
|  14|0x0000000603800000, 0x0000000603c00000, 0x0000000603c00000|100%| O|  |TAMS 0x0000000603800000| PB 0x0000000603800000| Untracked 
|  15|0x0000000603c00000, 0x0000000604000000, 0x0000000604000000|100%|HS|  |TAMS 0x0000000603c00000| PB 0x0000000603c00000| Complete 
|  16|0x0000000604000000, 0x0000000604000000, 0x0000000604400000|  0%| F|  |TAMS 0x0000000604000000| PB 0x0000000604000000| Untracked 
|  17|0x0000000604400000, 0x0000000604800000, 0x0000000604800000|100%| O|  |TAMS 0x0000000604400000| PB 0x0000000604400000| Untracked 
|  18|0x0000000604800000, 0x0000000604c00000, 0x0000000604c00000|100%| O|  |TAMS 0x0000000604800000| PB 0x0000000604800000| Untracked 
|  19|0x0000000604c00000, 0x0000000605000000, 0x0000000605000000|100%|HS|  |TAMS 0x0000000604c00000| PB 0x0000000604c00000| Complete 
|  20|0x0000000605000000, 0x0000000605400000, 0x0000000605400000|100%|HS|  |TAMS 0x0000000605000000| PB 0x0000000605000000| Complete 
|  21|0x0000000605400000, 0x0000000605800000, 0x0000000605800000|100%| O|  |TAMS 0x0000000605400000| PB 0x0000000605400000| Untracked 
|  22|0x0000000605800000, 0x0000000605c00000, 0x0000000605c00000|100%| O|  |TAMS 0x0000000605800000| PB 0x0000000605800000| Untracked 
|  23|0x0000000605c00000, 0x0000000606000000, 0x0000000606000000|100%| O|  |TAMS 0x0000000605c00000| PB 0x0000000605c00000| Untracked 
|  24|0x0000000606000000, 0x0000000606400000, 0x0000000606400000|100%| O|  |TAMS 0x0000000606000000| PB 0x0000000606000000| Untracked 
|  25|0x0000000606400000, 0x0000000606800000, 0x0000000606800000|100%| O|  |TAMS 0x0000000606400000| PB 0x0000000606400000| Untracked 
|  26|0x0000000606800000, 0x0000000606c00000, 0x0000000606c00000|100%| O|  |TAMS 0x0000000606800000| PB 0x0000000606800000| Untracked 
|  27|0x0000000606c00000, 0x0000000607000000, 0x0000000607000000|100%| O|  |TAMS 0x0000000606c00000| PB 0x0000000606c00000| Untracked 
|  28|0x0000000607000000, 0x0000000607400000, 0x0000000607400000|100%| O|  |TAMS 0x0000000607000000| PB 0x0000000607000000| Untracked 
|  29|0x0000000607400000, 0x0000000607800000, 0x0000000607800000|100%| O|  |TAMS 0x0000000607400000| PB 0x0000000607400000| Untracked 
|  30|0x0000000607800000, 0x0000000607c00000, 0x0000000607c00000|100%| O|  |TAMS 0x0000000607800000| PB 0x0000000607800000| Untracked 
|  31|0x0000000607c00000, 0x0000000608000000, 0x0000000608000000|100%| O|Cm|TAMS 0x0000000607c00000| PB 0x0000000607c00000| Complete 
|  32|0x0000000608000000, 0x0000000608400000, 0x0000000608400000|100%| O|Cm|TAMS 0x0000000608000000| PB 0x0000000608000000| Complete 
|  33|0x0000000608400000, 0x0000000608800000, 0x0000000608800000|100%| O|  |TAMS 0x0000000608400000| PB 0x0000000608400000| Untracked 
|  34|0x0000000608800000, 0x0000000608c00000, 0x0000000608c00000|100%| O|  |TAMS 0x0000000608800000| PB 0x0000000608800000| Untracked 
|  35|0x0000000608c00000, 0x0000000608c00000, 0x0000000609000000|  0%| F|  |TAMS 0x0000000608c00000| PB 0x0000000608c00000| Untracked 
|  36|0x0000000609000000, 0x0000000609400000, 0x0000000609400000|100%| O|  |TAMS 0x0000000609000000| PB 0x0000000609000000| Untracked 
|  37|0x0000000609400000, 0x0000000609800000, 0x0000000609800000|100%| O|  |TAMS 0x0000000609400000| PB 0x0000000609400000| Untracked 
|  38|0x0000000609800000, 0x0000000609800000, 0x0000000609c00000|  0%| F|  |TAMS 0x0000000609800000| PB 0x0000000609800000| Untracked 
|  39|0x0000000609c00000, 0x000000060a000000, 0x000000060a000000|100%| O|  |TAMS 0x0000000609c00000| PB 0x0000000609c00000| Untracked 
|  40|0x000000060a000000, 0x000000060a400000, 0x000000060a400000|100%| O|  |TAMS 0x000000060a000000| PB 0x000000060a000000| Untracked 
|  41|0x000000060a400000, 0x000000060a800000, 0x000000060a800000|100%| O|  |TAMS 0x000000060a400000| PB 0x000000060a400000| Untracked 
|  42|0x000000060a800000, 0x000000060ac00000, 0x000000060ac00000|100%|HS|  |TAMS 0x000000060a800000| PB 0x000000060a800000| Complete 
|  43|0x000000060ac00000, 0x000000060b000000, 0x000000060b000000|100%|HC|  |TAMS 0x000000060ac00000| PB 0x000000060ac00000| Complete 
|  44|0x000000060b000000, 0x000000060b400000, 0x000000060b400000|100%| O|  |TAMS 0x000000060b000000| PB 0x000000060b000000| Untracked 
|  45|0x000000060b400000, 0x000000060b800000, 0x000000060b800000|100%| O|  |TAMS 0x000000060b400000| PB 0x000000060b400000| Untracked 
|  46|0x000000060b800000, 0x000000060b800000, 0x000000060bc00000|  0%| F|  |TAMS 0x000000060b800000| PB 0x000000060b800000| Untracked 
|  47|0x000000060bc00000, 0x000000060c000000, 0x000000060c000000|100%| O|  |TAMS 0x000000060bc00000| PB 0x000000060bc00000| Untracked 
|  48|0x000000060c000000, 0x000000060c400000, 0x000000060c400000|100%| O|  |TAMS 0x000000060c000000| PB 0x000000060c000000| Untracked 
|  49|0x000000060c400000, 0x000000060c800000, 0x000000060c800000|100%| O|Cm|TAMS 0x000000060c400000| PB 0x000000060c400000| Complete 
|  50|0x000000060c800000, 0x000000060cc00000, 0x000000060cc00000|100%| O|  |TAMS 0x000000060c800000| PB 0x000000060c800000| Untracked 
|  51|0x000000060cc00000, 0x000000060d000000, 0x000000060d000000|100%| O|  |TAMS 0x000000060cc00000| PB 0x000000060cc00000| Untracked 
|  52|0x000000060d000000, 0x000000060d400000, 0x000000060d400000|100%| O|  |TAMS 0x000000060d000000| PB 0x000000060d000000| Untracked 
|  53|0x000000060d400000, 0x000000060d800000, 0x000000060d800000|100%| O|  |TAMS 0x000000060d400000| PB 0x000000060d400000| Untracked 
|  54|0x000000060d800000, 0x000000060dc00000, 0x000000060dc00000|100%| O|  |TAMS 0x000000060d800000| PB 0x000000060d800000| Untracked 
|  55|0x000000060dc00000, 0x000000060e000000, 0x000000060e000000|100%| O|  |TAMS 0x000000060dc00000| PB 0x000000060dc00000| Untracked 
|  56|0x000000060e000000, 0x000000060e400000, 0x000000060e400000|100%| O|  |TAMS 0x000000060e000000| PB 0x000000060e000000| Untracked 
|  57|0x000000060e400000, 0x000000060e800000, 0x000000060e800000|100%| O|  |TAMS 0x000000060e400000| PB 0x000000060e400000| Untracked 
|  58|0x000000060e800000, 0x000000060ec00000, 0x000000060ec00000|100%| O|  |TAMS 0x000000060e800000| PB 0x000000060e800000| Untracked 
|  59|0x000000060ec00000, 0x000000060f000000, 0x000000060f000000|100%|HS|  |TAMS 0x000000060ec00000| PB 0x000000060ec00000| Complete 
|  60|0x000000060f000000, 0x000000060f400000, 0x000000060f400000|100%|HC|  |TAMS 0x000000060f000000| PB 0x000000060f000000| Complete 
|  61|0x000000060f400000, 0x000000060f800000, 0x000000060f800000|100%|HC|  |TAMS 0x000000060f400000| PB 0x000000060f400000| Complete 
|  62|0x000000060f800000, 0x000000060fc00000, 0x000000060fc00000|100%|HS|  |TAMS 0x000000060f800000| PB 0x000000060f800000| Complete 
|  63|0x000000060fc00000, 0x0000000610000000, 0x0000000610000000|100%|HC|  |TAMS 0x000000060fc00000| PB 0x000000060fc00000| Complete 
|  64|0x0000000610000000, 0x0000000610400000, 0x0000000610400000|100%|HC|  |TAMS 0x0000000610000000| PB 0x0000000610000000| Complete 
|  65|0x0000000610400000, 0x0000000610800000, 0x0000000610800000|100%|HC|  |TAMS 0x0000000610400000| PB 0x0000000610400000| Complete 
|  66|0x0000000610800000, 0x0000000610c00000, 0x0000000610c00000|100%|HC|  |TAMS 0x0000000610800000| PB 0x0000000610800000| Complete 
|  67|0x0000000610c00000, 0x0000000611000000, 0x0000000611000000|100%|HS|  |TAMS 0x0000000610c00000| PB 0x0000000610c00000| Complete 
|  68|0x0000000611000000, 0x0000000611400000, 0x0000000611400000|100%|HC|  |TAMS 0x0000000611000000| PB 0x0000000611000000| Complete 
|  69|0x0000000611400000, 0x0000000611800000, 0x0000000611800000|100%|HC|  |TAMS 0x0000000611400000| PB 0x0000000611400000| Complete 
|  70|0x0000000611800000, 0x0000000611c00000, 0x0000000611c00000|100%|HC|  |TAMS 0x0000000611800000| PB 0x0000000611800000| Complete 
|  71|0x0000000611c00000, 0x0000000612000000, 0x0000000612000000|100%|HC|  |TAMS 0x0000000611c00000| PB 0x0000000611c00000| Complete 
|  72|0x0000000612000000, 0x0000000612400000, 0x0000000612400000|100%|HC|  |TAMS 0x0000000612000000| PB 0x0000000612000000| Complete 
|  73|0x0000000612400000, 0x0000000612800000, 0x0000000612800000|100%|HC|  |TAMS 0x0000000612400000| PB 0x0000000612400000| Complete 
|  74|0x0000000612800000, 0x0000000612c00000, 0x0000000612c00000|100%|HC|  |TAMS 0x0000000612800000| PB 0x0000000612800000| Complete 
|  75|0x0000000612c00000, 0x0000000613000000, 0x0000000613000000|100%|HC|  |TAMS 0x0000000612c00000| PB 0x0000000612c00000| Complete 
|  76|0x0000000613000000, 0x0000000613000000, 0x0000000613400000|  0%| F|  |TAMS 0x0000000613000000| PB 0x0000000613000000| Untracked 
|  77|0x0000000613400000, 0x0000000613400000, 0x0000000613800000|  0%| F|  |TAMS 0x0000000613400000| PB 0x0000000613400000| Untracked 
|  78|0x0000000613800000, 0x0000000613800000, 0x0000000613c00000|  0%| F|  |TAMS 0x0000000613800000| PB 0x0000000613800000| Untracked 
|  79|0x0000000613c00000, 0x0000000613c00000, 0x0000000614000000|  0%| F|  |TAMS 0x0000000613c00000| PB 0x0000000613c00000| Untracked 
|  80|0x0000000614000000, 0x0000000614000000, 0x0000000614400000|  0%| F|  |TAMS 0x0000000614000000| PB 0x0000000614000000| Untracked 
|  81|0x0000000614400000, 0x0000000614400000, 0x0000000614800000|  0%| F|  |TAMS 0x0000000614400000| PB 0x0000000614400000| Untracked 
|  82|0x0000000614800000, 0x0000000614800000, 0x0000000614c00000|  0%| F|  |TAMS 0x0000000614800000| PB 0x0000000614800000| Untracked 
|  83|0x0000000614c00000, 0x0000000614c00000, 0x0000000615000000|  0%| F|  |TAMS 0x0000000614c00000| PB 0x0000000614c00000| Untracked 
|  84|0x0000000615000000, 0x0000000615000000, 0x0000000615400000|  0%| F|  |TAMS 0x0000000615000000| PB 0x0000000615000000| Untracked 
|  85|0x0000000615400000, 0x0000000615400000, 0x0000000615800000|  0%| F|  |TAMS 0x0000000615400000| PB 0x0000000615400000| Untracked 
|  86|0x0000000615800000, 0x0000000615800000, 0x0000000615c00000|  0%| F|  |TAMS 0x0000000615800000| PB 0x0000000615800000| Untracked 
|  87|0x0000000615c00000, 0x0000000615c00000, 0x0000000616000000|  0%| F|  |TAMS 0x0000000615c00000| PB 0x0000000615c00000| Untracked 
|  88|0x0000000616000000, 0x0000000616000000, 0x0000000616400000|  0%| F|  |TAMS 0x0000000616000000| PB 0x0000000616000000| Untracked 
|  89|0x0000000616400000, 0x0000000616500010, 0x0000000616800000| 25%| E|  |TAMS 0x0000000616400000| PB 0x0000000616400000| Complete 
|  90|0x0000000616800000, 0x0000000616b341a8, 0x0000000616c00000| 80%| E|  |TAMS 0x0000000616800000| PB 0x0000000616800000| Complete 
|  91|0x0000000616c00000, 0x0000000617000000, 0x0000000617000000|100%| E|CS|TAMS 0x0000000616c00000| PB 0x0000000616c00000| Complete 
|  92|0x0000000617000000, 0x0000000617400000, 0x0000000617400000|100%| E|CS|TAMS 0x0000000617000000| PB 0x0000000617000000| Complete 
|  93|0x0000000617400000, 0x0000000617800000, 0x0000000617800000|100%| E|CS|TAMS 0x0000000617400000| PB 0x0000000617400000| Complete 
|  94|0x0000000617800000, 0x0000000617c00000, 0x0000000617c00000|100%| E|CS|TAMS 0x0000000617800000| PB 0x0000000617800000| Complete 
|  95|0x0000000617c00000, 0x0000000617cb3500, 0x0000000618000000| 17%| S|CS|TAMS 0x0000000617c00000| PB 0x0000000617c00000| Complete 
|  96|0x0000000618000000, 0x0000000618400000, 0x0000000618400000|100%| S|CS|TAMS 0x0000000618000000| PB 0x0000000618000000| Complete 
|  97|0x0000000618400000, 0x0000000618800000, 0x0000000618800000|100%| S|CS|TAMS 0x0000000618400000| PB 0x0000000618400000| Complete 
|  98|0x0000000618800000, 0x0000000618c00000, 0x0000000618c00000|100%| S|CS|TAMS 0x0000000618800000| PB 0x0000000618800000| Complete 
|  99|0x0000000618c00000, 0x0000000619000000, 0x0000000619000000|100%| E|CS|TAMS 0x0000000618c00000| PB 0x0000000618c00000| Complete 
| 100|0x0000000619000000, 0x0000000619400000, 0x0000000619400000|100%| E|CS|TAMS 0x0000000619000000| PB 0x0000000619000000| Complete 
| 101|0x0000000619400000, 0x0000000619800000, 0x0000000619800000|100%| E|CS|TAMS 0x0000000619400000| PB 0x0000000619400000| Complete 
| 102|0x0000000619800000, 0x0000000619c00000, 0x0000000619c00000|100%| E|CS|TAMS 0x0000000619800000| PB 0x0000000619800000| Complete 
| 103|0x0000000619c00000, 0x000000061a000000, 0x000000061a000000|100%| E|CS|TAMS 0x0000000619c00000| PB 0x0000000619c00000| Complete 
| 104|0x000000061a000000, 0x000000061a400000, 0x000000061a400000|100%| E|CS|TAMS 0x000000061a000000| PB 0x000000061a000000| Complete 
| 105|0x000000061a400000, 0x000000061a800000, 0x000000061a800000|100%| E|CS|TAMS 0x000000061a400000| PB 0x000000061a400000| Complete 
| 106|0x000000061a800000, 0x000000061ac00000, 0x000000061ac00000|100%| E|CS|TAMS 0x000000061a800000| PB 0x000000061a800000| Complete 
| 107|0x000000061ac00000, 0x000000061b000000, 0x000000061b000000|100%| E|CS|TAMS 0x000000061ac00000| PB 0x000000061ac00000| Complete 
| 108|0x000000061b000000, 0x000000061b400000, 0x000000061b400000|100%| E|CS|TAMS 0x000000061b000000| PB 0x000000061b000000| Complete 
| 109|0x000000061b400000, 0x000000061b800000, 0x000000061b800000|100%| E|CS|TAMS 0x000000061b400000| PB 0x000000061b400000| Complete 
| 110|0x000000061b800000, 0x000000061bc00000, 0x000000061bc00000|100%| E|CS|TAMS 0x000000061b800000| PB 0x000000061b800000| Complete 
| 111|0x000000061bc00000, 0x000000061c000000, 0x000000061c000000|100%| E|CS|TAMS 0x000000061bc00000| PB 0x000000061bc00000| Complete 
| 112|0x000000061c000000, 0x000000061c400000, 0x000000061c400000|100%| E|CS|TAMS 0x000000061c000000| PB 0x000000061c000000| Complete 
| 113|0x000000061c400000, 0x000000061c800000, 0x000000061c800000|100%| E|CS|TAMS 0x000000061c400000| PB 0x000000061c400000| Complete 
| 114|0x000000061c800000, 0x000000061cc00000, 0x000000061cc00000|100%| E|CS|TAMS 0x000000061c800000| PB 0x000000061c800000| Complete 
| 115|0x000000061cc00000, 0x000000061d000000, 0x000000061d000000|100%| E|CS|TAMS 0x000000061cc00000| PB 0x000000061cc00000| Complete 
| 116|0x000000061d000000, 0x000000061d400000, 0x000000061d400000|100%| E|CS|TAMS 0x000000061d000000| PB 0x000000061d000000| Complete 
| 117|0x000000061d400000, 0x000000061d800000, 0x000000061d800000|100%| E|CS|TAMS 0x000000061d400000| PB 0x000000061d400000| Complete 
| 118|0x000000061d800000, 0x000000061dc00000, 0x000000061dc00000|100%| E|CS|TAMS 0x000000061d800000| PB 0x000000061d800000| Complete 
| 119|0x000000061dc00000, 0x000000061e000000, 0x000000061e000000|100%| E|CS|TAMS 0x000000061dc00000| PB 0x000000061dc00000| Complete 
| 120|0x000000061e000000, 0x000000061e400000, 0x000000061e400000|100%| E|CS|TAMS 0x000000061e000000| PB 0x000000061e000000| Complete 
| 121|0x000000061e400000, 0x000000061e800000, 0x000000061e800000|100%| E|CS|TAMS 0x000000061e400000| PB 0x000000061e400000| Complete 
| 122|0x000000061e800000, 0x000000061ec00000, 0x000000061ec00000|100%| E|CS|TAMS 0x000000061e800000| PB 0x000000061e800000| Complete 
| 123|0x000000061ec00000, 0x000000061f000000, 0x000000061f000000|100%| E|CS|TAMS 0x000000061ec00000| PB 0x000000061ec00000| Complete 
| 124|0x000000061f000000, 0x000000061f400000, 0x000000061f400000|100%| E|CS|TAMS 0x000000061f000000| PB 0x000000061f000000| Complete 
| 125|0x000000061f400000, 0x000000061f800000, 0x000000061f800000|100%| E|CS|TAMS 0x000000061f400000| PB 0x000000061f400000| Complete 
| 126|0x000000061f800000, 0x000000061fc00000, 0x000000061fc00000|100%| E|CS|TAMS 0x000000061f800000| PB 0x000000061f800000| Complete 
| 127|0x000000061fc00000, 0x0000000620000000, 0x0000000620000000|100%| E|CS|TAMS 0x000000061fc00000| PB 0x000000061fc00000| Complete 
| 128|0x0000000620000000, 0x0000000620400000, 0x0000000620400000|100%| E|CS|TAMS 0x0000000620000000| PB 0x0000000620000000| Complete 
| 129|0x0000000620400000, 0x0000000620800000, 0x0000000620800000|100%| E|CS|TAMS 0x0000000620400000| PB 0x0000000620400000| Complete 
| 130|0x0000000620800000, 0x0000000620c00000, 0x0000000620c00000|100%| E|CS|TAMS 0x0000000620800000| PB 0x0000000620800000| Complete 
| 131|0x0000000620c00000, 0x0000000621000000, 0x0000000621000000|100%| E|CS|TAMS 0x0000000620c00000| PB 0x0000000620c00000| Complete 
| 132|0x0000000621000000, 0x0000000621400000, 0x0000000621400000|100%| E|CS|TAMS 0x0000000621000000| PB 0x0000000621000000| Complete 
| 133|0x0000000621400000, 0x0000000621800000, 0x0000000621800000|100%| E|CS|TAMS 0x0000000621400000| PB 0x0000000621400000| Complete 
| 134|0x0000000621800000, 0x0000000621c00000, 0x0000000621c00000|100%| E|CS|TAMS 0x0000000621800000| PB 0x0000000621800000| Complete 
| 135|0x0000000621c00000, 0x0000000622000000, 0x0000000622000000|100%| E|CS|TAMS 0x0000000621c00000| PB 0x0000000621c00000| Complete 
| 136|0x0000000622000000, 0x0000000622400000, 0x0000000622400000|100%| E|CS|TAMS 0x0000000622000000| PB 0x0000000622000000| Complete 
| 137|0x0000000622400000, 0x0000000622800000, 0x0000000622800000|100%| E|CS|TAMS 0x0000000622400000| PB 0x0000000622400000| Complete 
| 138|0x0000000622800000, 0x0000000622c00000, 0x0000000622c00000|100%| E|CS|TAMS 0x0000000622800000| PB 0x0000000622800000| Complete 
| 139|0x0000000622c00000, 0x0000000623000000, 0x0000000623000000|100%| E|CS|TAMS 0x0000000622c00000| PB 0x0000000622c00000| Complete 
| 140|0x0000000623000000, 0x0000000623400000, 0x0000000623400000|100%| E|CS|TAMS 0x0000000623000000| PB 0x0000000623000000| Complete 
| 141|0x0000000623400000, 0x0000000623800000, 0x0000000623800000|100%|HS|  |TAMS 0x0000000623400000| PB 0x0000000623400000| Complete 
| 142|0x0000000623800000, 0x0000000623c00000, 0x0000000623c00000|100%|HC|  |TAMS 0x0000000623800000| PB 0x0000000623800000| Complete 
| 143|0x0000000623c00000, 0x0000000624000000, 0x0000000624000000|100%|HC|  |TAMS 0x0000000623c00000| PB 0x0000000623c00000| Complete 
| 144|0x0000000624000000, 0x0000000624400000, 0x0000000624400000|100%|HC|  |TAMS 0x0000000624000000| PB 0x0000000624000000| Complete 
| 145|0x0000000624400000, 0x0000000624800000, 0x0000000624800000|100%|HC|  |TAMS 0x0000000624400000| PB 0x0000000624400000| Complete 
| 146|0x0000000624800000, 0x0000000624c00000, 0x0000000624c00000|100%|HC|  |TAMS 0x0000000624800000| PB 0x0000000624800000| Complete 
| 147|0x0000000624c00000, 0x0000000625000000, 0x0000000625000000|100%|HC|  |TAMS 0x0000000624c00000| PB 0x0000000624c00000| Complete 
| 148|0x0000000625000000, 0x0000000625400000, 0x0000000625400000|100%|HC|  |TAMS 0x0000000625000000| PB 0x0000000625000000| Complete 
| 149|0x0000000625400000, 0x0000000625800000, 0x0000000625800000|100%|HC|  |TAMS 0x0000000625400000| PB 0x0000000625400000| Complete 
| 150|0x0000000625800000, 0x0000000625c00000, 0x0000000625c00000|100%|HC|  |TAMS 0x0000000625800000| PB 0x0000000625800000| Complete 
| 151|0x0000000625c00000, 0x0000000626000000, 0x0000000626000000|100%|HC|  |TAMS 0x0000000625c00000| PB 0x0000000625c00000| Complete 
| 152|0x0000000626000000, 0x0000000626400000, 0x0000000626400000|100%|HC|  |TAMS 0x0000000626000000| PB 0x0000000626000000| Complete 
| 153|0x0000000626400000, 0x0000000626800000, 0x0000000626800000|100%|HC|  |TAMS 0x0000000626400000| PB 0x0000000626400000| Complete 
| 154|0x0000000626800000, 0x0000000626c00000, 0x0000000626c00000|100%|HC|  |TAMS 0x0000000626800000| PB 0x0000000626800000| Complete 
| 155|0x0000000626c00000, 0x0000000627000000, 0x0000000627000000|100%|HC|  |TAMS 0x0000000626c00000| PB 0x0000000626c00000| Complete 
| 156|0x0000000627000000, 0x0000000627400000, 0x0000000627400000|100%|HC|  |TAMS 0x0000000627000000| PB 0x0000000627000000| Complete 
| 157|0x0000000627400000, 0x0000000627800000, 0x0000000627800000|100%|HC|  |TAMS 0x0000000627400000| PB 0x0000000627400000| Complete 
| 158|0x0000000627800000, 0x0000000627c00000, 0x0000000627c00000|100%|HC|  |TAMS 0x0000000627800000| PB 0x0000000627800000| Complete 
| 159|0x0000000627c00000, 0x0000000628000000, 0x0000000628000000|100%|HC|  |TAMS 0x0000000627c00000| PB 0x0000000627c00000| Complete 
| 160|0x0000000628000000, 0x0000000628400000, 0x0000000628400000|100%|HC|  |TAMS 0x0000000628000000| PB 0x0000000628000000| Complete 
| 161|0x0000000628400000, 0x0000000628800000, 0x0000000628800000|100%|HC|  |TAMS 0x0000000628400000| PB 0x0000000628400000| Complete 
| 162|0x0000000628800000, 0x0000000628c00000, 0x0000000628c00000|100%|HC|  |TAMS 0x0000000628800000| PB 0x0000000628800000| Complete 
| 163|0x0000000628c00000, 0x0000000629000000, 0x0000000629000000|100%|HC|  |TAMS 0x0000000628c00000| PB 0x0000000628c00000| Complete 
| 164|0x0000000629000000, 0x0000000629400000, 0x0000000629400000|100%|HC|  |TAMS 0x0000000629000000| PB 0x0000000629000000| Complete 
| 165|0x0000000629400000, 0x0000000629800000, 0x0000000629800000|100%|HC|  |TAMS 0x0000000629400000| PB 0x0000000629400000| Complete 
| 166|0x0000000629800000, 0x0000000629c00000, 0x0000000629c00000|100%|HC|  |TAMS 0x0000000629800000| PB 0x0000000629800000| Complete 
| 167|0x0000000629c00000, 0x000000062a000000, 0x000000062a000000|100%|HC|  |TAMS 0x0000000629c00000| PB 0x0000000629c00000| Complete 
| 168|0x000000062a000000, 0x000000062a400000, 0x000000062a400000|100%|HC|  |TAMS 0x000000062a000000| PB 0x000000062a000000| Complete 
| 169|0x000000062a400000, 0x000000062a800000, 0x000000062a800000|100%|HC|  |TAMS 0x000000062a400000| PB 0x000000062a400000| Complete 
| 170|0x000000062a800000, 0x000000062ac00000, 0x000000062ac00000|100%|HC|  |TAMS 0x000000062a800000| PB 0x000000062a800000| Complete 
| 171|0x000000062ac00000, 0x000000062b000000, 0x000000062b000000|100%|HC|  |TAMS 0x000000062ac00000| PB 0x000000062ac00000| Complete 
| 172|0x000000062b000000, 0x000000062b400000, 0x000000062b400000|100%|HC|  |TAMS 0x000000062b000000| PB 0x000000062b000000| Complete 
| 173|0x000000062b400000, 0x000000062b800000, 0x000000062b800000|100%|HC|  |TAMS 0x000000062b400000| PB 0x000000062b400000| Complete 
| 174|0x000000062b800000, 0x000000062bc00000, 0x000000062bc00000|100%|HC|  |TAMS 0x000000062b800000| PB 0x000000062b800000| Complete 
| 175|0x000000062bc00000, 0x000000062c000000, 0x000000062c000000|100%|HC|  |TAMS 0x000000062bc00000| PB 0x000000062bc00000| Complete 
| 176|0x000000062c000000, 0x000000062c400000, 0x000000062c400000|100%|HC|  |TAMS 0x000000062c000000| PB 0x000000062c000000| Complete 
| 177|0x000000062c400000, 0x000000062c800000, 0x000000062c800000|100%|HC|  |TAMS 0x000000062c400000| PB 0x000000062c400000| Complete 
| 178|0x000000062c800000, 0x000000062cc00000, 0x000000062cc00000|100%|HC|  |TAMS 0x000000062c800000| PB 0x000000062c800000| Complete 
| 179|0x000000062cc00000, 0x000000062d000000, 0x000000062d000000|100%|HC|  |TAMS 0x000000062cc00000| PB 0x000000062cc00000| Complete 
| 180|0x000000062d000000, 0x000000062d400000, 0x000000062d400000|100%|HC|  |TAMS 0x000000062d000000| PB 0x000000062d000000| Complete 
| 181|0x000000062d400000, 0x000000062d800000, 0x000000062d800000|100%|HC|  |TAMS 0x000000062d400000| PB 0x000000062d400000| Complete 
| 182|0x000000062d800000, 0x000000062dc00000, 0x000000062dc00000|100%|HS|  |TAMS 0x000000062d800000| PB 0x000000062d800000| Complete 
| 183|0x000000062dc00000, 0x000000062e000000, 0x000000062e000000|100%|HC|  |TAMS 0x000000062dc00000| PB 0x000000062dc00000| Complete 
| 184|0x000000062e000000, 0x000000062e400000, 0x000000062e400000|100%|HC|  |TAMS 0x000000062e000000| PB 0x000000062e000000| Complete 
| 185|0x000000062e400000, 0x000000062e800000, 0x000000062e800000|100%|HC|  |TAMS 0x000000062e400000| PB 0x000000062e400000| Complete 
| 186|0x000000062e800000, 0x000000062ec00000, 0x000000062ec00000|100%|HC|  |TAMS 0x000000062e800000| PB 0x000000062e800000| Complete 
| 187|0x000000062ec00000, 0x000000062f000000, 0x000000062f000000|100%|HC|  |TAMS 0x000000062ec00000| PB 0x000000062ec00000| Complete 
| 188|0x000000062f000000, 0x000000062f400000, 0x000000062f400000|100%|HC|  |TAMS 0x000000062f000000| PB 0x000000062f000000| Complete 
| 189|0x000000062f400000, 0x000000062f800000, 0x000000062f800000|100%|HC|  |TAMS 0x000000062f400000| PB 0x000000062f400000| Complete 
| 190|0x000000062f800000, 0x000000062fc00000, 0x000000062fc00000|100%|HC|  |TAMS 0x000000062f800000| PB 0x000000062f800000| Complete 
| 191|0x000000062fc00000, 0x0000000630000000, 0x0000000630000000|100%|HC|  |TAMS 0x000000062fc00000| PB 0x000000062fc00000| Complete 
| 192|0x0000000630000000, 0x0000000630400000, 0x0000000630400000|100%|HC|  |TAMS 0x0000000630000000| PB 0x0000000630000000| Complete 
| 193|0x0000000630400000, 0x0000000630800000, 0x0000000630800000|100%|HC|  |TAMS 0x0000000630400000| PB 0x0000000630400000| Complete 
| 194|0x0000000630800000, 0x0000000630c00000, 0x0000000630c00000|100%|HC|  |TAMS 0x0000000630800000| PB 0x0000000630800000| Complete 
| 195|0x0000000630c00000, 0x0000000631000000, 0x0000000631000000|100%|HC|  |TAMS 0x0000000630c00000| PB 0x0000000630c00000| Complete 
| 196|0x0000000631000000, 0x0000000631400000, 0x0000000631400000|100%|HC|  |TAMS 0x0000000631000000| PB 0x0000000631000000| Complete 
| 197|0x0000000631400000, 0x0000000631800000, 0x0000000631800000|100%|HC|  |TAMS 0x0000000631400000| PB 0x0000000631400000| Complete 
| 198|0x0000000631800000, 0x0000000631c00000, 0x0000000631c00000|100%|HC|  |TAMS 0x0000000631800000| PB 0x0000000631800000| Complete 
| 199|0x0000000631c00000, 0x0000000632000000, 0x0000000632000000|100%|HS|  |TAMS 0x0000000631c00000| PB 0x0000000631c00000| Complete 
| 200|0x0000000632000000, 0x0000000632400000, 0x0000000632400000|100%|HC|  |TAMS 0x0000000632000000| PB 0x0000000632000000| Complete 
| 201|0x0000000632400000, 0x0000000632800000, 0x0000000632800000|100%|HC|  |TAMS 0x0000000632400000| PB 0x0000000632400000| Complete 
| 202|0x0000000632800000, 0x0000000632c00000, 0x0000000632c00000|100%|HC|  |TAMS 0x0000000632800000| PB 0x0000000632800000| Complete 
| 203|0x0000000632c00000, 0x0000000633000000, 0x0000000633000000|100%|HC|  |TAMS 0x0000000632c00000| PB 0x0000000632c00000| Complete 
| 204|0x0000000633000000, 0x0000000633400000, 0x0000000633400000|100%|HC|  |TAMS 0x0000000633000000| PB 0x0000000633000000| Complete 
| 205|0x0000000633400000, 0x0000000633800000, 0x0000000633800000|100%|HC|  |TAMS 0x0000000633400000| PB 0x0000000633400000| Complete 
| 206|0x0000000633800000, 0x0000000633c00000, 0x0000000633c00000|100%|HC|  |TAMS 0x0000000633800000| PB 0x0000000633800000| Complete 
| 207|0x0000000633c00000, 0x0000000634000000, 0x0000000634000000|100%|HC|  |TAMS 0x0000000633c00000| PB 0x0000000633c00000| Complete 
| 208|0x0000000634000000, 0x0000000634400000, 0x0000000634400000|100%|HC|  |TAMS 0x0000000634000000| PB 0x0000000634000000| Complete 
| 209|0x0000000634400000, 0x0000000634800000, 0x0000000634800000|100%|HC|  |TAMS 0x0000000634400000| PB 0x0000000634400000| Complete 
| 210|0x0000000634800000, 0x0000000634c00000, 0x0000000634c00000|100%|HC|  |TAMS 0x0000000634800000| PB 0x0000000634800000| Complete 
| 211|0x0000000634c00000, 0x0000000635000000, 0x0000000635000000|100%|HC|  |TAMS 0x0000000634c00000| PB 0x0000000634c00000| Complete 
| 212|0x0000000635000000, 0x0000000635400000, 0x0000000635400000|100%|HC|  |TAMS 0x0000000635000000| PB 0x0000000635000000| Complete 
| 213|0x0000000635400000, 0x0000000635800000, 0x0000000635800000|100%|HC|  |TAMS 0x0000000635400000| PB 0x0000000635400000| Complete 
| 214|0x0000000635800000, 0x0000000635c00000, 0x0000000635c00000|100%|HC|  |TAMS 0x0000000635800000| PB 0x0000000635800000| Complete 
| 215|0x0000000635c00000, 0x0000000636000000, 0x0000000636000000|100%|HC|  |TAMS 0x0000000635c00000| PB 0x0000000635c00000| Complete 
| 216|0x0000000636000000, 0x0000000636400000, 0x0000000636400000|100%|HC|  |TAMS 0x0000000636000000| PB 0x0000000636000000| Complete 
| 217|0x0000000636400000, 0x0000000636800000, 0x0000000636800000|100%|HC|  |TAMS 0x0000000636400000| PB 0x0000000636400000| Complete 
| 218|0x0000000636800000, 0x0000000636c00000, 0x0000000636c00000|100%|HC|  |TAMS 0x0000000636800000| PB 0x0000000636800000| Complete 
| 219|0x0000000636c00000, 0x0000000637000000, 0x0000000637000000|100%|HC|  |TAMS 0x0000000636c00000| PB 0x0000000636c00000| Complete 
| 220|0x0000000637000000, 0x0000000637400000, 0x0000000637400000|100%|HC|  |TAMS 0x0000000637000000| PB 0x0000000637000000| Complete 
| 221|0x0000000637400000, 0x0000000637800000, 0x0000000637800000|100%|HC|  |TAMS 0x0000000637400000| PB 0x0000000637400000| Complete 
| 222|0x0000000637800000, 0x0000000637c00000, 0x0000000637c00000|100%|HC|  |TAMS 0x0000000637800000| PB 0x0000000637800000| Complete 
| 223|0x0000000637c00000, 0x0000000638000000, 0x0000000638000000|100%|HC|  |TAMS 0x0000000637c00000| PB 0x0000000637c00000| Complete 
| 224|0x0000000638000000, 0x0000000638400000, 0x0000000638400000|100%|HC|  |TAMS 0x0000000638000000| PB 0x0000000638000000| Complete 
| 225|0x0000000638400000, 0x0000000638800000, 0x0000000638800000|100%|HC|  |TAMS 0x0000000638400000| PB 0x0000000638400000| Complete 
| 226|0x0000000638800000, 0x0000000638c00000, 0x0000000638c00000|100%|HC|  |TAMS 0x0000000638800000| PB 0x0000000638800000| Complete 
| 227|0x0000000638c00000, 0x0000000639000000, 0x0000000639000000|100%|HC|  |TAMS 0x0000000638c00000| PB 0x0000000638c00000| Complete 
| 228|0x0000000639000000, 0x0000000639400000, 0x0000000639400000|100%|HC|  |TAMS 0x0000000639000000| PB 0x0000000639000000| Complete 
| 229|0x0000000639400000, 0x0000000639800000, 0x0000000639800000|100%|HC|  |TAMS 0x0000000639400000| PB 0x0000000639400000| Complete 
| 230|0x0000000639800000, 0x0000000639c00000, 0x0000000639c00000|100%|HC|  |TAMS 0x0000000639800000| PB 0x0000000639800000| Complete 
| 231|0x0000000639c00000, 0x000000063a000000, 0x000000063a000000|100%|HC|  |TAMS 0x0000000639c00000| PB 0x0000000639c00000| Complete 
| 232|0x000000063a000000, 0x000000063a400000, 0x000000063a400000|100%|HS|  |TAMS 0x000000063a000000| PB 0x000000063a000000| Complete 
| 233|0x000000063a400000, 0x000000063a800000, 0x000000063a800000|100%|HC|  |TAMS 0x000000063a400000| PB 0x000000063a400000| Complete 
| 234|0x000000063a800000, 0x000000063ac00000, 0x000000063ac00000|100%|HC|  |TAMS 0x000000063a800000| PB 0x000000063a800000| Complete 
| 235|0x000000063ac00000, 0x000000063b000000, 0x000000063b000000|100%|HC|  |TAMS 0x000000063ac00000| PB 0x000000063ac00000| Complete 
| 236|0x000000063b000000, 0x000000063b400000, 0x000000063b400000|100%|HC|  |TAMS 0x000000063b000000| PB 0x000000063b000000| Complete 
| 237|0x000000063b400000, 0x000000063b800000, 0x000000063b800000|100%|HC|  |TAMS 0x000000063b400000| PB 0x000000063b400000| Complete 
| 238|0x000000063b800000, 0x000000063bc00000, 0x000000063bc00000|100%|HC|  |TAMS 0x000000063b800000| PB 0x000000063b800000| Complete 
| 239|0x000000063bc00000, 0x000000063c000000, 0x000000063c000000|100%|HC|  |TAMS 0x000000063bc00000| PB 0x000000063bc00000| Complete 
| 240|0x000000063c000000, 0x000000063c400000, 0x000000063c400000|100%|HC|  |TAMS 0x000000063c000000| PB 0x000000063c000000| Complete 
| 241|0x000000063c400000, 0x000000063c800000, 0x000000063c800000|100%|HC|  |TAMS 0x000000063c400000| PB 0x000000063c400000| Complete 
| 242|0x000000063c800000, 0x000000063cc00000, 0x000000063cc00000|100%|HC|  |TAMS 0x000000063c800000| PB 0x000000063c800000| Complete 
| 243|0x000000063cc00000, 0x000000063d000000, 0x000000063d000000|100%|HC|  |TAMS 0x000000063cc00000| PB 0x000000063cc00000| Complete 
| 244|0x000000063d000000, 0x000000063d400000, 0x000000063d400000|100%|HC|  |TAMS 0x000000063d000000| PB 0x000000063d000000| Complete 
| 245|0x000000063d400000, 0x000000063d800000, 0x000000063d800000|100%|HC|  |TAMS 0x000000063d400000| PB 0x000000063d400000| Complete 
| 246|0x000000063d800000, 0x000000063dc00000, 0x000000063dc00000|100%|HC|  |TAMS 0x000000063d800000| PB 0x000000063d800000| Complete 
| 247|0x000000063dc00000, 0x000000063e000000, 0x000000063e000000|100%|HC|  |TAMS 0x000000063dc00000| PB 0x000000063dc00000| Complete 
| 248|0x000000063e000000, 0x000000063e400000, 0x000000063e400000|100%|HC|  |TAMS 0x000000063e000000| PB 0x000000063e000000| Complete 
| 249|0x000000063e400000, 0x000000063e800000, 0x000000063e800000|100%|HC|  |TAMS 0x000000063e400000| PB 0x000000063e400000| Complete 
| 250|0x000000063e800000, 0x000000063ec00000, 0x000000063ec00000|100%|HC|  |TAMS 0x000000063e800000| PB 0x000000063e800000| Complete 
| 251|0x000000063ec00000, 0x000000063f000000, 0x000000063f000000|100%|HC|  |TAMS 0x000000063ec00000| PB 0x000000063ec00000| Complete 
| 252|0x000000063f000000, 0x000000063f400000, 0x000000063f400000|100%|HC|  |TAMS 0x000000063f000000| PB 0x000000063f000000| Complete 
| 253|0x000000063f400000, 0x000000063f800000, 0x000000063f800000|100%|HC|  |TAMS 0x000000063f400000| PB 0x000000063f400000| Complete 
| 254|0x000000063f800000, 0x000000063fc00000, 0x000000063fc00000|100%|HC|  |TAMS 0x000000063f800000| PB 0x000000063f800000| Complete 
| 255|0x000000063fc00000, 0x0000000640000000, 0x0000000640000000|100%|HC|  |TAMS 0x000000063fc00000| PB 0x000000063fc00000| Complete 
| 256|0x0000000640000000, 0x0000000640400000, 0x0000000640400000|100%|HC|  |TAMS 0x0000000640000000| PB 0x0000000640000000| Complete 
| 257|0x0000000640400000, 0x0000000640800000, 0x0000000640800000|100%|HC|  |TAMS 0x0000000640400000| PB 0x0000000640400000| Complete 
| 258|0x0000000640800000, 0x0000000640c00000, 0x0000000640c00000|100%|HC|  |TAMS 0x0000000640800000| PB 0x0000000640800000| Complete 
| 259|0x0000000640c00000, 0x0000000641000000, 0x0000000641000000|100%|HC|  |TAMS 0x0000000640c00000| PB 0x0000000640c00000| Complete 
| 260|0x0000000641000000, 0x0000000641400000, 0x0000000641400000|100%|HC|  |TAMS 0x0000000641000000| PB 0x0000000641000000| Complete 
| 261|0x0000000641400000, 0x0000000641800000, 0x0000000641800000|100%|HC|  |TAMS 0x0000000641400000| PB 0x0000000641400000| Complete 
| 262|0x0000000641800000, 0x0000000641c00000, 0x0000000641c00000|100%|HC|  |TAMS 0x0000000641800000| PB 0x0000000641800000| Complete 
| 263|0x0000000641c00000, 0x0000000642000000, 0x0000000642000000|100%|HC|  |TAMS 0x0000000641c00000| PB 0x0000000641c00000| Complete 
| 264|0x0000000642000000, 0x0000000642400000, 0x0000000642400000|100%|HC|  |TAMS 0x0000000642000000| PB 0x0000000642000000| Complete 
| 265|0x0000000642400000, 0x0000000642800000, 0x0000000642800000|100%|HC|  |TAMS 0x0000000642400000| PB 0x0000000642400000| Complete 
| 266|0x0000000642800000, 0x0000000642c00000, 0x0000000642c00000|100%|HC|  |TAMS 0x0000000642800000| PB 0x0000000642800000| Complete 
| 267|0x0000000642c00000, 0x0000000643000000, 0x0000000643000000|100%|HC|  |TAMS 0x0000000642c00000| PB 0x0000000642c00000| Complete 
| 268|0x0000000643000000, 0x0000000643400000, 0x0000000643400000|100%|HC|  |TAMS 0x0000000643000000| PB 0x0000000643000000| Complete 
| 269|0x0000000643400000, 0x0000000643800000, 0x0000000643800000|100%|HC|  |TAMS 0x0000000643400000| PB 0x0000000643400000| Complete 
| 270|0x0000000643800000, 0x0000000643c00000, 0x0000000643c00000|100%|HC|  |TAMS 0x0000000643800000| PB 0x0000000643800000| Complete 
| 271|0x0000000643c00000, 0x0000000644000000, 0x0000000644000000|100%|HC|  |TAMS 0x0000000643c00000| PB 0x0000000643c00000| Complete 
| 272|0x0000000644000000, 0x0000000644400000, 0x0000000644400000|100%|HC|  |TAMS 0x0000000644000000| PB 0x0000000644000000| Complete 
| 273|0x0000000644400000, 0x0000000644800000, 0x0000000644800000|100%|HC|  |TAMS 0x0000000644400000| PB 0x0000000644400000| Complete 
| 274|0x0000000644800000, 0x0000000644c00000, 0x0000000644c00000|100%|HC|  |TAMS 0x0000000644800000| PB 0x0000000644800000| Complete 
| 275|0x0000000644c00000, 0x0000000645000000, 0x0000000645000000|100%|HC|  |TAMS 0x0000000644c00000| PB 0x0000000644c00000| Complete 
| 276|0x0000000645000000, 0x0000000645400000, 0x0000000645400000|100%|HC|  |TAMS 0x0000000645000000| PB 0x0000000645000000| Complete 
| 277|0x0000000645400000, 0x0000000645800000, 0x0000000645800000|100%|HC|  |TAMS 0x0000000645400000| PB 0x0000000645400000| Complete 
| 278|0x0000000645800000, 0x0000000645c00000, 0x0000000645c00000|100%|HC|  |TAMS 0x0000000645800000| PB 0x0000000645800000| Complete 
| 279|0x0000000645c00000, 0x0000000646000000, 0x0000000646000000|100%|HC|  |TAMS 0x0000000645c00000| PB 0x0000000645c00000| Complete 
| 280|0x0000000646000000, 0x0000000646400000, 0x0000000646400000|100%|HC|  |TAMS 0x0000000646000000| PB 0x0000000646000000| Complete 
| 281|0x0000000646400000, 0x0000000646800000, 0x0000000646800000|100%|HC|  |TAMS 0x0000000646400000| PB 0x0000000646400000| Complete 
| 282|0x0000000646800000, 0x0000000646c00000, 0x0000000646c00000|100%|HC|  |TAMS 0x0000000646800000| PB 0x0000000646800000| Complete 
| 283|0x0000000646c00000, 0x0000000647000000, 0x0000000647000000|100%|HC|  |TAMS 0x0000000646c00000| PB 0x0000000646c00000| Complete 
| 284|0x0000000647000000, 0x0000000647400000, 0x0000000647400000|100%|HC|  |TAMS 0x0000000647000000| PB 0x0000000647000000| Complete 
| 285|0x0000000647400000, 0x0000000647800000, 0x0000000647800000|100%|HC|  |TAMS 0x0000000647400000| PB 0x0000000647400000| Complete 
| 286|0x0000000647800000, 0x0000000647c00000, 0x0000000647c00000|100%|HC|  |TAMS 0x0000000647800000| PB 0x0000000647800000| Complete 
| 287|0x0000000647c00000, 0x0000000648000000, 0x0000000648000000|100%|HC|  |TAMS 0x0000000647c00000| PB 0x0000000647c00000| Complete 
| 288|0x0000000648000000, 0x0000000648400000, 0x0000000648400000|100%|HC|  |TAMS 0x0000000648000000| PB 0x0000000648000000| Complete 
| 289|0x0000000648400000, 0x0000000648800000, 0x0000000648800000|100%|HC|  |TAMS 0x0000000648400000| PB 0x0000000648400000| Complete 
| 290|0x0000000648800000, 0x0000000648c00000, 0x0000000648c00000|100%|HC|  |TAMS 0x0000000648800000| PB 0x0000000648800000| Complete 
| 291|0x0000000648c00000, 0x0000000649000000, 0x0000000649000000|100%|HC|  |TAMS 0x0000000648c00000| PB 0x0000000648c00000| Complete 
| 292|0x0000000649000000, 0x0000000649400000, 0x0000000649400000|100%|HC|  |TAMS 0x0000000649000000| PB 0x0000000649000000| Complete 
| 293|0x0000000649400000, 0x0000000649800000, 0x0000000649800000|100%|HC|  |TAMS 0x0000000649400000| PB 0x0000000649400000| Complete 
| 294|0x0000000649800000, 0x0000000649c00000, 0x0000000649c00000|100%|HC|  |TAMS 0x0000000649800000| PB 0x0000000649800000| Complete 
| 295|0x0000000649c00000, 0x000000064a000000, 0x000000064a000000|100%|HC|  |TAMS 0x0000000649c00000| PB 0x0000000649c00000| Complete 
| 296|0x000000064a000000, 0x000000064a400000, 0x000000064a400000|100%|HC|  |TAMS 0x000000064a000000| PB 0x000000064a000000| Complete 
| 297|0x000000064a400000, 0x000000064a800000, 0x000000064a800000|100%|HS|  |TAMS 0x000000064a400000| PB 0x000000064a400000| Complete 
| 298|0x000000064a800000, 0x000000064ac00000, 0x000000064ac00000|100%|HC|  |TAMS 0x000000064a800000| PB 0x000000064a800000| Complete 
| 299|0x000000064ac00000, 0x000000064b000000, 0x000000064b000000|100%|HC|  |TAMS 0x000000064ac00000| PB 0x000000064ac00000| Complete 
| 300|0x000000064b000000, 0x000000064b400000, 0x000000064b400000|100%|HC|  |TAMS 0x000000064b000000| PB 0x000000064b000000| Complete 
| 301|0x000000064b400000, 0x000000064b800000, 0x000000064b800000|100%|HC|  |TAMS 0x000000064b400000| PB 0x000000064b400000| Complete 
| 302|0x000000064b800000, 0x000000064bc00000, 0x000000064bc00000|100%|HC|  |TAMS 0x000000064b800000| PB 0x000000064b800000| Complete 
| 303|0x000000064bc00000, 0x000000064c000000, 0x000000064c000000|100%|HC|  |TAMS 0x000000064bc00000| PB 0x000000064bc00000| Complete 
| 304|0x000000064c000000, 0x000000064c400000, 0x000000064c400000|100%|HC|  |TAMS 0x000000064c000000| PB 0x000000064c000000| Complete 
| 305|0x000000064c400000, 0x000000064c800000, 0x000000064c800000|100%|HC|  |TAMS 0x000000064c400000| PB 0x000000064c400000| Complete 
| 306|0x000000064c800000, 0x000000064cc00000, 0x000000064cc00000|100%|HC|  |TAMS 0x000000064c800000| PB 0x000000064c800000| Complete 
| 307|0x000000064cc00000, 0x000000064d000000, 0x000000064d000000|100%|HC|  |TAMS 0x000000064cc00000| PB 0x000000064cc00000| Complete 
| 308|0x000000064d000000, 0x000000064d400000, 0x000000064d400000|100%|HC|  |TAMS 0x000000064d000000| PB 0x000000064d000000| Complete 
| 309|0x000000064d400000, 0x000000064d800000, 0x000000064d800000|100%|HC|  |TAMS 0x000000064d400000| PB 0x000000064d400000| Complete 
| 310|0x000000064d800000, 0x000000064dc00000, 0x000000064dc00000|100%|HC|  |TAMS 0x000000064d800000| PB 0x000000064d800000| Complete 
| 311|0x000000064dc00000, 0x000000064e000000, 0x000000064e000000|100%|HC|  |TAMS 0x000000064dc00000| PB 0x000000064dc00000| Complete 
| 312|0x000000064e000000, 0x000000064e400000, 0x000000064e400000|100%|HC|  |TAMS 0x000000064e000000| PB 0x000000064e000000| Complete 
| 313|0x000000064e400000, 0x000000064e800000, 0x000000064e800000|100%|HC|  |TAMS 0x000000064e400000| PB 0x000000064e400000| Complete 
| 314|0x000000064e800000, 0x000000064ec00000, 0x000000064ec00000|100%|HC|  |TAMS 0x000000064e800000| PB 0x000000064e800000| Complete 
| 315|0x000000064ec00000, 0x000000064f000000, 0x000000064f000000|100%|HC|  |TAMS 0x000000064ec00000| PB 0x000000064ec00000| Complete 
| 316|0x000000064f000000, 0x000000064f400000, 0x000000064f400000|100%|HC|  |TAMS 0x000000064f000000| PB 0x000000064f000000| Complete 
| 317|0x000000064f400000, 0x000000064f800000, 0x000000064f800000|100%|HC|  |TAMS 0x000000064f400000| PB 0x000000064f400000| Complete 
| 318|0x000000064f800000, 0x000000064fc00000, 0x000000064fc00000|100%|HC|  |TAMS 0x000000064f800000| PB 0x000000064f800000| Complete 
| 319|0x000000064fc00000, 0x0000000650000000, 0x0000000650000000|100%|HC|  |TAMS 0x000000064fc00000| PB 0x000000064fc00000| Complete 
| 320|0x0000000650000000, 0x0000000650400000, 0x0000000650400000|100%|HC|  |TAMS 0x0000000650000000| PB 0x0000000650000000| Complete 
| 321|0x0000000650400000, 0x0000000650800000, 0x0000000650800000|100%|HC|  |TAMS 0x0000000650400000| PB 0x0000000650400000| Complete 
| 322|0x0000000650800000, 0x0000000650c00000, 0x0000000650c00000|100%|HC|  |TAMS 0x0000000650800000| PB 0x0000000650800000| Complete 
| 323|0x0000000650c00000, 0x0000000651000000, 0x0000000651000000|100%|HC|  |TAMS 0x0000000650c00000| PB 0x0000000650c00000| Complete 
| 324|0x0000000651000000, 0x0000000651400000, 0x0000000651400000|100%|HC|  |TAMS 0x0000000651000000| PB 0x0000000651000000| Complete 
| 325|0x0000000651400000, 0x0000000651800000, 0x0000000651800000|100%|HC|  |TAMS 0x0000000651400000| PB 0x0000000651400000| Complete 
| 326|0x0000000651800000, 0x0000000651c00000, 0x0000000651c00000|100%|HC|  |TAMS 0x0000000651800000| PB 0x0000000651800000| Complete 
| 327|0x0000000651c00000, 0x0000000652000000, 0x0000000652000000|100%|HC|  |TAMS 0x0000000651c00000| PB 0x0000000651c00000| Complete 
| 328|0x0000000652000000, 0x0000000652400000, 0x0000000652400000|100%|HC|  |TAMS 0x0000000652000000| PB 0x0000000652000000| Complete 
| 329|0x0000000652400000, 0x0000000652800000, 0x0000000652800000|100%|HC|  |TAMS 0x0000000652400000| PB 0x0000000652400000| Complete 
| 330|0x0000000652800000, 0x0000000652c00000, 0x0000000652c00000|100%|HC|  |TAMS 0x0000000652800000| PB 0x0000000652800000| Complete 
| 331|0x0000000652c00000, 0x0000000653000000, 0x0000000653000000|100%|HC|  |TAMS 0x0000000652c00000| PB 0x0000000652c00000| Complete 
| 332|0x0000000653000000, 0x0000000653400000, 0x0000000653400000|100%|HC|  |TAMS 0x0000000653000000| PB 0x0000000653000000| Complete 
| 333|0x0000000653400000, 0x0000000653800000, 0x0000000653800000|100%|HC|  |TAMS 0x0000000653400000| PB 0x0000000653400000| Complete 
| 334|0x0000000653800000, 0x0000000653c00000, 0x0000000653c00000|100%|HC|  |TAMS 0x0000000653800000| PB 0x0000000653800000| Complete 
| 335|0x0000000653c00000, 0x0000000654000000, 0x0000000654000000|100%|HC|  |TAMS 0x0000000653c00000| PB 0x0000000653c00000| Complete 
| 336|0x0000000654000000, 0x0000000654400000, 0x0000000654400000|100%|HC|  |TAMS 0x0000000654000000| PB 0x0000000654000000| Complete 
| 337|0x0000000654400000, 0x0000000654800000, 0x0000000654800000|100%|HC|  |TAMS 0x0000000654400000| PB 0x0000000654400000| Complete 
| 338|0x0000000654800000, 0x0000000654c00000, 0x0000000654c00000|100%|HC|  |TAMS 0x0000000654800000| PB 0x0000000654800000| Complete 
| 339|0x0000000654c00000, 0x0000000655000000, 0x0000000655000000|100%|HC|  |TAMS 0x0000000654c00000| PB 0x0000000654c00000| Complete 
| 340|0x0000000655000000, 0x0000000655400000, 0x0000000655400000|100%|HC|  |TAMS 0x0000000655000000| PB 0x0000000655000000| Complete 
| 341|0x0000000655400000, 0x0000000655800000, 0x0000000655800000|100%|HC|  |TAMS 0x0000000655400000| PB 0x0000000655400000| Complete 
| 342|0x0000000655800000, 0x0000000655c00000, 0x0000000655c00000|100%|HC|  |TAMS 0x0000000655800000| PB 0x0000000655800000| Complete 
| 343|0x0000000655c00000, 0x0000000656000000, 0x0000000656000000|100%|HC|  |TAMS 0x0000000655c00000| PB 0x0000000655c00000| Complete 
| 344|0x0000000656000000, 0x0000000656400000, 0x0000000656400000|100%|HC|  |TAMS 0x0000000656000000| PB 0x0000000656000000| Complete 
| 345|0x0000000656400000, 0x0000000656800000, 0x0000000656800000|100%|HC|  |TAMS 0x0000000656400000| PB 0x0000000656400000| Complete 
| 346|0x0000000656800000, 0x0000000656c00000, 0x0000000656c00000|100%|HC|  |TAMS 0x0000000656800000| PB 0x0000000656800000| Complete 
| 347|0x0000000656c00000, 0x0000000657000000, 0x0000000657000000|100%|HC|  |TAMS 0x0000000656c00000| PB 0x0000000656c00000| Complete 
| 348|0x0000000657000000, 0x0000000657400000, 0x0000000657400000|100%|HC|  |TAMS 0x0000000657000000| PB 0x0000000657000000| Complete 
| 349|0x0000000657400000, 0x0000000657800000, 0x0000000657800000|100%|HC|  |TAMS 0x0000000657400000| PB 0x0000000657400000| Complete 
| 350|0x0000000657800000, 0x0000000657c00000, 0x0000000657c00000|100%|HC|  |TAMS 0x0000000657800000| PB 0x0000000657800000| Complete 
| 351|0x0000000657c00000, 0x0000000658000000, 0x0000000658000000|100%|HC|  |TAMS 0x0000000657c00000| PB 0x0000000657c00000| Complete 
| 352|0x0000000658000000, 0x0000000658400000, 0x0000000658400000|100%|HC|  |TAMS 0x0000000658000000| PB 0x0000000658000000| Complete 
| 353|0x0000000658400000, 0x0000000658800000, 0x0000000658800000|100%|HC|  |TAMS 0x0000000658400000| PB 0x0000000658400000| Complete 
| 354|0x0000000658800000, 0x0000000658c00000, 0x0000000658c00000|100%|HC|  |TAMS 0x0000000658800000| PB 0x0000000658800000| Complete 
| 355|0x0000000658c00000, 0x0000000659000000, 0x0000000659000000|100%|HC|  |TAMS 0x0000000658c00000| PB 0x0000000658c00000| Complete 
| 356|0x0000000659000000, 0x0000000659400000, 0x0000000659400000|100%|HC|  |TAMS 0x0000000659000000| PB 0x0000000659000000| Complete 
| 357|0x0000000659400000, 0x0000000659800000, 0x0000000659800000|100%|HC|  |TAMS 0x0000000659400000| PB 0x0000000659400000| Complete 
| 358|0x0000000659800000, 0x0000000659c00000, 0x0000000659c00000|100%|HC|  |TAMS 0x0000000659800000| PB 0x0000000659800000| Complete 
| 359|0x0000000659c00000, 0x000000065a000000, 0x000000065a000000|100%|HC|  |TAMS 0x0000000659c00000| PB 0x0000000659c00000| Complete 
| 360|0x000000065a000000, 0x000000065a400000, 0x000000065a400000|100%|HC|  |TAMS 0x000000065a000000| PB 0x000000065a000000| Complete 
| 361|0x000000065a400000, 0x000000065a800000, 0x000000065a800000|100%|HC|  |TAMS 0x000000065a400000| PB 0x000000065a400000| Complete 
| 362|0x000000065a800000, 0x000000065ac00000, 0x000000065ac00000|100%|HC|  |TAMS 0x000000065a800000| PB 0x000000065a800000| Complete 
| 363|0x000000065ac00000, 0x000000065b000000, 0x000000065b000000|100%|HC|  |TAMS 0x000000065ac00000| PB 0x000000065ac00000| Complete 
| 364|0x000000065b000000, 0x000000065b400000, 0x000000065b400000|100%|HC|  |TAMS 0x000000065b000000| PB 0x000000065b000000| Complete 
| 365|0x000000065b400000, 0x000000065b800000, 0x000000065b800000|100%|HC|  |TAMS 0x000000065b400000| PB 0x000000065b400000| Complete 
| 366|0x000000065b800000, 0x000000065bc00000, 0x000000065bc00000|100%|HC|  |TAMS 0x000000065b800000| PB 0x000000065b800000| Complete 
| 367|0x000000065bc00000, 0x000000065c000000, 0x000000065c000000|100%|HC|  |TAMS 0x000000065bc00000| PB 0x000000065bc00000| Complete 
| 368|0x000000065c000000, 0x000000065c400000, 0x000000065c400000|100%|HC|  |TAMS 0x000000065c000000| PB 0x000000065c000000| Complete 
| 369|0x000000065c400000, 0x000000065c800000, 0x000000065c800000|100%|HC|  |TAMS 0x000000065c400000| PB 0x000000065c400000| Complete 
| 370|0x000000065c800000, 0x000000065cc00000, 0x000000065cc00000|100%|HC|  |TAMS 0x000000065c800000| PB 0x000000065c800000| Complete 
| 371|0x000000065cc00000, 0x000000065d000000, 0x000000065d000000|100%|HC|  |TAMS 0x000000065cc00000| PB 0x000000065cc00000| Complete 
| 372|0x000000065d000000, 0x000000065d400000, 0x000000065d400000|100%|HC|  |TAMS 0x000000065d000000| PB 0x000000065d000000| Complete 
| 373|0x000000065d400000, 0x000000065d800000, 0x000000065d800000|100%|HC|  |TAMS 0x000000065d400000| PB 0x000000065d400000| Complete 
| 374|0x000000065d800000, 0x000000065dc00000, 0x000000065dc00000|100%|HC|  |TAMS 0x000000065d800000| PB 0x000000065d800000| Complete 
| 375|0x000000065dc00000, 0x000000065e000000, 0x000000065e000000|100%|HC|  |TAMS 0x000000065dc00000| PB 0x000000065dc00000| Complete 
| 376|0x000000065e000000, 0x000000065e400000, 0x000000065e400000|100%|HC|  |TAMS 0x000000065e000000| PB 0x000000065e000000| Complete 
| 377|0x000000065e400000, 0x000000065e800000, 0x000000065e800000|100%|HC|  |TAMS 0x000000065e400000| PB 0x000000065e400000| Complete 
| 378|0x000000065e800000, 0x000000065ec00000, 0x000000065ec00000|100%|HC|  |TAMS 0x000000065e800000| PB 0x000000065e800000| Complete 
| 379|0x000000065ec00000, 0x000000065f000000, 0x000000065f000000|100%|HC|  |TAMS 0x000000065ec00000| PB 0x000000065ec00000| Complete 
| 380|0x000000065f000000, 0x000000065f400000, 0x000000065f400000|100%|HC|  |TAMS 0x000000065f000000| PB 0x000000065f000000| Complete 
| 381|0x000000065f400000, 0x000000065f800000, 0x000000065f800000|100%|HC|  |TAMS 0x000000065f400000| PB 0x000000065f400000| Complete 
| 382|0x000000065f800000, 0x000000065fc00000, 0x000000065fc00000|100%|HC|  |TAMS 0x000000065f800000| PB 0x000000065f800000| Complete 
| 383|0x000000065fc00000, 0x0000000660000000, 0x0000000660000000|100%|HC|  |TAMS 0x000000065fc00000| PB 0x000000065fc00000| Complete 
| 384|0x0000000660000000, 0x0000000660400000, 0x0000000660400000|100%|HC|  |TAMS 0x0000000660000000| PB 0x0000000660000000| Complete 
| 385|0x0000000660400000, 0x0000000660800000, 0x0000000660800000|100%|HC|  |TAMS 0x0000000660400000| PB 0x0000000660400000| Complete 
| 386|0x0000000660800000, 0x0000000660c00000, 0x0000000660c00000|100%|HC|  |TAMS 0x0000000660800000| PB 0x0000000660800000| Complete 
| 387|0x0000000660c00000, 0x0000000661000000, 0x0000000661000000|100%|HC|  |TAMS 0x0000000660c00000| PB 0x0000000660c00000| Complete 
| 388|0x0000000661000000, 0x0000000661400000, 0x0000000661400000|100%|HC|  |TAMS 0x0000000661000000| PB 0x0000000661000000| Complete 
| 389|0x0000000661400000, 0x0000000661800000, 0x0000000661800000|100%|HC|  |TAMS 0x0000000661400000| PB 0x0000000661400000| Complete 
| 390|0x0000000661800000, 0x0000000661c00000, 0x0000000661c00000|100%|HC|  |TAMS 0x0000000661800000| PB 0x0000000661800000| Complete 
| 391|0x0000000661c00000, 0x0000000662000000, 0x0000000662000000|100%|HC|  |TAMS 0x0000000661c00000| PB 0x0000000661c00000| Complete 
| 392|0x0000000662000000, 0x0000000662400000, 0x0000000662400000|100%|HC|  |TAMS 0x0000000662000000| PB 0x0000000662000000| Complete 
| 393|0x0000000662400000, 0x0000000662800000, 0x0000000662800000|100%|HC|  |TAMS 0x0000000662400000| PB 0x0000000662400000| Complete 
| 394|0x0000000662800000, 0x0000000662c00000, 0x0000000662c00000|100%|HC|  |TAMS 0x0000000662800000| PB 0x0000000662800000| Complete 
| 395|0x0000000662c00000, 0x0000000663000000, 0x0000000663000000|100%|HC|  |TAMS 0x0000000662c00000| PB 0x0000000662c00000| Complete 
| 396|0x0000000663000000, 0x0000000663400000, 0x0000000663400000|100%|HC|  |TAMS 0x0000000663000000| PB 0x0000000663000000| Complete 
| 397|0x0000000663400000, 0x0000000663800000, 0x0000000663800000|100%|HC|  |TAMS 0x0000000663400000| PB 0x0000000663400000| Complete 
| 398|0x0000000663800000, 0x0000000663c00000, 0x0000000663c00000|100%|HC|  |TAMS 0x0000000663800000| PB 0x0000000663800000| Complete 
| 399|0x0000000663c00000, 0x0000000664000000, 0x0000000664000000|100%|HC|  |TAMS 0x0000000663c00000| PB 0x0000000663c00000| Complete 
| 400|0x0000000664000000, 0x0000000664400000, 0x0000000664400000|100%|HC|  |TAMS 0x0000000664000000| PB 0x0000000664000000| Complete 
| 401|0x0000000664400000, 0x0000000664800000, 0x0000000664800000|100%|HC|  |TAMS 0x0000000664400000| PB 0x0000000664400000| Complete 
| 402|0x0000000664800000, 0x0000000664c00000, 0x0000000664c00000|100%|HC|  |TAMS 0x0000000664800000| PB 0x0000000664800000| Complete 
| 403|0x0000000664c00000, 0x0000000665000000, 0x0000000665000000|100%|HC|  |TAMS 0x0000000664c00000| PB 0x0000000664c00000| Complete 
| 404|0x0000000665000000, 0x0000000665400000, 0x0000000665400000|100%|HC|  |TAMS 0x0000000665000000| PB 0x0000000665000000| Complete 
| 405|0x0000000665400000, 0x0000000665800000, 0x0000000665800000|100%|HC|  |TAMS 0x0000000665400000| PB 0x0000000665400000| Complete 
| 406|0x0000000665800000, 0x0000000665c00000, 0x0000000665c00000|100%|HC|  |TAMS 0x0000000665800000| PB 0x0000000665800000| Complete 
| 407|0x0000000665c00000, 0x0000000666000000, 0x0000000666000000|100%|HC|  |TAMS 0x0000000665c00000| PB 0x0000000665c00000| Complete 
| 408|0x0000000666000000, 0x0000000666400000, 0x0000000666400000|100%|HC|  |TAMS 0x0000000666000000| PB 0x0000000666000000| Complete 
| 409|0x0000000666400000, 0x0000000666800000, 0x0000000666800000|100%|HC|  |TAMS 0x0000000666400000| PB 0x0000000666400000| Complete 
| 410|0x0000000666800000, 0x0000000666c00000, 0x0000000666c00000|100%|HC|  |TAMS 0x0000000666800000| PB 0x0000000666800000| Complete 
| 411|0x0000000666c00000, 0x0000000667000000, 0x0000000667000000|100%|HC|  |TAMS 0x0000000666c00000| PB 0x0000000666c00000| Complete 
| 412|0x0000000667000000, 0x0000000667400000, 0x0000000667400000|100%|HC|  |TAMS 0x0000000667000000| PB 0x0000000667000000| Complete 
| 413|0x0000000667400000, 0x0000000667800000, 0x0000000667800000|100%|HC|  |TAMS 0x0000000667400000| PB 0x0000000667400000| Complete 
| 414|0x0000000667800000, 0x0000000667c00000, 0x0000000667c00000|100%|HC|  |TAMS 0x0000000667800000| PB 0x0000000667800000| Complete 
| 415|0x0000000667c00000, 0x0000000668000000, 0x0000000668000000|100%|HC|  |TAMS 0x0000000667c00000| PB 0x0000000667c00000| Complete 
| 416|0x0000000668000000, 0x0000000668400000, 0x0000000668400000|100%|HC|  |TAMS 0x0000000668000000| PB 0x0000000668000000| Complete 
| 417|0x0000000668400000, 0x0000000668800000, 0x0000000668800000|100%|HC|  |TAMS 0x0000000668400000| PB 0x0000000668400000| Complete 
| 418|0x0000000668800000, 0x0000000668c00000, 0x0000000668c00000|100%|HC|  |TAMS 0x0000000668800000| PB 0x0000000668800000| Complete 
| 419|0x0000000668c00000, 0x0000000669000000, 0x0000000669000000|100%|HC|  |TAMS 0x0000000668c00000| PB 0x0000000668c00000| Complete 
| 420|0x0000000669000000, 0x0000000669400000, 0x0000000669400000|100%|HC|  |TAMS 0x0000000669000000| PB 0x0000000669000000| Complete 
| 421|0x0000000669400000, 0x0000000669800000, 0x0000000669800000|100%|HC|  |TAMS 0x0000000669400000| PB 0x0000000669400000| Complete 
| 422|0x0000000669800000, 0x0000000669c00000, 0x0000000669c00000|100%|HC|  |TAMS 0x0000000669800000| PB 0x0000000669800000| Complete 
| 423|0x0000000669c00000, 0x000000066a000000, 0x000000066a000000|100%|HC|  |TAMS 0x0000000669c00000| PB 0x0000000669c00000| Complete 
| 424|0x000000066a000000, 0x000000066a400000, 0x000000066a400000|100%|HC|  |TAMS 0x000000066a000000| PB 0x000000066a000000| Complete 
| 425|0x000000066a400000, 0x000000066a800000, 0x000000066a800000|100%|HC|  |TAMS 0x000000066a400000| PB 0x000000066a400000| Complete 
| 426|0x000000066a800000, 0x000000066a800000, 0x000000066ac00000|  0%| F|  |TAMS 0x000000066a800000| PB 0x000000066a800000| Untracked 
| 427|0x000000066ac00000, 0x000000066ac00000, 0x000000066b000000|  0%| F|  |TAMS 0x000000066ac00000| PB 0x000000066ac00000| Untracked 
| 428|0x000000066b000000, 0x000000066b000000, 0x000000066b400000|  0%| F|  |TAMS 0x000000066b000000| PB 0x000000066b000000| Untracked 
| 429|0x000000066b400000, 0x000000066b400000, 0x000000066b800000|  0%| F|  |TAMS 0x000000066b400000| PB 0x000000066b400000| Untracked 
| 430|0x000000066b800000, 0x000000066b800000, 0x000000066bc00000|  0%| F|  |TAMS 0x000000066b800000| PB 0x000000066b800000| Untracked 
| 431|0x000000066bc00000, 0x000000066bc00000, 0x000000066c000000|  0%| F|  |TAMS 0x000000066bc00000| PB 0x000000066bc00000| Untracked 
| 432|0x000000066c000000, 0x000000066c000000, 0x000000066c400000|  0%| F|  |TAMS 0x000000066c000000| PB 0x000000066c000000| Untracked 
| 433|0x000000066c400000, 0x000000066c400000, 0x000000066c800000|  0%| F|  |TAMS 0x000000066c400000| PB 0x000000066c400000| Untracked 
| 434|0x000000066c800000, 0x000000066c800000, 0x000000066cc00000|  0%| F|  |TAMS 0x000000066c800000| PB 0x000000066c800000| Untracked 
| 435|0x000000066cc00000, 0x000000066cc00000, 0x000000066d000000|  0%| F|  |TAMS 0x000000066cc00000| PB 0x000000066cc00000| Untracked 
| 436|0x000000066d000000, 0x000000066d000000, 0x000000066d400000|  0%| F|  |TAMS 0x000000066d000000| PB 0x000000066d000000| Untracked 
| 437|0x000000066d400000, 0x000000066d400000, 0x000000066d800000|  0%| F|  |TAMS 0x000000066d400000| PB 0x000000066d400000| Untracked 
| 438|0x000000066d800000, 0x000000066d800000, 0x000000066dc00000|  0%| F|  |TAMS 0x000000066d800000| PB 0x000000066d800000| Untracked 
| 439|0x000000066dc00000, 0x000000066dc00000, 0x000000066e000000|  0%| F|  |TAMS 0x000000066dc00000| PB 0x000000066dc00000| Untracked 
| 440|0x000000066e000000, 0x000000066e000000, 0x000000066e400000|  0%| F|  |TAMS 0x000000066e000000| PB 0x000000066e000000| Untracked 
| 441|0x000000066e400000, 0x000000066e400000, 0x000000066e800000|  0%| F|  |TAMS 0x000000066e400000| PB 0x000000066e400000| Untracked 
| 442|0x000000066e800000, 0x000000066e800000, 0x000000066ec00000|  0%| F|  |TAMS 0x000000066e800000| PB 0x000000066e800000| Untracked 
| 443|0x000000066ec00000, 0x000000066ec00000, 0x000000066f000000|  0%| F|  |TAMS 0x000000066ec00000| PB 0x000000066ec00000| Untracked 
| 444|0x000000066f000000, 0x000000066f000000, 0x000000066f400000|  0%| F|  |TAMS 0x000000066f000000| PB 0x000000066f000000| Untracked 
| 445|0x000000066f400000, 0x000000066f400000, 0x000000066f800000|  0%| F|  |TAMS 0x000000066f400000| PB 0x000000066f400000| Untracked 
| 446|0x000000066f800000, 0x000000066f800000, 0x000000066fc00000|  0%| F|  |TAMS 0x000000066f800000| PB 0x000000066f800000| Untracked 
| 447|0x000000066fc00000, 0x000000066fc00000, 0x0000000670000000|  0%| F|  |TAMS 0x000000066fc00000| PB 0x000000066fc00000| Untracked 
| 448|0x0000000670000000, 0x0000000670000000, 0x0000000670400000|  0%| F|  |TAMS 0x0000000670000000| PB 0x0000000670000000| Untracked 
| 449|0x0000000670400000, 0x0000000670400000, 0x0000000670800000|  0%| F|  |TAMS 0x0000000670400000| PB 0x0000000670400000| Untracked 
| 450|0x0000000670800000, 0x0000000670800000, 0x0000000670c00000|  0%| F|  |TAMS 0x0000000670800000| PB 0x0000000670800000| Untracked 
| 451|0x0000000670c00000, 0x0000000670c00000, 0x0000000671000000|  0%| F|  |TAMS 0x0000000670c00000| PB 0x0000000670c00000| Untracked 
| 452|0x0000000671000000, 0x0000000671000000, 0x0000000671400000|  0%| F|  |TAMS 0x0000000671000000| PB 0x0000000671000000| Untracked 
| 453|0x0000000671400000, 0x0000000671400000, 0x0000000671800000|  0%| F|  |TAMS 0x0000000671400000| PB 0x0000000671400000| Untracked 
| 454|0x0000000671800000, 0x0000000671800000, 0x0000000671c00000|  0%| F|  |TAMS 0x0000000671800000| PB 0x0000000671800000| Untracked 
| 455|0x0000000671c00000, 0x0000000671c00000, 0x0000000672000000|  0%| F|  |TAMS 0x0000000671c00000| PB 0x0000000671c00000| Untracked 
| 456|0x0000000672000000, 0x0000000672000000, 0x0000000672400000|  0%| F|  |TAMS 0x0000000672000000| PB 0x0000000672000000| Untracked 
| 457|0x0000000672400000, 0x0000000672400000, 0x0000000672800000|  0%| F|  |TAMS 0x0000000672400000| PB 0x0000000672400000| Untracked 
| 458|0x0000000672800000, 0x0000000672800000, 0x0000000672c00000|  0%| F|  |TAMS 0x0000000672800000| PB 0x0000000672800000| Untracked 
| 459|0x0000000672c00000, 0x0000000672c00000, 0x0000000673000000|  0%| F|  |TAMS 0x0000000672c00000| PB 0x0000000672c00000| Untracked 
| 460|0x0000000673000000, 0x0000000673000000, 0x0000000673400000|  0%| F|  |TAMS 0x0000000673000000| PB 0x0000000673000000| Untracked 
| 461|0x0000000673400000, 0x0000000673400000, 0x0000000673800000|  0%| F|  |TAMS 0x0000000673400000| PB 0x0000000673400000| Untracked 
| 462|0x0000000673800000, 0x0000000673800000, 0x0000000673c00000|  0%| F|  |TAMS 0x0000000673800000| PB 0x0000000673800000| Untracked 
| 463|0x0000000673c00000, 0x0000000673c00000, 0x0000000674000000|  0%| F|  |TAMS 0x0000000673c00000| PB 0x0000000673c00000| Untracked 
| 464|0x0000000674000000, 0x0000000674000000, 0x0000000674400000|  0%| F|  |TAMS 0x0000000674000000| PB 0x0000000674000000| Untracked 
| 465|0x0000000674400000, 0x0000000674400000, 0x0000000674800000|  0%| F|  |TAMS 0x0000000674400000| PB 0x0000000674400000| Untracked 
| 466|0x0000000674800000, 0x0000000674800000, 0x0000000674c00000|  0%| F|  |TAMS 0x0000000674800000| PB 0x0000000674800000| Untracked 
| 467|0x0000000674c00000, 0x0000000674c00000, 0x0000000675000000|  0%| F|  |TAMS 0x0000000674c00000| PB 0x0000000674c00000| Untracked 
| 468|0x0000000675000000, 0x0000000675000000, 0x0000000675400000|  0%| F|  |TAMS 0x0000000675000000| PB 0x0000000675000000| Untracked 
| 469|0x0000000675400000, 0x0000000675400000, 0x0000000675800000|  0%| F|  |TAMS 0x0000000675400000| PB 0x0000000675400000| Untracked 
| 470|0x0000000675800000, 0x0000000675800000, 0x0000000675c00000|  0%| F|  |TAMS 0x0000000675800000| PB 0x0000000675800000| Untracked 
| 471|0x0000000675c00000, 0x0000000675c00000, 0x0000000676000000|  0%| F|  |TAMS 0x0000000675c00000| PB 0x0000000675c00000| Untracked 
| 472|0x0000000676000000, 0x0000000676000000, 0x0000000676400000|  0%| F|  |TAMS 0x0000000676000000| PB 0x0000000676000000| Untracked 
| 473|0x0000000676400000, 0x0000000676400000, 0x0000000676800000|  0%| F|  |TAMS 0x0000000676400000| PB 0x0000000676400000| Untracked 
| 474|0x0000000676800000, 0x0000000676800000, 0x0000000676c00000|  0%| F|  |TAMS 0x0000000676800000| PB 0x0000000676800000| Untracked 
| 475|0x0000000676c00000, 0x0000000676c00000, 0x0000000677000000|  0%| F|  |TAMS 0x0000000676c00000| PB 0x0000000676c00000| Untracked 
| 476|0x0000000677000000, 0x0000000677000000, 0x0000000677400000|  0%| F|  |TAMS 0x0000000677000000| PB 0x0000000677000000| Untracked 
| 477|0x0000000677400000, 0x0000000677400000, 0x0000000677800000|  0%| F|  |TAMS 0x0000000677400000| PB 0x0000000677400000| Untracked 
| 478|0x0000000677800000, 0x0000000677800000, 0x0000000677c00000|  0%| F|  |TAMS 0x0000000677800000| PB 0x0000000677800000| Untracked 
| 479|0x0000000677c00000, 0x0000000677c00000, 0x0000000678000000|  0%| F|  |TAMS 0x0000000677c00000| PB 0x0000000677c00000| Untracked 
| 480|0x0000000678000000, 0x0000000678000000, 0x0000000678400000|  0%| F|  |TAMS 0x0000000678000000| PB 0x0000000678000000| Untracked 
| 481|0x0000000678400000, 0x0000000678400000, 0x0000000678800000|  0%| F|  |TAMS 0x0000000678400000| PB 0x0000000678400000| Untracked 
| 482|0x0000000678800000, 0x0000000678800000, 0x0000000678c00000|  0%| F|  |TAMS 0x0000000678800000| PB 0x0000000678800000| Untracked 
| 483|0x0000000678c00000, 0x0000000678c00000, 0x0000000679000000|  0%| F|  |TAMS 0x0000000678c00000| PB 0x0000000678c00000| Untracked 
| 484|0x0000000679000000, 0x0000000679000000, 0x0000000679400000|  0%| F|  |TAMS 0x0000000679000000| PB 0x0000000679000000| Untracked 
| 485|0x0000000679400000, 0x0000000679400000, 0x0000000679800000|  0%| F|  |TAMS 0x0000000679400000| PB 0x0000000679400000| Untracked 
| 486|0x0000000679800000, 0x0000000679800000, 0x0000000679c00000|  0%| F|  |TAMS 0x0000000679800000| PB 0x0000000679800000| Untracked 
| 487|0x0000000679c00000, 0x0000000679c00000, 0x000000067a000000|  0%| F|  |TAMS 0x0000000679c00000| PB 0x0000000679c00000| Untracked 
| 488|0x000000067a000000, 0x000000067a000000, 0x000000067a400000|  0%| F|  |TAMS 0x000000067a000000| PB 0x000000067a000000| Untracked 
| 489|0x000000067a400000, 0x000000067a400000, 0x000000067a800000|  0%| F|  |TAMS 0x000000067a400000| PB 0x000000067a400000| Untracked 
| 490|0x000000067a800000, 0x000000067a800000, 0x000000067ac00000|  0%| F|  |TAMS 0x000000067a800000| PB 0x000000067a800000| Untracked 
| 491|0x000000067ac00000, 0x000000067ac00000, 0x000000067b000000|  0%| F|  |TAMS 0x000000067ac00000| PB 0x000000067ac00000| Untracked 
| 492|0x000000067b000000, 0x000000067b000000, 0x000000067b400000|  0%| F|  |TAMS 0x000000067b000000| PB 0x000000067b000000| Untracked 
| 493|0x000000067b400000, 0x000000067b400000, 0x000000067b800000|  0%| F|  |TAMS 0x000000067b400000| PB 0x000000067b400000| Untracked 
| 494|0x000000067b800000, 0x000000067b800000, 0x000000067bc00000|  0%| F|  |TAMS 0x000000067b800000| PB 0x000000067b800000| Untracked 
| 495|0x000000067bc00000, 0x000000067bc00000, 0x000000067c000000|  0%| F|  |TAMS 0x000000067bc00000| PB 0x000000067bc00000| Untracked 
| 496|0x000000067c000000, 0x000000067c000000, 0x000000067c400000|  0%| F|  |TAMS 0x000000067c000000| PB 0x000000067c000000| Untracked 
| 497|0x000000067c400000, 0x000000067c400000, 0x000000067c800000|  0%| F|  |TAMS 0x000000067c400000| PB 0x000000067c400000| Untracked 
| 498|0x000000067c800000, 0x000000067c800000, 0x000000067cc00000|  0%| F|  |TAMS 0x000000067c800000| PB 0x000000067c800000| Untracked 
| 499|0x000000067cc00000, 0x000000067cc00000, 0x000000067d000000|  0%| F|  |TAMS 0x000000067cc00000| PB 0x000000067cc00000| Untracked 
| 500|0x000000067d000000, 0x000000067d000000, 0x000000067d400000|  0%| F|  |TAMS 0x000000067d000000| PB 0x000000067d000000| Untracked 
|2035|0x00000007fcc00000, 0x00000007fcca0e00, 0x00000007fd000000| 15%| O|  |TAMS 0x00000007fcc00000| PB 0x00000007fcc00000| Untracked 
|2036|0x00000007fd000000, 0x00000007fd400000, 0x00000007fd400000|100%| O|  |TAMS 0x00000007fd000000| PB 0x00000007fd000000| Untracked 
|2037|0x00000007fd400000, 0x00000007fd800000, 0x00000007fd800000|100%| O|  |TAMS 0x00000007fd400000| PB 0x00000007fd400000| Untracked 
|2038|0x00000007fd800000, 0x00000007fdc00000, 0x00000007fdc00000|100%| O|  |TAMS 0x00000007fd800000| PB 0x00000007fd800000| Untracked 
|2039|0x00000007fdc00000, 0x00000007fe000000, 0x00000007fe000000|100%| O|  |TAMS 0x00000007fdc00000| PB 0x00000007fdc00000| Untracked 
|2040|0x00000007fe000000, 0x00000007fe400000, 0x00000007fe400000|100%| O|  |TAMS 0x00000007fe000000| PB 0x00000007fe000000| Untracked 
|2041|0x00000007fe400000, 0x00000007fe800000, 0x00000007fe800000|100%| E|CS|TAMS 0x00000007fe400000| PB 0x00000007fe400000| Complete 
|2042|0x00000007fe800000, 0x00000007fec00000, 0x00000007fec00000|100%| O|  |TAMS 0x00000007fe800000| PB 0x00000007fe800000| Untracked 
|2043|0x00000007fec00000, 0x00000007ff000000, 0x00000007ff000000|100%| O|  |TAMS 0x00000007fec00000| PB 0x00000007fec00000| Untracked 
|2044|0x00000007ff000000, 0x00000007ff400000, 0x00000007ff400000|100%| O|  |TAMS 0x00000007ff000000| PB 0x00000007ff000000| Untracked 
|2045|0x00000007ff400000, 0x00000007ff800000, 0x00000007ff800000|100%| E|CS|TAMS 0x00000007ff400000| PB 0x00000007ff400000| Complete 
|2046|0x00000007ff800000, 0x00000007ffc00000, 0x00000007ffc00000|100%| O|  |TAMS 0x00000007ff800000| PB 0x00000007ff800000| Untracked 
|2047|0x00000007ffc00000, 0x0000000800000000, 0x0000000800000000|100%| O|  |TAMS 0x00000007ffc00000| PB 0x00000007ffc00000| Untracked 

Card table byte_map: [0x000001da7b5d0000,0x000001da7c5d0000] _byte_map_base: 0x000001da785d0000

Marking Bits: (CMBitMap*) 0x000001da7c611630
 Bits: [0x000001da20000000, 0x000001da28000000)

Polling page: 0x000001da74c00000

Metaspace:

Usage:
  Non-class:    199.40 MB used.
      Class:     28.58 MB used.
       Both:    227.98 MB used.

Virtual space:
  Non-class space:      256.00 MB reserved,     200.88 MB ( 78%) committed,  4 nodes.
      Class space:        1.00 GB reserved,      30.00 MB (  3%) committed,  1 nodes.
             Both:        1.25 GB reserved,     230.88 MB ( 18%) committed. 

Chunk freelists:
   Non-Class:  6.41 MB
       Class:  1.95 MB
        Both:  8.36 MB

MaxMetaspaceSize: 4.00 GB
CompressedClassSpaceSize: 1.00 GB
Initial GC threshold: 21.00 MB
Current GC threshold: 384.19 MB
CDS: off
 - commit_granule_bytes: 65536.
 - commit_granule_words: 8192.
 - virtual_space_node_default_size: 8388608.
 - enlarge_chunks_in_place: 1.
 - use_allocation_guard: 0.


Internal statistics:

num_allocs_failed_limit: 12.
num_arena_births: 5828.
num_arena_deaths: 8.
num_vsnodes_births: 5.
num_vsnodes_deaths: 0.
num_space_committed: 3681.
num_space_uncommitted: 0.
num_chunks_returned_to_freelist: 23.
num_chunks_taken_from_freelist: 15072.
num_chunk_merges: 15.
num_chunk_splits: 10530.
num_chunks_enlarged: 7405.
num_inconsistent_stats: 0.

CodeHeap 'non-profiled nmethods': size=259264Kb used=20177Kb max_used=20475Kb free=239086Kb
 bounds [0x000001da102d0000, 0x000001da11720000, 0x000001da20000000]
CodeHeap 'profiled nmethods': size=259264Kb used=55947Kb max_used=62417Kb free=203316Kb
 bounds [0x000001da00000000, 0x000001da03d00000, 0x000001da0fd30000]
CodeHeap 'non-nmethods': size=5760Kb used=2606Kb max_used=2694Kb free=3153Kb
 bounds [0x000001da0fd30000, 0x000001da0fff0000, 0x000001da102d0000]
 total_blobs=25650 nmethods=24432 adapters=1119
 compilation: enabled
              stopped_count=0, restarted_count=0
 full_count=0

Compilation events (20 events):
Event: 690.998 Thread 0x000001da7f476d00 33385       4       sun.management.spi.PlatformMBeanProvider$PlatformComponent$$Lambda/0x000000080017ee58::test (9 bytes)
Event: 691.000 Thread 0x000001da7f476d00 nmethod 33385 0x000001da11538190 code [0x000001da11538320, 0x000001da11538448]
Event: 702.436 Thread 0x000001da7f476d00 33386 % !   4       org.gradle.launcher.daemon.server.exec.LogToClient$AsynchronousLogDispatcher::run @ 0 (62 bytes)
Event: 702.457 Thread 0x000001da7f476d00 nmethod 33386% 0x000001da10e6ec90 code [0x000001da10e6eee0, 0x000001da10e6f970]
Event: 704.542 Thread 0x000001da7f49c370 33387       3       java.net.InetAddress::<init> (21 bytes)
Event: 704.542 Thread 0x000001da7f49c370 nmethod 33387 0x000001da00256e10 code [0x000001da00256fc0, 0x000001da002572e0]
Event: 704.542 Thread 0x000001da7f49c370 33388       3       java.net.InetAddress$InetAddressHolder::<init> (5 bytes)
Event: 704.542 Thread 0x000001da7f49c370 nmethod 33388 0x000001da002f9b10 code [0x000001da002f9cc0, 0x000001da002f9e28]
Event: 731.951 Thread 0x000001da7f49c370 33389       3       org.gradle.api.internal.artifacts.ivyservice.ivyresolve.CachingModuleComponentRepository::access$1300 (5 bytes)
Event: 731.954 Thread 0x000001da7f49c370 nmethod 33389 0x000001da01bf2510 code [0x000001da01bf2760, 0x000001da01bf31b8]
Event: 731.954 Thread 0x000001da7f49c370 33390       3       org.gradle.api.internal.artifacts.ivyservice.ivyresolve.CachingModuleComponentRepository::findCachingModuleSource (21 bytes)
Event: 731.955 Thread 0x000001da7f49c370 nmethod 33390 0x000001da00824390 code [0x000001da008245e0, 0x000001da00824fd8]
Event: 732.668 Thread 0x000001da7f49c370 33391       3       org.gradle.cache.internal.DefaultCacheCoordinator::useCache (10 bytes)
Event: 732.669 Thread 0x000001da7f49c370 nmethod 33391 0x000001da00551490 code [0x000001da005516a0, 0x000001da00551d78]
Event: 732.669 Thread 0x000001da7f49c370 33392       3       org.gradle.cache.internal.DefaultCacheCoordinator::toSupplier (7 bytes)
Event: 732.670 Thread 0x000001da7f49c370 nmethod 33392 0x000001da02b26490 code [0x000001da02b26680, 0x000001da02b26c70]
Event: 733.266 Thread 0x000001da7f476d00 33393       4       kotlin.io.ByteStreamsKt::copyTo (60 bytes)
Event: 733.318 Thread 0x000001da7f476d00 nmethod 33393 0x000001da11535090 code [0x000001da11535360, 0x000001da115365f0]
Event: 733.871 Thread 0x000001da7f476d00 33394 %     4       kotlin.io.ByteStreamsKt::copyTo @ 27 (60 bytes)
Event: 733.918 Thread 0x000001da7f476d00 nmethod 33394% 0x000001da10935910 code [0x000001da10935ba0, 0x000001da10936d38]

GC Heap History (20 events):
Event: 141.081 GC heap before
{Heap before GC invocations=54 (full 0):
 garbage-first heap   total 552960K, used 473797K [0x0000000600000000, 0x0000000800000000)
  region size 4096K, 58 young (237568K), 5 survivors (20480K)
 Metaspace       used 196366K, committed 199104K, reserved 1245184K
  class space    used 24694K, committed 26048K, reserved 1048576K
}
Event: 141.118 GC heap after
{Heap after GC invocations=55 (full 0):
 garbage-first heap   total 552960K, used 260403K [0x0000000600000000, 0x0000000800000000)
  region size 4096K, 2 young (8192K), 2 survivors (8192K)
 Metaspace       used 196366K, committed 199104K, reserved 1245184K
  class space    used 24694K, committed 26048K, reserved 1048576K
}
Event: 147.095 GC heap before
{Heap before GC invocations=55 (full 0):
 garbage-first heap   total 552960K, used 485683K [0x0000000600000000, 0x0000000800000000)
  region size 4096K, 58 young (237568K), 2 survivors (8192K)
 Metaspace       used 209270K, committed 212032K, reserved 1245184K
  class space    used 26631K, committed 28032K, reserved 1048576K
}
Event: 147.180 GC heap after
{Heap after GC invocations=56 (full 0):
 garbage-first heap   total 552960K, used 256438K [0x0000000600000000, 0x0000000800000000)
  region size 4096K, 4 young (16384K), 4 survivors (16384K)
 Metaspace       used 209270K, committed 212032K, reserved 1245184K
  class space    used 26631K, committed 28032K, reserved 1048576K
}
Event: 523.067 GC heap before
{Heap before GC invocations=56 (full 0):
 garbage-first heap   total 552960K, used 489910K [0x0000000600000000, 0x0000000800000000)
  region size 4096K, 62 young (253952K), 4 survivors (16384K)
 Metaspace       used 210338K, committed 213184K, reserved 1245184K
  class space    used 26740K, committed 28160K, reserved 1048576K
}
Event: 523.163 GC heap after
{Heap after GC invocations=57 (full 0):
 garbage-first heap   total 552960K, used 257184K [0x0000000600000000, 0x0000000800000000)
  region size 4096K, 4 young (16384K), 4 survivors (16384K)
 Metaspace       used 210338K, committed 213184K, reserved 1245184K
  class space    used 26740K, committed 28160K, reserved 1048576K
}
Event: 555.574 GC heap before
{Heap before GC invocations=58 (full 0):
 garbage-first heap   total 552960K, used 502944K [0x0000000600000000, 0x0000000800000000)
  region size 4096K, 64 young (262144K), 4 survivors (16384K)
 Metaspace       used 210370K, committed 213184K, reserved 1245184K
  class space    used 26742K, committed 28160K, reserved 1048576K
}
Event: 555.617 GC heap after
{Heap after GC invocations=59 (full 0):
 garbage-first heap   total 552960K, used 259158K [0x0000000600000000, 0x0000000800000000)
  region size 4096K, 5 young (20480K), 5 survivors (20480K)
 Metaspace       used 210370K, committed 213184K, reserved 1245184K
  class space    used 26742K, committed 28160K, reserved 1048576K
}
Event: 570.441 GC heap before
{Heap before GC invocations=59 (full 0):
 garbage-first heap   total 552960K, used 496726K [0x0000000600000000, 0x0000000800000000)
  region size 4096K, 63 young (258048K), 5 survivors (20480K)
 Metaspace       used 210372K, committed 213184K, reserved 1245184K
  class space    used 26742K, committed 28160K, reserved 1048576K
}
Event: 570.511 GC heap after
{Heap after GC invocations=60 (full 0):
 garbage-first heap   total 552960K, used 254692K [0x0000000600000000, 0x0000000800000000)
  region size 4096K, 5 young (20480K), 5 survivors (20480K)
 Metaspace       used 210372K, committed 213184K, reserved 1245184K
  class space    used 26742K, committed 28160K, reserved 1048576K
}
Event: 632.493 GC heap before
{Heap before GC invocations=60 (full 0):
 garbage-first heap   total 552960K, used 492260K [0x0000000600000000, 0x0000000800000000)
  region size 4096K, 64 young (262144K), 5 survivors (20480K)
 Metaspace       used 223664K, committed 226560K, reserved 1310720K
  class space    used 28262K, committed 29696K, reserved 1048576K
}
Event: 632.576 GC heap after
{Heap after GC invocations=61 (full 0):
 garbage-first heap   total 552960K, used 261724K [0x0000000600000000, 0x0000000800000000)
  region size 4096K, 8 young (32768K), 8 survivors (32768K)
 Metaspace       used 223664K, committed 226560K, reserved 1310720K
  class space    used 28262K, committed 29696K, reserved 1048576K
}
Event: 638.493 GC heap before
{Heap before GC invocations=62 (full 0):
 garbage-first heap   total 552960K, used 482908K [0x0000000600000000, 0x0000000800000000)
  region size 4096K, 63 young (258048K), 8 survivors (32768K)
 Metaspace       used 230831K, committed 233792K, reserved 1310720K
  class space    used 28948K, committed 30400K, reserved 1048576K
}
Event: 638.586 GC heap after
{Heap after GC invocations=63 (full 0):
 garbage-first heap   total 552960K, used 264922K [0x0000000600000000, 0x0000000800000000)
  region size 4096K, 5 young (20480K), 5 survivors (20480K)
 Metaspace       used 230831K, committed 233792K, reserved 1310720K
  class space    used 28948K, committed 30400K, reserved 1048576K
}
Event: 641.965 GC heap before
{Heap before GC invocations=63 (full 0):
 garbage-first heap   total 552960K, used 547546K [0x0000000600000000, 0x0000000800000000)
  region size 4096K, 49 young (200704K), 5 survivors (20480K)
 Metaspace       used 232998K, committed 235968K, reserved 1310720K
  class space    used 29216K, committed 30656K, reserved 1048576K
}
Event: 642.063 GC heap after
{Heap after GC invocations=64 (full 0):
 garbage-first heap   total 589824K, used 348651K [0x0000000600000000, 0x0000000800000000)
  region size 4096K, 3 young (12288K), 3 survivors (12288K)
 Metaspace       used 232998K, committed 235968K, reserved 1310720K
  class space    used 29216K, committed 30656K, reserved 1048576K
}
Event: 642.673 GC heap before
{Heap before GC invocations=64 (full 0):
 garbage-first heap   total 589824K, used 541163K [0x0000000600000000, 0x0000000800000000)
  region size 4096K, 51 young (208896K), 3 survivors (12288K)
 Metaspace       used 233054K, committed 235968K, reserved 1310720K
  class space    used 29216K, committed 30656K, reserved 1048576K
}
Event: 642.709 GC heap after
{Heap after GC invocations=65 (full 0):
 garbage-first heap   total 589824K, used 349315K [0x0000000600000000, 0x0000000800000000)
  region size 4096K, 4 young (16384K), 4 survivors (16384K)
 Metaspace       used 233054K, committed 235968K, reserved 1310720K
  class space    used 29216K, committed 30656K, reserved 1048576K
}
Event: 643.798 GC heap before
{Heap before GC invocations=66 (full 0):
 garbage-first heap   total 630784K, used 525443K [0x0000000600000000, 0x0000000800000000)
  region size 4096K, 48 young (196608K), 4 survivors (16384K)
 Metaspace       used 233441K, committed 236416K, reserved 1310720K
  class space    used 29262K, committed 30720K, reserved 1048576K
}
Event: 643.828 GC heap after
{Heap after GC invocations=67 (full 0):
 garbage-first heap   total 630784K, used 267600K [0x0000000600000000, 0x0000000800000000)
  region size 4096K, 4 young (16384K), 4 survivors (16384K)
 Metaspace       used 233441K, committed 236416K, reserved 1310720K
  class space    used 29262K, committed 30720K, reserved 1048576K
}

Dll operation events (3 events):
Event: 0.036 Loaded shared library C:\Program Files\Android\Android Studio (Ladybug)\jbr\bin\java.dll
Event: 0.046 Loaded shared library C:\Program Files\Android\Android Studio (Ladybug)\jbr\bin\zip.dll
Event: 1.092 Loaded shared library C:\Program Files\Android\Android Studio (Ladybug)\jbr\bin\verify.dll

Deoptimization events (20 events):
Event: 643.721 Thread 0x000001da313c5950 DEOPT PACKING pc=0x000001da1095a818 sp=0x000000d785ffef00
Event: 643.722 Thread 0x000001da313c5950 DEOPT UNPACKING pc=0x000001da0fd846a2 sp=0x000000d785ffeef8 mode 2
Event: 643.782 Thread 0x000001da3b8a99f0 DEOPT PACKING pc=0x000001da03c737ed sp=0x000000d78adfb080
Event: 643.782 Thread 0x000001da3b8a99f0 DEOPT UNPACKING pc=0x000001da0fd84e42 sp=0x000000d78adfa790 mode 0
Event: 643.973 Thread 0x000001da3b8a99f0 DEOPT PACKING pc=0x000001da03c737ed sp=0x000000d78adfb030
Event: 643.973 Thread 0x000001da3b8a99f0 DEOPT UNPACKING pc=0x000001da0fd84e42 sp=0x000000d78adfa740 mode 0
Event: 644.196 Thread 0x000001da3b8a99f0 DEOPT PACKING pc=0x000001da011ee8ab sp=0x000000d78adfb760
Event: 644.196 Thread 0x000001da3b8a99f0 DEOPT UNPACKING pc=0x000001da0fd84e42 sp=0x000000d78adfad10 mode 0
Event: 668.082 Thread 0x000001da3cc21010 Uncommon trap: trap_request=0xffffff45 fr.pc=0x000001da110856c4 relative=0x0000000000006c64
Event: 668.082 Thread 0x000001da3cc21010 Uncommon trap: reason=unstable_if action=reinterpret pc=0x000001da110856c4 method=java.io.ObjectStreamClass$FieldReflector.getPrimFieldValues(Ljava/lang/Object;[B)V @ 44 c2
Event: 668.082 Thread 0x000001da3cc21010 DEOPT PACKING pc=0x000001da110856c4 sp=0x000000d78f9fe780
Event: 668.082 Thread 0x000001da3cc21010 DEOPT UNPACKING pc=0x000001da0fd846a2 sp=0x000000d78f9fe4d0 mode 2
Event: 725.858 Thread 0x000001da2dc2a1e0 DEOPT PACKING pc=0x000001da0386fa8f sp=0x000000d784fff570
Event: 725.858 Thread 0x000001da2dc2a1e0 DEOPT UNPACKING pc=0x000001da0fd84e42 sp=0x000000d784ffea88 mode 0
Event: 731.930 Thread 0x000001da313c5950 Uncommon trap: trap_request=0xffffffc6 fr.pc=0x000001da1095a818 relative=0x0000000000001a78
Event: 731.930 Thread 0x000001da313c5950 Uncommon trap: reason=bimorphic_or_optimized_type_check action=maybe_recompile pc=0x000001da1095a818 method=org.gradle.internal.watch.vfs.impl.WatchingVirtualFileSystem.updateNotifyingListeners(Lorg/gradle/internal/vfs/impl/AbstractVirtualFileSystem$Updat
Event: 731.930 Thread 0x000001da313c5950 DEOPT PACKING pc=0x000001da1095a818 sp=0x000000d785ffef00
Event: 731.931 Thread 0x000001da313c5950 DEOPT UNPACKING pc=0x000001da0fd846a2 sp=0x000000d785ffeef8 mode 2
Event: 734.224 Thread 0x000001da3bd30fd0 DEOPT PACKING pc=0x000001da03c2ce9b sp=0x000000d788bf88d0
Event: 734.224 Thread 0x000001da3bd30fd0 DEOPT UNPACKING pc=0x000001da0fd84e42 sp=0x000000d788bf7de0 mode 0

Classes loaded (20 events):
Event: 640.646 Loading class java/util/AbstractCollectionBeanInfo
Event: 640.646 Loading class java/util/AbstractCollectionBeanInfo done
Event: 640.646 Loading class java/util/AbstractCollectionCustomizer
Event: 640.646 Loading class java/util/AbstractCollectionCustomizer done
Event: 640.646 Loading class java/util/AbstractCollectionCustomizer
Event: 640.646 Loading class java/util/AbstractCollectionCustomizer done
Event: 640.647 Loading class sun/reflect/generics/reflectiveObjects/GenericArrayTypeImpl
Event: 640.648 Loading class sun/reflect/generics/reflectiveObjects/GenericArrayTypeImpl done
Event: 640.649 Loading class java/util/AbstractListCustomizer
Event: 640.649 Loading class java/util/AbstractListCustomizer done
Event: 640.649 Loading class java/util/AbstractListCustomizer
Event: 640.649 Loading class java/util/AbstractListCustomizer done
Event: 640.652 Loading class java/util/ArrayListCustomizer
Event: 640.652 Loading class java/util/ArrayListCustomizer done
Event: 640.653 Loading class java/util/ArrayListCustomizer
Event: 640.653 Loading class java/util/ArrayListCustomizer done
Event: 641.244 Loading class java/util/zip/ZipFile$EntrySpliterator
Event: 641.245 Loading class java/util/Spliterators$AbstractSpliterator
Event: 641.245 Loading class java/util/Spliterators$AbstractSpliterator done
Event: 641.246 Loading class java/util/zip/ZipFile$EntrySpliterator done

Classes unloaded (4 events):
Event: 114.308 Thread 0x000001da7f3bf460 Unloading class 0x0000000801529000 'java/lang/invoke/LambdaForm$DMH+0x0000000801529000'
Event: 114.310 Thread 0x000001da7f3bf460 Unloading class 0x0000000801528c00 'java/lang/invoke/LambdaForm$DMH+0x0000000801528c00'
Event: 114.310 Thread 0x000001da7f3bf460 Unloading class 0x0000000801528800 'java/lang/invoke/LambdaForm$DMH+0x0000000801528800'
Event: 114.310 Thread 0x000001da7f3bf460 Unloading class 0x0000000801528400 'java/lang/invoke/LambdaForm$DMH+0x0000000801528400'

Classes redefined (0 events):
No events

Internal exceptions (20 events):
Event: 643.185 Thread 0x000001da3b8aa080 Exception <a 'sun/nio/fs/WindowsException'{0x000000062039d100}> (0x000000062039d100) 
thrown [s\src\hotspot\share\prims\jni.cpp, line 535]
Event: 643.192 Thread 0x000001da3b8a5ee0 Exception <a 'sun/nio/fs/WindowsException'{0x0000000623235408}> (0x0000000623235408) 
thrown [s\src\hotspot\share\prims\jni.cpp, line 535]
Event: 643.203 Thread 0x000001da3b8ab430 Exception <a 'sun/nio/fs/WindowsException'{0x0000000622e76c40}> (0x0000000622e76c40) 
thrown [s\src\hotspot\share\prims\jni.cpp, line 535]
Event: 643.217 Thread 0x000001da3b8a8640 Exception <a 'sun/nio/fs/WindowsException'{0x0000000622e9a3f0}> (0x0000000622e9a3f0) 
thrown [s\src\hotspot\share\prims\jni.cpp, line 535]
Event: 643.217 Thread 0x000001da3b8a8640 Exception <a 'sun/nio/fs/WindowsException'{0x0000000622e9a5e8}> (0x0000000622e9a5e8) 
thrown [s\src\hotspot\share\prims\jni.cpp, line 535]
Event: 643.232 Thread 0x000001da3b8a9360 Exception <a 'sun/nio/fs/WindowsException'{0x00000006230e7368}> (0x00000006230e7368) 
thrown [s\src\hotspot\share\prims\jni.cpp, line 535]
Event: 643.235 Thread 0x000001da3b8aa080 Exception <a 'sun/nio/fs/WindowsException'{0x00000006229d12b0}> (0x00000006229d12b0) 
thrown [s\src\hotspot\share\prims\jni.cpp, line 535]
Event: 643.253 Thread 0x000001da3b8a8640 Exception <a 'sun/nio/fs/WindowsException'{0x00000006226da1a0}> (0x00000006226da1a0) 
thrown [s\src\hotspot\share\prims\jni.cpp, line 535]
Event: 643.265 Thread 0x000001da3c8f9060 Exception <a 'sun/nio/fs/WindowsException'{0x00000006202b6f78}> (0x00000006202b6f78) 
thrown [s\src\hotspot\share\prims\jni.cpp, line 535]
Event: 643.265 Thread 0x000001da3c8f9060 Exception <a 'sun/nio/fs/WindowsException'{0x00000006202b7198}> (0x00000006202b7198) 
thrown [s\src\hotspot\share\prims\jni.cpp, line 535]
Event: 643.266 Thread 0x000001da3b8ab430 Exception <a 'sun/nio/fs/WindowsException'{0x00000006227f9798}> (0x00000006227f9798) 
thrown [s\src\hotspot\share\prims\jni.cpp, line 535]
Event: 643.270 Thread 0x000001da3b8a7fb0 Exception <a 'sun/nio/fs/WindowsException'{0x0000000620301d40}> (0x0000000620301d40) 
thrown [s\src\hotspot\share\prims\jni.cpp, line 535]
Event: 643.285 Thread 0x000001da3b8a44a0 Exception <a 'sun/nio/fs/WindowsException'{0x0000000621efe120}> (0x0000000621efe120) 
thrown [s\src\hotspot\share\prims\jni.cpp, line 535]
Event: 643.295 Thread 0x000001da3c8f9060 Exception <a 'sun/nio/fs/WindowsException'{0x00000006219b28e8}> (0x00000006219b28e8) 
thrown [s\src\hotspot\share\prims\jni.cpp, line 535]
Event: 643.321 Thread 0x000001da3b8a7fb0 Exception <a 'sun/nio/fs/WindowsException'{0x0000000621753b68}> (0x0000000621753b68) 
thrown [s\src\hotspot\share\prims\jni.cpp, line 535]
Event: 643.350 Thread 0x000001da3b8abac0 Exception <a 'sun/nio/fs/WindowsException'{0x0000000620e93d10}> (0x0000000620e93d10) 
thrown [s\src\hotspot\share\prims\jni.cpp, line 535]
Event: 643.384 Thread 0x000001da3b8abac0 Exception <a 'sun/nio/fs/WindowsException'{0x000000061fa98260}> (0x000000061fa98260) 
thrown [s\src\hotspot\share\prims\jni.cpp, line 535]
Event: 643.748 Thread 0x000001da3b8aada0 Exception <a 'sun/nio/fs/WindowsException'{0x0000000619dee530}> (0x0000000619dee530) 
thrown [s\src\hotspot\share\prims\jni.cpp, line 535]
Event: 644.293 Thread 0x000001da3b8a99f0 Exception <a 'sun/nio/fs/WindowsException'{0x000000061a087468}> (0x000000061a087468) 
thrown [s\src\hotspot\share\prims\jni.cpp, line 535]
Event: 644.360 Thread 0x000001da3b8a99f0 Exception <a 'sun/nio/fs/WindowsException'{0x000000061a109f00}> (0x000000061a109f00) 
thrown [s\src\hotspot\share\prims\jni.cpp, line 535]

ZGC Phase Switch (0 events):
No events

VM Operations (20 events):
Event: 644.829 Executing VM operation: Cleanup
Event: 644.829 Executing VM operation: Cleanup done
Event: 656.836 Executing VM operation: Cleanup
Event: 656.837 Executing VM operation: Cleanup done
Event: 661.685 Executing VM operation: HandshakeAllThreads (HandshakeForDeflation)
Event: 661.686 Executing VM operation: HandshakeAllThreads (HandshakeForDeflation) done
Event: 661.686 Executing VM operation: RendezvousGCThreads
Event: 661.686 Executing VM operation: RendezvousGCThreads done
Event: 668.689 Executing VM operation: Cleanup
Event: 668.689 Executing VM operation: Cleanup done
Event: 694.705 Executing VM operation: Cleanup
Event: 694.705 Executing VM operation: Cleanup done
Event: 721.900 Executing VM operation: HandshakeAllThreads (HandshakeForDeflation)
Event: 721.900 Executing VM operation: HandshakeAllThreads (HandshakeForDeflation) done
Event: 721.900 Executing VM operation: RendezvousGCThreads
Event: 721.900 Executing VM operation: RendezvousGCThreads done
Event: 731.961 Executing VM operation: Cleanup
Event: 731.961 Executing VM operation: Cleanup done
Event: 732.965 Executing VM operation: Cleanup
Event: 732.965 Executing VM operation: Cleanup done

Events (20 events):
Event: 643.051 Thread 0x000001da7f3bf460 flushing nmethod 0x000001da104af810
Event: 643.051 Thread 0x000001da7f3bf460 flushing nmethod 0x000001da104f2d10
Event: 643.051 Thread 0x000001da7f3bf460 flushing nmethod 0x000001da104ea410
Event: 643.051 Thread 0x000001da7f3bf460 flushing nmethod 0x000001da10440010
Event: 643.051 Thread 0x000001da7f3bf460 flushing nmethod 0x000001da1042f210
Event: 643.051 Thread 0x000001da7f3bf460 flushing nmethod 0x000001da103f8c90
Event: 643.051 Thread 0x000001da7f3bf460 flushing nmethod 0x000001da103f8190
Event: 643.051 Thread 0x000001da7f3bf460 flushing nmethod 0x000001da103ebc90
Event: 643.051 Thread 0x000001da7f3bf460 flushing nmethod 0x000001da1032dc90
Event: 643.051 Thread 0x000001da7f3bf460 flushing nmethod 0x000001da10307990
Event: 643.051 Thread 0x000001da7f3bf460 flushing nmethod 0x000001da10313310
Event: 643.163 Thread 0x000001da33b0c200 Thread exited: 0x000001da33b0c200
Event: 643.246 Thread 0x000001da33b08b80 Thread added: 0x000001da33b08b80
Event: 645.102 Thread 0x000001da33b08b80 Thread exited: 0x000001da33b08b80
Event: 648.914 Thread 0x000001da33b0b460 Thread exited: 0x000001da33b0b460
Event: 668.071 Thread 0x000001da3cc21010 Thread added: 0x000001da3cc21010
Event: 690.849 Thread 0x000001da3158dbd0 Thread exited: 0x000001da3158dbd0
Event: 690.849 Thread 0x000001da315916e0 Thread exited: 0x000001da315916e0
Event: 690.850 Thread 0x000001da31591050 Thread exited: 0x000001da31591050
Event: 743.107 Thread 0x000001da3cc21010 Thread exited: 0x000001da3cc21010


Dynamic libraries:
0x00007ff735720000 - 0x00007ff73572a000 	C:\Program Files\Android\Android Studio (Ladybug)\jbr\bin\java.exe
0x00007ffa350a0000 - 0x00007ffa35309000 	C:\WINDOWS\SYSTEM32\ntdll.dll
0x00007ffa34060000 - 0x00007ffa34129000 	C:\WINDOWS\System32\KERNEL32.DLL
0x00007ffa325a0000 - 0x00007ffa32993000 	C:\WINDOWS\System32\KERNELBASE.dll
0x00007ffa2ef70000 - 0x00007ffa2f00e000 	C:\WINDOWS\SYSTEM32\apphelp.dll
0x00007ffa32230000 - 0x00007ffa3237b000 	C:\WINDOWS\System32\ucrtbase.dll
0x00007ffa26370000 - 0x00007ffa26388000 	C:\Program Files\Android\Android Studio (Ladybug)\jbr\bin\jli.dll
0x00007ffa25f00000 - 0x00007ffa25f1b000 	C:\Program Files\Android\Android Studio (Ladybug)\jbr\bin\VCRUNTIME140.dll
0x00007ffa349f0000 - 0x00007ffa34bb4000 	C:\WINDOWS\System32\USER32.dll
0x00007ffa20110000 - 0x00007ffa203a3000 	C:\WINDOWS\WinSxS\amd64_microsoft.windows.common-controls_6595b64144ccf1df_6.0.26100.5074_none_3e0d6f78e32fd63f\COMCTL32.dll
0x00007ffa324b0000 - 0x00007ffa324d7000 	C:\WINDOWS\System32\win32u.dll
0x00007ffa34550000 - 0x00007ffa345f9000 	C:\WINDOWS\System32\msvcrt.dll
0x00007ffa349b0000 - 0x00007ffa349db000 	C:\WINDOWS\System32\GDI32.dll
0x00007ffa32380000 - 0x00007ffa324ad000 	C:\WINDOWS\System32\gdi32full.dll
0x00007ffa32dc0000 - 0x00007ffa32e63000 	C:\WINDOWS\System32\msvcp_win.dll
0x00007ffa33e80000 - 0x00007ffa33eaf000 	C:\WINDOWS\System32\IMM32.DLL
0x00007ffa2eec0000 - 0x00007ffa2eecc000 	C:\Program Files\Android\Android Studio (Ladybug)\jbr\bin\vcruntime140_1.dll
0x00007ffa16520000 - 0x00007ffa165ad000 	C:\Program Files\Android\Android Studio (Ladybug)\jbr\bin\msvcp140.dll
0x00007ff99e810000 - 0x00007ff99f48d000 	C:\Program Files\Android\Android Studio (Ladybug)\jbr\bin\server\jvm.dll
0x00007ffa32f80000 - 0x00007ffa33034000 	C:\WINDOWS\System32\ADVAPI32.dll
0x00007ffa32e70000 - 0x00007ffa32f16000 	C:\WINDOWS\System32\sechost.dll
0x00007ffa33ec0000 - 0x00007ffa33fd8000 	C:\WINDOWS\System32\RPCRT4.dll
0x00007ffa33fe0000 - 0x00007ffa34054000 	C:\WINDOWS\System32\WS2_32.dll
0x00007ffa31f00000 - 0x00007ffa31f5e000 	C:\WINDOWS\SYSTEM32\POWRPROF.dll
0x00007ffa2ac30000 - 0x00007ffa2ac65000 	C:\WINDOWS\SYSTEM32\WINMM.dll
0x00007ffa2ac70000 - 0x00007ffa2ac7b000 	C:\WINDOWS\SYSTEM32\VERSION.dll
0x00007ffa31ee0000 - 0x00007ffa31ef4000 	C:\WINDOWS\SYSTEM32\UMPDC.dll
0x00007ffa31010000 - 0x00007ffa3102b000 	C:\WINDOWS\SYSTEM32\kernel.appcore.dll
0x00007ffa2ee90000 - 0x00007ffa2ee9a000 	C:\Program Files\Android\Android Studio (Ladybug)\jbr\bin\jimage.dll
0x00007ffa2f870000 - 0x00007ffa2fab2000 	C:\WINDOWS\SYSTEM32\DBGHELP.DLL
0x00007ffa34130000 - 0x00007ffa344ab000 	C:\WINDOWS\System32\combase.dll
0x00007ffa33300000 - 0x00007ffa333d7000 	C:\WINDOWS\System32\OLEAUT32.dll
0x00007ffa1c8e0000 - 0x00007ffa1c91d000 	C:\WINDOWS\SYSTEM32\dbgcore.DLL
0x00007ffa32ba0000 - 0x00007ffa32c39000 	C:\WINDOWS\System32\bcryptPrimitives.dll
0x00007ffa263e0000 - 0x00007ffa263ee000 	C:\Program Files\Android\Android Studio (Ladybug)\jbr\bin\instrument.dll
0x00007ffa26b30000 - 0x00007ffa26b4f000 	C:\Program Files\Android\Android Studio (Ladybug)\jbr\bin\java.dll
0x00007ffa265c0000 - 0x00007ffa265d8000 	C:\Program Files\Android\Android Studio (Ladybug)\jbr\bin\zip.dll
0x00007ffa33410000 - 0x00007ffa33b5d000 	C:\WINDOWS\System32\SHELL32.dll
0x00007ffa329a0000 - 0x00007ffa32b0c000 	C:\WINDOWS\System32\wintypes.dll
0x00007ffa2fe70000 - 0x00007ffa306c9000 	C:\WINDOWS\SYSTEM32\windows.storage.dll
0x00007ffa33200000 - 0x00007ffa332f0000 	C:\WINDOWS\System32\SHCORE.dll
0x00007ffa34600000 - 0x00007ffa34662000 	C:\WINDOWS\System32\shlwapi.dll
0x00007ffa32150000 - 0x00007ffa32179000 	C:\WINDOWS\SYSTEM32\profapi.dll
0x00007ffa2ce60000 - 0x00007ffa2ce70000 	C:\Program Files\Android\Android Studio (Ladybug)\jbr\bin\net.dll
0x00007ffa2ab00000 - 0x00007ffa2ac1f000 	C:\WINDOWS\SYSTEM32\WINHTTP.dll
0x00007ffa31590000 - 0x00007ffa315fb000 	C:\WINDOWS\system32\mswsock.dll
0x00007ffa263f0000 - 0x00007ffa26406000 	C:\Program Files\Android\Android Studio (Ladybug)\jbr\bin\nio.dll
0x00007ffa271c0000 - 0x00007ffa271d0000 	C:\Program Files\Android\Android Studio (Ladybug)\jbr\bin\verify.dll
0x00007ffa26580000 - 0x00007ffa265a7000 	C:\Users\Nash\.gradle\native\1def1411415f61bf3af743bc5b6707747c0891f09f0c88961ee8f79bc544acac\windows-amd64\native-platform.dll
0x0000000074c00000 - 0x0000000074c73000 	C:\Users\Nash\.gradle\native\0.2.5\x86_64-windows-gnu\gradle-fileevents.dll
0x00007ffa2cf40000 - 0x00007ffa2cf49000 	C:\Program Files\Android\Android Studio (Ladybug)\jbr\bin\management.dll
0x00007ffa265b0000 - 0x00007ffa265bb000 	C:\Program Files\Android\Android Studio (Ladybug)\jbr\bin\management_ext.dll
0x00007ffa344b0000 - 0x00007ffa344b8000 	C:\WINDOWS\System32\PSAPI.DLL
0x00007ffa31830000 - 0x00007ffa3184b000 	C:\WINDOWS\SYSTEM32\CRYPTSP.dll
0x00007ffa30f70000 - 0x00007ffa30fab000 	C:\WINDOWS\system32\rsaenh.dll
0x00007ffa31630000 - 0x00007ffa3165b000 	C:\WINDOWS\SYSTEM32\USERENV.dll
0x00007ffa32120000 - 0x00007ffa32146000 	C:\WINDOWS\SYSTEM32\bcrypt.dll
0x00007ffa31850000 - 0x00007ffa3185c000 	C:\WINDOWS\SYSTEM32\CRYPTBASE.dll
0x00007ffa30a60000 - 0x00007ffa30a94000 	C:\WINDOWS\SYSTEM32\IPHLPAPI.DLL
0x00007ffa35050000 - 0x00007ffa3505a000 	C:\WINDOWS\System32\NSI.dll
0x00007ffa26570000 - 0x00007ffa26579000 	C:\Program Files\Android\Android Studio (Ladybug)\jbr\bin\extnet.dll
0x00007ffa21bb0000 - 0x00007ffa21bb8000 	C:\WINDOWS\system32\wshunix.dll
0x0000000074b80000 - 0x0000000074bf3000 	C:\Users\Nash\AppData\Local\Temp\native-platform13705869621489075209dir\gradle-fileevents.dll
0x00007ffa30b00000 - 0x00007ffa30c26000 	C:\WINDOWS\SYSTEM32\DNSAPI.dll
0x00007ffa2a850000 - 0x00007ffa2a85b000 	C:\Windows\System32\rasadhlp.dll
0x00007ffa2c8a0000 - 0x00007ffa2c926000 	C:\WINDOWS\System32\fwpuclnt.dll
0x00007ffa1b890000 - 0x00007ffa1b8a8000 	C:\WINDOWS\system32\napinsp.dll
0x00007ffa1b830000 - 0x00007ffa1b842000 	C:\WINDOWS\System32\winrnr.dll
0x00007ffa1b800000 - 0x00007ffa1b828000 	C:\WINDOWS\system32\nlansp_c.dll
0x00007ffa1b3d0000 - 0x00007ffa1b3e6000 	C:\WINDOWS\system32\wshbth.dll
0x00007ffa27290000 - 0x00007ffa27297000 	C:\Program Files\Android\Android Studio (Ladybug)\jbr\bin\rmi.dll
0x00007ffa31130000 - 0x00007ffa31166000 	C:\WINDOWS\SYSTEM32\ntmarta.dll
0x00007ffa270e0000 - 0x00007ffa27121000 	C:\Users\Nash\AppData\Local\Temp\jna-2420584\jna15636841412024939656.dll

dbghelp: loaded successfully - version: 4.0.5 - missing functions: none
symbol engine: initialized successfully - sym options: 0x614 - pdb path: .;C:\Program Files\Android\Android Studio (Ladybug)\jbr\bin;C:\WINDOWS\SYSTEM32;C:\WINDOWS\WinSxS\amd64_microsoft.windows.common-controls_6595b64144ccf1df_6.0.26100.5074_none_3e0d6f78e32fd63f;C:\Program Files\Android\Android Studio (Ladybug)\jbr\bin\server;C:\Users\Nash\.gradle\native\1def1411415f61bf3af743bc5b6707747c0891f09f0c88961ee8f79bc544acac\windows-amd64;C:\Users\Nash\.gradle\native\0.2.5\x86_64-windows-gnu;C:\Users\Nash\AppData\Local\Temp\native-platform13705869621489075209dir;C:\Users\Nash\AppData\Local\Temp\jna-2420584

VM Arguments:
jvm_args: --add-opens=java.base/java.lang=ALL-UNNAMED --add-opens=java.base/java.lang.invoke=ALL-UNNAMED --add-opens=java.base/java.util=ALL-UNNAMED --add-opens=java.prefs/java.util.prefs=ALL-UNNAMED --add-exports=jdk.compiler/com.sun.tools.javac.api=ALL-UNNAMED --add-exports=jdk.compiler/com.sun.tools.javac.util=ALL-UNNAMED --add-opens=java.base/java.util=ALL-UNNAMED --add-opens=java.prefs/java.util.prefs=ALL-UNNAMED --add-opens=java.base/java.nio.charset=ALL-UNNAMED --add-opens=java.base/java.net=ALL-UNNAMED --add-opens=java.base/java.util.concurrent.atomic=ALL-UNNAMED --add-opens=java.xml/javax.xml.namespace=ALL-UNNAMED -XX:MaxMetaspaceSize=4G -XX:ReservedCodeCacheSize=512m -XX:+HeapDumpOnOutOfMemoryError -Xmx8G -Dfile.encoding=UTF-8 -Duser.country=PH -Duser.language=en -Duser.variant -javaagent:C:\Users\Nash\.gradle\wrapper\dists\gradle-8.12-all\ejduaidbjup3bmmkhw3rie4zb\gradle-8.12\lib\agents\gradle-instrumentation-agent-8.12.jar 
java_command: org.gradle.launcher.daemon.bootstrap.GradleDaemon 8.12
java_class_path (initial): C:\Users\Nash\.gradle\wrapper\dists\gradle-8.12-all\ejduaidbjup3bmmkhw3rie4zb\gradle-8.12\lib\gradle-daemon-main-8.12.jar
Launcher Type: SUN_STANDARD

[Global flags]
     intx CICompilerCount                          = 4                                         {product} {ergonomic}
     uint ConcGCThreads                            = 3                                         {product} {ergonomic}
     uint G1ConcRefinementThreads                  = 10                                        {product} {ergonomic}
   size_t G1HeapRegionSize                         = 4194304                                   {product} {ergonomic}
    uintx GCDrainStackTargetSize                   = 64                                        {product} {ergonomic}
     bool HeapDumpOnOutOfMemoryError               = true                                   {manageable} {command line}
   size_t InitialHeapSize                          = 125829120                                 {product} {ergonomic}
   size_t MarkStackSize                            = 4194304                                   {product} {ergonomic}
   size_t MaxHeapSize                              = 8589934592                                {product} {command line}
   size_t MaxMetaspaceSize                         = 4294967296                                {product} {command line}
   size_t MaxNewSize                               = 5150605312                                {product} {ergonomic}
   size_t MinHeapDeltaBytes                        = 4194304                                   {product} {ergonomic}
   size_t MinHeapSize                              = 8388608                                   {product} {ergonomic}
    uintx NonNMethodCodeHeapSize                   = 5839372                                {pd product} {ergonomic}
    uintx NonProfiledCodeHeapSize                  = 265515770                              {pd product} {ergonomic}
    uintx ProfiledCodeHeapSize                     = 265515770                              {pd product} {ergonomic}
    uintx ReservedCodeCacheSize                    = 536870912                              {pd product} {command line}
     bool SegmentedCodeCache                       = true                                      {product} {ergonomic}
   size_t SoftMaxHeapSize                          = 8589934592                             {manageable} {ergonomic}
     bool UseCompressedOops                        = true                           {product lp64_product} {ergonomic}
     bool UseG1GC                                  = true                                      {product} {ergonomic}
     bool UseLargePagesIndividualAllocation        = false                                  {pd product} {ergonomic}

Logging:
Log output configuration:
 #0: stdout all=warning uptime,level,tags foldmultilines=false
 #1: stderr all=off uptime,level,tags foldmultilines=false

Environment Variables:
JAVA_HOME=C:\Program Files\Android\Android Studio (Ladybug)\jbr
CLASSPATH=E:\4thYear_Capstone\Flutter\lakbyke_mobile\android\\gradle\wrapper\gradle-wrapper.jar
PATH=C:\Program Files\Android\Android Studio (Ladybug)\jbr\bin;C:\Users\Nash\bin;C:\Program Files\Git\mingw64\bin;C:\Program Files\Git\usr\local\bin;C:\Program Files\Git\usr\bin;C:\Program Files\Git\usr\bin;C:\Program Files\Git\mingw64\bin;C:\Program Files\Git\usr\bin;C:\Users\Nash\bin;C:\flutter\bin;C:\Users\Nash\AppData\Roaming\Code\User\globalStorage\github.copilot-chat\copilotCli;C:\Users\Nash\AppData\Roaming\Code\User\globalStorage\github.copilot-chat\debugCommand;C:\Python313\Scripts;C:\Python313;C:\Program Files\Microsoft MPI\Bin;C:\WINDOWS\system32;C:\WINDOWS;C:\WINDOWS\System32\Wbem;C:\WINDOWS\System32\WindowsPowerShell\v1.0;C:\WINDOWS\System32\OpenSSH;C:\Program Files (x86)\Microsoft SQL Server\160\Tools\Binn;C:\Program Files\Microsoft SQL Server\160\Tools\Binn;C:\Program Files\Microsoft SQL Server\Client SDK\ODBC\170\Tools\Binn;C:\Program Files\Microsoft SQL Server\160\DTS\Binn;C:\Program Files (x86)\Microsoft SQL Server\160\DTS\Binn;C:\Program Files\Microsoft SQL Server\150\Tools\Binn;C:\xampp\php;C:\ProgramData\ComposerSetup\bin;C:\ProgramData\chocolatey\bin;C:\Program Files\dotnet;C:\Users\Nash\AppData\Local\Microsoft\WindowsApps;C:\Users\Nash\AppData\Local\Programs\Microsoft VS Code\bin;C:\Users\Nash\AppData\Local\Microsoft\WinGet\Packages\Schniz.fnm_Microsoft.Winget.Source_8wekyb3d8bbwe;C:\Users\Nash\AppData\Roaming\Composer\vendor\bin;C:\Users\Nash\AppData\Roaming\npm;C:\Users\Nash\.dotnet\tools;E:\xampp\php;C:\Program Files\nodejs;C:\Program Files\Git\cmd;C:\Users\Nash\AppData\Local\Microsoft\WindowsApps;C:\Users\Nash\AppData\Local\Programs\Microsoft VS Code\bin;C:\Users\Nash\AppData\Local\Microsoft\WinGet\Packages\Schniz.fnm_Microsoft.Winget.Source_8wekyb3d8bbwe;C:\Users\Nash\AppData\Roaming\Composer\vendor\bin;C:\Users\Nash\.dotnet\tools;C:\Users\Nash\AppData\Roaming\npm;C:\Program Files\Git\usr\bin\vendor_perl;C:\Program Files\Git\usr\bin\core_perl
USERNAME=Nash
SHELL=C:\Program Files\Git\usr\bin\bash.exe
DISPLAY=needs-to-be-defined
LANG=en_US.UTF-8
TERM=xterm-256color
TMPDIR=C:\Users\Nash\AppData\Local\Temp
OS=MINGW64_NT-10.0-26100
PROCESSOR_IDENTIFIER=AMD64 Family 25 Model 80 Stepping 0, AuthenticAMD
TMP=C:\Users\Nash\AppData\Local\Temp
TEMP=C:\Users\Nash\AppData\Local\Temp




Periodic native trim disabled

JNI global refs:
JNI global refs: 32, weak refs: 45

JNI global refs memory usage: 835, weak refs: 833

Process memory usage:
Resident Set Size: 1321836K (17% of 7763328K total physical memory with 1257372K free physical memory)

OOME stack traces (most recent first):
Classloader memory used:
Loader org.gradle.internal.classloader.VisitableURLClassLoader                         : 114M
Loader org.gradle.internal.classloader.VisitableURLClassLoader$InstrumentingVisitableURLClassLoader: 53541K
Loader bootstrap                                                                       : 40709K
Loader org.gradle.initialization.MixInLegacyTypesClassLoader                           : 14824K
Loader java.net.URLClassLoader                                                         : 4995K
Loader jdk.internal.loader.ClassLoaders$PlatformClassLoader                            : 820K
Loader jdk.internal.reflect.DelegatingClassLoader                                      : 487K
Loader jdk.internal.jrtfs.JrtFileSystemProvider$JrtFsLoader                            : 345K
Loader jdk.internal.loader.ClassLoaders$AppClassLoader                                 : 231K
Loader org.gradle.internal.classloader.VisitableURLClassLoader                         : 186K

Classes loaded by more than one classloader:
Class Program                                                                         : loaded 11 times (x 69B)
Class Build_gradle                                                                    : loaded 4 times (x 127B)
Class Build_gradle$1                                                                  : loaded 4 times (x 72B)
Class Build_gradle$2                                                                  : loaded 3 times (x 71B)
Class [Lorg.jetbrains.kotlin.build.report.metrics.GradleBuildTime;                    : loaded 3 times (x 66B)
Class org.jetbrains.kotlin.name.Name                                                  : loaded 3 times (x 72B)
Class Settings_gradle                                                                 : loaded 3 times (x 125B)
Class org.jetbrains.kotlin.name.FqName                                                : loaded 3 times (x 69B)
Class org.jetbrains.kotlin.build.report.metrics.BuildTime                             : loaded 3 times (x 67B)
Class org.jetbrains.kotlin.build.report.metrics.GradleBuildTime$Companion             : loaded 3 times (x 68B)
Class org.jetbrains.kotlin.util.capitalizeDecapitalize.CapitalizeDecapitalizeKt       : loaded 3 times (x 68B)
Class org.jetbrains.kotlin.name.FqNameUnsafe                                          : loaded 3 times (x 69B)
Class org.jetbrains.kotlin.name.ClassId$Companion                                     : loaded 3 times (x 68B)
Class org.jetbrains.kotlin.build.report.metrics.BuildMetricsReporter                  : loaded 3 times (x 67B)
Class org.jetbrains.kotlin.name.ClassId                                               : loaded 3 times (x 69B)
Class [Lorg.jetbrains.kotlin.build.report.metrics.BuildTime;                          : loaded 3 times (x 66B)
Class org.jetbrains.kotlin.utils.CollectionsKt                                        : loaded 3 times (x 68B)
Class org.jetbrains.kotlin.build.report.metrics.GradleBuildTime                       : loaded 3 times (x 83B)
Class org.jetbrains.kotlin.name.FqNameUnsafe$1                                        : loaded 3 times (x 71B)
Class org.jetbrains.kotlin.gradle.internal.KotlinDomApiDependencyManagementKt         : loaded 2 times (x 68B)
Class org.jetbrains.kotlin.gradle.plugin.KotlinPluginLifecycleImpl$launch$coroutine$1 : loaded 2 times (x 73B)
Class org.jetbrains.kotlin.gradle.targets.js.npm.NpmDependencyExtensionKt$defaultNpmDependencyDelegate$1: loaded 2 times (x 164B)
Class org.jetbrains.kotlin.gradle.plugin.diagnostics.checkers.MissingNativeStdlibChecker: loaded 2 times (x 71B)
Class org.jetbrains.kotlin.gradle.targets.native.KotilnNativeConfigureBinariesSideEffectKt: loaded 2 times (x 68B)
Class org.jetbrains.kotlin.gradle.plugin.KotlinPlatformType$DisambiguationRule        : loaded 2 times (x 73B)
Class org.jetbrains.kotlin.gradle.plugin.KotlinPlatformType$Companion                 : loaded 2 times (x 68B)
Class org.jetbrains.kotlin.gradle.plugin.internal.ConfigurationCacheStartParameterAccessorKt: loaded 2 times (x 68B)
Class [Lcom.google.common.base.AbstractIterator$State;                                : loaded 2 times (x 66B)
Class com.google.common.base.CharMatcher$IsEither                                     : loaded 2 times (x 108B)
Class kotlin.jvm.internal.CollectionToArray                                           : loaded 2 times (x 68B)
Class org.jetbrains.org.objectweb.asm.TypeReference                                   : loaded 2 times (x 77B)
Class [Lorg.jetbrains.kotlin.metadata.ProtoBuf$Visibility;                            : loaded 2 times (x 66B)
Class org.jetbrains.kotlin.metadata.ProtoBuf$ContractOrBuilder                        : loaded 2 times (x 67B)
Class org.jetbrains.kotlin.load.kotlin.FileBasedKotlinClass$OuterAndInnerName         : loaded 2 times (x 69B)
Class kotlin.io.FilesKt__FileTreeWalkKt                                               : loaded 2 times (x 68B)
Class kotlin.sequences.FilteringSequence$iterator$1                                   : loaded 2 times (x 76B)
Class kotlin.sequences.SequencesKt__SequenceBuilderKt                                 : loaded 2 times (x 68B)
Class kotlin.collections.CollectionsKt__ReversedViewsKt                               : loaded 2 times (x 68B)
Class jdk.internal.jimage.BasicImageReader                                            : loaded 2 times (x 92B)
Class org.gradle.internal.classloader.ClassLoaderHierarchy                            : loaded 2 times (x 67B)
Class org.jetbrains.kotlin.gradle.plugin.hierarchy.KotlinSourceSetTreeClassifierKt    : loaded 2 times (x 68B)
Class org.jetbrains.kotlin.gradle.report.UsesBuildMetricsService                      : loaded 2 times (x 67B)
Class org.jetbrains.kotlin.gradle.plugin.mpp.compilationImpl.factory.KotlinCompilationImplFactory$KotlinCompilationSourceSetsContainerFactory: loaded 2 times (x 67B)
Class com.google.common.collect.AbstractMapBasedMultimap$WrappedCollection            : loaded 2 times (x 121B)
Class org.jetbrains.kotlin.gradle.utils.MutableObservableSet                          : loaded 2 times (x 67B)
Class org.jetbrains.kotlin.gradle.dsl.KotlinHierarchyDsl                              : loaded 2 times (x 67B)
Class org.jetbrains.kotlin.gradle.targets.metadata.KotlinMetadataTargetConfiguratorKt$isNativeSourceSet$2: loaded 2 times (x 92B)
Class org.jetbrains.kotlin.gradle.report.BuildReportType                              : loaded 2 times (x 76B)
Class org.jetbrains.kotlin.statistics.metrics.StringAnonymizationPolicy$AllowedListAnonymizer: loaded 2 times (x 76B)
Class com.google.common.collect.ImmutableEnumSet                                      : loaded 2 times (x 143B)
Class com.google.common.util.concurrent.ExecutionError                                : loaded 2 times (x 79B)
Class com.google.common.collect.ImmutableList$1                                       : loaded 2 times (x 94B)
Class [Lorg.jetbrains.kotlin.metadata.ProtoBuf$Modality;                              : loaded 2 times (x 66B)
Class org.jetbrains.org.objectweb.asm.tree.Util                                       : loaded 2 times (x 68B)
Class org.gradle.api.internal.classpath.ManifestUtil                                  : loaded 2 times (x 68B)
Class com.google.common.io.ByteArrayDataOutput                                        : loaded 2 times (x 67B)
Class org.jetbrains.kotlin.gradle.tasks.KotlinCompile$androidLayoutResources$1        : loaded 2 times (x 71B)
Class org.jetbrains.kotlin.gradle.report.GradleBuildMetricsReporter                   : loaded 2 times (x 95B)
Class org.jetbrains.kotlin.gradle.plugin.mpp.KotlinMetadataCompilation                : loaded 2 times (x 67B)
Class org.jetbrains.kotlin.gradle.plugin.sources.KotlinDependencyScope                : loaded 2 times (x 76B)
Class org.jetbrains.kotlin.gradle.tasks.configuration.AbstractKotlinCompileConfig$1   : loaded 2 times (x 76B)
Class org.jetbrains.kotlin.gradle.plugin.mpp.compilationImpl.KotlinCompilationFriendPathsResolver: loaded 2 times (x 67B)
Class org.apache.commons.compress.archivers.zip.ResourceAlignmentExtraField           : loaded 2 times (x 86B)
Class org.jetbrains.kotlin.konan.target.KonanTarget$ANDROID_ARM64                     : loaded 2 times (x 75B)
Class org.jetbrains.kotlin.gradle.artifacts.KotlinNativeHostSpecificMetadataArtifactKt$KotlinNativeHostSpecificMetadataArtifact$1: loaded 2 times (x 71B)
Class org.jetbrains.kotlin.gradle.artifacts.KotlinLegacyMetadataArtifactKt$KotlinLegacyMetadataArtifact$1: loaded 2 times (x 71B)
Class org.jetbrains.kotlin.gradle.plugin.mpp.compilationImpl.KotlinCompilationSideEffect$Companion: loaded 2 times (x 68B)
Class org.jetbrains.kotlin.gradle.plugin.mpp.KotlinUsages$KotlinMetadataDisambiguation: loaded 2 times (x 73B)
Class org.jetbrains.kotlin.gradle.internal.properties.PropertiesBuildService$IntGradleProperty: loaded 2 times (x 73B)
Class com.google.gson.stream.MalformedJsonException                                   : loaded 2 times (x 79B)
Class com.google.common.collect.RegularImmutableMap                                   : loaded 2 times (x 118B)
Class com.google.common.collect.ImmutableMap$MapViewOfValuesAsSingletonSets           : loaded 2 times (x 122B)
Class org.jetbrains.kotlin.protobuf.GeneratedMessageLite$1                            : loaded 2 times (x 68B)
Class org.jetbrains.kotlin.metadata.ProtoBuf$FunctionOrBuilder                        : loaded 2 times (x 67B)
Class org.jetbrains.kotlin.protobuf.GeneratedMessageLite$ExtendableMessageOrBuilder   : loaded 2 times (x 67B)
Class com.google.common.collect.TransformedListIterator                               : loaded 2 times (x 90B)
Class org.jetbrains.kotlin.gradle.tasks.AbstractKotlinCompile$compilerRunner$1        : loaded 2 times (x 72B)
Class org.jetbrains.kotlin.gradle.tasks.CacheableTasksKt$cacheOnlyIfEnabledForKotlin$1: loaded 2 times (x 72B)
Class org.jetbrains.kotlin.gradle.internal.transforms.BuildToolsApiClasspathEntrySnapshotTransform: loaded 2 times (x 79B)
Class org.jetbrains.kotlin.gradle.tasks.configuration.AbstractKotlinCompileConfig$2   : loaded 2 times (x 76B)
Class org.jetbrains.kotlin.gradle.plugin.mpp.compilationImpl.factory.KotlinCompilationImplFactory$PreConfigure: loaded 2 times (x 67B)
Class org.jetbrains.kotlin.gradle.plugin.KotlinProjectSetupActionKt$KotlinProjectSetupCoroutine$1$1: loaded 2 times (x 92B)
Class org.jetbrains.kotlin.konan.target.KonanTarget$WATCHOS_ARM32                     : loaded 2 times (x 75B)
Class org.jetbrains.kotlin.gradle.targets.js.dsl.KotlinJsTargetDsl                    : loaded 2 times (x 67B)
Class org.jetbrains.kotlin.gradle.plugin.KotlinPluginLifecycleImplKt                  : loaded 2 times (x 68B)
Class org.jetbrains.kotlin.gradle.plugin.diagnostics.checkers.DeprecatedKotlinNativeTargetsChecker$runChecks$1: loaded 2 times (x 85B)
Class org.jetbrains.kotlin.gradle.plugin.KotlinPluginLifecycleImpl$WhenMappings       : loaded 2 times (x 68B)
Class org.jetbrains.kotlin.gradle.dsl.KotlinCommonCompilerToolOptionsHelper           : loaded 2 times (x 68B)
Class org.jetbrains.kotlin.gradle.plugin.KotlinTargetComponent                        : loaded 2 times (x 67B)
Class org.jetbrains.kotlin.gradle.plugin.KotlinGradlePluginExtensionPointInternal     : loaded 2 times (x 73B)
Class org.jetbrains.kotlin.statistics.metrics.StringOverridePolicy$OVERRIDE_VERSION_IF_NOT_SET: loaded 2 times (x 82B)
Class org.jetbrains.kotlin.gradle.plugin.statistics.KotlinBuildStatsBeanService$Companion$initStatsService$1: loaded 2 times (x 76B)
Class org.jetbrains.kotlin.gradle.plugin.VariantImplementationFactories$Companion$getProvider$1: loaded 2 times (x 72B)
Class org.jetbrains.kotlin.gradle.internal.properties.PropertiesBuildService$BooleanGradleProperty: loaded 2 times (x 73B)
Class org.jetbrains.kotlin.gradle.dsl.KotlinProjectExtension                          : loaded 2 times (x 119B)
Class [Lorg.objectweb.asm.Symbol;                                                     : loaded 2 times (x 66B)
Class org.objectweb.asm.ClassVisitor                                                  : loaded 2 times (x 85B)
Class com.google.common.collect.UnmodifiableListIterator                              : loaded 2 times (x 92B)
Class org.jetbrains.org.objectweb.asm.tree.FieldInsnNode                              : loaded 2 times (x 76B)
Class org.jetbrains.kotlin.protobuf.ByteString$Output                                 : loaded 2 times (x 83B)
Class org.jetbrains.kotlin.config.ExplicitApiMode$Companion                           : loaded 2 times (x 68B)
Class jdk.internal.jimage.decompressor.StringSharingDecompressorFactory               : loaded 2 times (x 71B)
Class com.google.common.collect.MapMakerInternalMap$StrongKeyDummyValueEntry$LinkedStrongKeyDummyValueEntry: loaded 2 times (x 79B)
Class com.google.common.collect.MapMakerInternalMap$Strength                          : loaded 2 times (x 77B)
Class org.jetbrains.kotlin.gradle.plugin.KotlinPluginLifecycle$ProjectConfigurationResult$Failure: loaded 2 times (x 69B)
Class com.google.common.base.Platform$JdkPatternCompiler                              : loaded 2 times (x 72B)
Class org.jetbrains.kotlin.gradle.plugin.sources.DefaultKotlinSourceSet$MetadataDependencyTransformation: loaded 2 times (x 69B)
Class org.jetbrains.kotlin.gradle.tasks.DefaultKotlinJavaToolchain$Companion          : loaded 2 times (x 68B)
Class org.jetbrains.kotlin.gradle.tasks.DefaultKotlinJavaToolchain                    : loaded 2 times (x 74B)
Class org.jetbrains.kotlin.gradle.targets.native.toolchain.KotlinNativeBundleBuildService$Parameters: loaded 2 times (x 67B)
Class org.jetbrains.kotlin.gradle.targets.native.toolchain.KotlinNativeBundleBuildService: loaded 2 times (x 74B)
Class org.jetbrains.kotlin.gradle.plugin.KotlinGradleBuildServices                    : loaded 2 times (x 77B)
Class [Lorg.jetbrains.kotlin.statistics.ValueAnonymizer;                              : loaded 2 times (x 66B)
Class org.jetbrains.kotlin.gradle.internal.properties.PropertiesBuildService$MemoizedCallable$value$2: loaded 2 times (x 76B)
Class org.objectweb.asm.MethodTooLargeException                                       : loaded 2 times (x 80B)
Class [Lcom.google.common.cache.CacheBuilder$OneWeigher;                              : loaded 2 times (x 66B)
Class com.google.common.base.Suppliers                                                : loaded 2 times (x 68B)
Class com.google.common.collect.SortedSetMultimap                                     : loaded 2 times (x 67B)
Class org.gradle.internal.classloader.DefaultClassLoaderFactory                       : loaded 2 times (x 79B)
Class org.jetbrains.kotlin.gradle.plugin.PropertiesProvider$kotlinCompilerArgumentsLogLevel$1: loaded 2 times (x 71B)
Class org.jetbrains.kotlin.compilerRunner.CompilerSystemPropertiesService$Parameters_Decorated: loaded 2 times (x 131B)
Class org.apache.commons.compress.archivers.zip.X0015_CertificateIdForFile            : loaded 2 times (x 90B)
Class org.apache.commons.compress.archivers.zip.ZipArchiveOutputStream                : loaded 2 times (x 113B)
Class com.google.common.collect.ReverseNaturalOrdering                                : loaded 2 times (x 111B)
Class org.jetbrains.kotlin.gradle.plugin.KotlinTargetWithTests                        : loaded 2 times (x 67B)
Class org.jetbrains.kotlin.gradle.plugin.diagnostics.ToolingDiagnosticRenderingOptions: loaded 2 times (x 69B)
Class [Lorg.jetbrains.kotlin.gradle.dsl.KotlinVersion;                                : loaded 2 times (x 66B)
Class org.jetbrains.kotlin.gradle.plugin.diagnostics.UsesKotlinToolingDiagnosticsParameters: loaded 2 times (x 67B)
Class org.jetbrains.kotlin.gradle.plugin.diagnostics.checkers.JsEnvironmentChecker    : loaded 2 times (x 73B)
Class org.jetbrains.kotlin.gradle.targets.js.npm.NpmDependencyExtensionKt             : loaded 2 times (x 68B)
Class org.jetbrains.kotlin.gradle.targets.metadata.KotlinMetadataTargetConfiguratorKt$special$$inlined$extrasStoredFuture$1: loaded 2 times (x 76B)
Class org.jetbrains.kotlin.gradle.report.BuildMetricsService                          : loaded 2 times (x 83B)
Class org.jetbrains.kotlin.statistics.metrics.NumberAnonymizationPolicy               : loaded 2 times (x 82B)
Class org.jetbrains.kotlin.statistics.metrics.StringAnonymizationPolicy               : loaded 2 times (x 75B)
Class com.google.common.base.CharMatcher$None                                         : loaded 2 times (x 109B)
Class org.jetbrains.kotlin.metadata.jvm.deserialization.JvmNameResolver               : loaded 2 times (x 77B)
Class org.jetbrains.org.objectweb.asm.ClassVisitor                                    : loaded 2 times (x 84B)
Class kotlin.sequences.SequencesKt___SequencesKt                                      : loaded 2 times (x 68B)
Class kotlin.collections.AbstractList$Companion                                       : loaded 2 times (x 68B)
Class org.jetbrains.kotlin.config.LanguageVersionSettings                             : loaded 2 times (x 67B)
Class org.gradle.internal.classloader.ClassLoaderVisitor                              : loaded 2 times (x 73B)
Class org.jetbrains.kotlin.build.report.metrics.BuildPerformanceMetrics               : loaded 2 times (x 69B)
Class org.jetbrains.kotlin.gradle.plugin.mpp.compilationImpl.KotlinCompilationLanguageSettingsConfigurator: loaded 2 times (x 71B)
Class org.apache.commons.compress.archivers.zip.ZipUtil                               : loaded 2 times (x 68B)
Class com.google.common.collect.Ordering                                              : loaded 2 times (x 111B)
Class org.jetbrains.kotlin.gradle.plugin.KotlinPluginLifecycleKt$await$1              : loaded 2 times (x 85B)
Class [Lorg.jetbrains.kotlin.gradle.plugin.KotlinCompilation;                         : loaded 2 times (x 66B)
Class org.jetbrains.kotlin.gradle.plugin.mpp.KotlinTargetComponentWithPublication     : loaded 2 times (x 67B)
Class org.jetbrains.kotlin.gradle.plugin.mpp.compilationImpl.KotlinCreateNativeCompileTasksSideEffectKt: loaded 2 times (x 68B)
Class org.jetbrains.kotlin.gradle.dsl.KotlinTargetContainerWithJsPresetFunctions      : loaded 2 times (x 67B)
Class org.jetbrains.kotlin.gradle.plugin.KotlinProjectSetupActionKt                   : loaded 2 times (x 68B)
Class org.jetbrains.kotlin.gradle.report.ReportingSettings$Companion                  : loaded 2 times (x 68B)
Class org.jetbrains.kotlin.gradle.report.ConfigureReporingKt                          : loaded 2 times (x 68B)
Class org.jetbrains.kotlin.tooling.core.TypeUtils                                     : loaded 2 times (x 68B)
Class [Lcom.google.common.collect.ImmutableMapEntry;                                  : loaded 2 times (x 66B)
Class org.jetbrains.kotlin.metadata.deserialization.Flags$EnumLiteFlagField           : loaded 2 times (x 73B)
Class org.jetbrains.kotlin.metadata.ProtoBuf$Type$Argument$1                          : loaded 2 times (x 141B)
Class org.jetbrains.kotlin.metadata.jvm.JvmProtoBuf$StringTableTypesOrBuilder         : loaded 2 times (x 67B)
Class org.jetbrains.org.objectweb.asm.tree.FrameNode                                  : loaded 2 times (x 76B)
Class org.jetbrains.org.objectweb.asm.ClassReader                                     : loaded 2 times (x 88B)
Class org.gradle.api.internal.classpath.EffectiveClassPath                            : loaded 2 times (x 87B)
Class org.jetbrains.kotlin.gradle.utils.CompatibilityKt                               : loaded 2 times (x 68B)
Class org.jetbrains.kotlin.gradle.plugin.mpp.compilationImpl.DefaultKotlinCompilationConfigurationsContainer: loaded 2 times (x 82B)
Class com.google.common.collect.ImmutableRangeSet                                     : loaded 2 times (x 112B)
Class org.jetbrains.kotlin.konan.target.KonanTarget$ANDROID_ARM32                     : loaded 2 times (x 75B)
Class org.jetbrains.kotlin.gradle.tasks.TasksProviderKt                               : loaded 2 times (x 68B)
Class org.jetbrains.kotlin.gradle.plugin.diagnostics.ToolingDiagnostic                : loaded 2 times (x 69B)
Class org.jetbrains.kotlin.gradle.plugin.sources.DefaultKotlinSourceSetFactory        : loaded 2 times (x 77B)
Class com.google.common.collect.ImmutableEnumMap                                      : loaded 2 times (x 122B)
Class com.google.common.collect.ListMultimap                                          : loaded 2 times (x 67B)
Class [Lorg.jetbrains.kotlin.descriptors.CallableMemberDescriptor$Kind;               : loaded 2 times (x 66B)
Class org.jetbrains.kotlin.metadata.ProtoBuf$EnumEntry                                : loaded 2 times (x 115B)
Class org.jetbrains.kotlin.metadata.jvm.deserialization.JvmMetadataVersion            : loaded 2 times (x 71B)
Class kotlin.text.StringsKt__AppendableKt                                             : loaded 2 times (x 68B)
Class [Lorg.jetbrains.kotlin.config.LanguageOrApiVersion;                             : loaded 2 times (x 66B)
Class org.jetbrains.kotlin.incremental.ClasspathChanges                               : loaded 2 times (x 68B)
Class org.jetbrains.kotlin.buildtools.api.jvm.ClassSnapshotGranularity                : loaded 2 times (x 76B)
Class org.jetbrains.kotlin.gradle.ExternalKotlinTargetApi                             : loaded 2 times (x 67B)
Class org.apache.commons.compress.archivers.zip.X000A_NTFS                            : loaded 2 times (x 97B)
Class com.google.common.collect.ComparatorOrdering                                    : loaded 2 times (x 112B)
Class com.google.common.collect.Iterators$EmptyModifiableIterator                     : loaded 2 times (x 83B)
Class org.jetbrains.kotlin.konan.target.KonanTarget                                   : loaded 2 times (x 75B)
Class org.jetbrains.kotlin.gradle.plugin.diagnostics.checkers.AndroidPluginWithoutAndroidTargetChecker$runChecks$1: loaded 2 times (x 85B)
Class org.jetbrains.kotlin.gradle.plugin.diagnostics.checkers.AndroidSourceSetLayoutV1SourceSetsNotFoundChecker$runChecks$1: loaded 2 times (x 85B)
Class org.jetbrains.kotlin.gradle.plugin.diagnostics.KotlinGradleProjectCheckersRunnerKt$launchKotlinGradleProjectCheckers$1$1: loaded 2 times (x 92B)
Class org.jetbrains.kotlin.gradle.targets.CreateDefaultTestRunSideEffectKt            : loaded 2 times (x 68B)
Class org.jetbrains.kotlin.gradle.utils.ProviderApiUtilsKt$mapOrNull$1                : loaded 2 times (x 72B)
Class org.jetbrains.kotlin.gradle.targets.native.toolchain.KotlinNativeBundleBuildService$Companion$registerIfAbsent$1: loaded 2 times (x 72B)
Class org.jetbrains.kotlin.statistics.metrics.BooleanAnonymizationPolicy              : loaded 2 times (x 82B)
Class org.jetbrains.kotlin.statistics.metrics.BooleanOverridePolicy$OVERRIDE          : loaded 2 times (x 82B)
Class org.jetbrains.kotlin.gradle.plugin.PropertiesProvider$kotlinExperimentalTryNext$1: loaded 2 times (x 72B)
Class org.jetbrains.kotlin.gradle.plugin.VariantImplementationFactoriesConfigurator$Companion$getProvider$1: loaded 2 times (x 71B)
Class com.google.common.collect.Sets$1                                                : loaded 2 times (x 136B)
Class org.objectweb.asm.AnnotationVisitor                                             : loaded 2 times (x 75B)
Class com.google.common.base.Splitter                                                 : loaded 2 times (x 69B)
Class org.jetbrains.kotlin.util.ModuleVisibilityHelper                                : loaded 2 times (x 67B)
Class org.jetbrains.kotlin.descriptors.DescriptorVisibilities$1                       : loaded 2 times (x 76B)
Class [Lkotlin.reflect.KCallable;                                                     : loaded 2 times (x 66B)
Class org.jetbrains.kotlin.protobuf.CodedOutputStream$ByteBufferOutputStream          : loaded 2 times (x 83B)
Class org.gradle.api.internal.DefaultClassPathProvider                                : loaded 2 times (x 73B)
Class com.google.common.collect.MapMakerInternalMap$Strength$1                        : loaded 2 times (x 77B)
Class com.google.common.collect.Maps$ViewCachingAbstractMap                           : loaded 2 times (x 122B)
Class org.jetbrains.kotlin.gradle.tasks.configuration.BaseKotlinCompileConfig$1$3$classpathEntrySnapshotFiles$1: loaded 2 times (x 71B)
Class org.jetbrains.kotlin.gradle.tasks.configuration.KaptGenerateStubsConfig$Companion$wireJavaAndKotlinOutputs$1: loaded 2 times (x 76B)
Class com.google.common.collect.NaturalOrdering                                       : loaded 2 times (x 112B)
Class org.jetbrains.kotlin.gradle.plugin.KotlinPluginLifecycleCoroutineContextElement : loaded 2 times (x 81B)
Class org.jetbrains.kotlin.gradle.dsl.PlatformSourceSetConventionsChecker             : loaded 2 times (x 71B)
Class org.jetbrains.kotlin.gradle.plugin.diagnostics.checkers.KotlinSourceSetTreeDependsOnMismatchChecker: loaded 2 times (x 71B)
Class org.jetbrains.kotlin.gradle.targets.CreateDefaultCompilationsSideEffectKt       : loaded 2 times (x 68B)
Class org.jetbrains.kotlin.gradle.plugin.mpp.SyncLanguageSettingsWithKotlinExtensionSetupActionKt: loaded 2 times (x 68B)
Class org.jetbrains.kotlin.statistics.metrics.NumericalMetrics                        : loaded 2 times (x 77B)
Class org.jetbrains.kotlin.gradle.plugin.VariantImplementationFactories$Companion$getProvider$2$1: loaded 2 times (x 76B)
Class com.google.common.collect.Sets$2                                                : loaded 2 times (x 136B)
Class org.jetbrains.kotlin.descriptors.DescriptorVisibilities$2                       : loaded 2 times (x 76B)
Class org.jetbrains.kotlin.metadata.ProtoBuf$Modality                                 : loaded 2 times (x 79B)
Class org.jetbrains.kotlin.metadata.jvm.JvmProtoBuf$JvmFieldSignature                 : loaded 2 times (x 105B)
Class org.jetbrains.kotlin.protobuf.ExtensionRegistryLite                             : loaded 2 times (x 71B)
Class kotlin.sequences.Sequence                                                       : loaded 2 times (x 67B)
Class kotlin.text.StringsKt__StringNumberConversionsJVMKt                             : loaded 2 times (x 68B)
Class [Lorg.gradle.api.internal.ClassPathProvider;                                    : loaded 2 times (x 66B)
Class org.gradle.api.internal.ClassPathProvider                                       : loaded 2 times (x 67B)
Class com.google.common.collect.MapMakerInternalMap$Strength$2                        : loaded 2 times (x 77B)
Class org.jetbrains.kotlin.gradle.plugin.statistics.ExecutedTaskMetrics               : loaded 2 times (x 68B)
Class org.jetbrains.kotlin.gradle.plugin.diagnostics.CheckKotlinGradlePluginConfigurationErrors$Companion: loaded 2 times (x 68B)
Class org.jetbrains.kotlin.gradle.tasks.KotlinJvmCompile$DefaultImpls                 : loaded 2 times (x 68B)
Class org.jetbrains.kotlin.gradle.tasks.CacheableTasksKt                              : loaded 2 times (x 68B)
Class org.jetbrains.kotlin.konan.target.HostManager$targetValues$2                    : loaded 2 times (x 75B)
Class [Lorg.jetbrains.kotlin.konan.target.Family;                                     : loaded 2 times (x 66B)
Class org.jetbrains.kotlin.gradle.plugin.diagnostics.checkers.UnusedSourceSetsChecker$runChecks$1: loaded 2 times (x 85B)
Class org.jetbrains.kotlin.gradle.targets.js.npm.PeerNpmDependencyExtension           : loaded 2 times (x 67B)
Class org.jetbrains.kotlin.gradle.dsl.AndroidMainSourceSetConventionsChecker          : loaded 2 times (x 71B)
Class org.jetbrains.kotlin.gradle.plugin.diagnostics.checkers.WasmJsEnvironmentChecker$1: loaded 2 times (x 75B)
Class org.jetbrains.kotlin.gradle.targets.js.npm.NpmDependencyExtensionKt$AddNpmDependencyExtensionProjectSetupAction$1: loaded 2 times (x 71B)
Class org.jetbrains.kotlin.build.report.metrics.GradleBuildPerformanceMetric          : loaded 2 times (x 89B)
Class org.jetbrains.kotlin.gradle.internal.properties.PropertiesBuildService$NullableBooleanGradleProperty: loaded 2 times (x 73B)
Class [Lorg.objectweb.asm.AnnotationVisitor;                                          : loaded 2 times (x 66B)
Class com.google.common.collect.Sets$3                                                : loaded 2 times (x 136B)
Class com.google.common.util.concurrent.AbstractFuture$SafeAtomicHelper               : loaded 2 times (x 76B)
Class com.google.common.cache.LocalCache$LocalLoadingCache                            : loaded 2 times (x 131B)
Class com.google.common.base.AbstractIterator$State                                   : loaded 2 times (x 76B)
Class org.jetbrains.kotlin.metadata.jvm.deserialization.ClassMapperLite               : loaded 2 times (x 68B)
Class org.jetbrains.kotlin.descriptors.DescriptorVisibilities$3                       : loaded 2 times (x 76B)
Class org.jetbrains.kotlin.metadata.ProtoBuf$MemberKind                               : loaded 2 times (x 79B)
Class org.jetbrains.kotlin.metadata.jvm.deserialization.JvmNameResolverBase$Companion : loaded 2 times (x 68B)
Class org.jetbrains.kotlin.load.java.JvmAnnotationNames                               : loaded 2 times (x 68B)
Class org.jetbrains.kotlin.config.LanguageVersion$Companion                           : loaded 2 times (x 68B)
Class org.jetbrains.kotlin.cli.common.CompilerSystemProperties                        : loaded 2 times (x 77B)
Class jdk.internal.jrtfs.SystemImage                                                  : loaded 2 times (x 71B)
Class org.gradle.internal.service.UnknownServiceException                             : loaded 2 times (x 80B)
Class com.google.common.collect.MapMakerInternalMap$StrongValueEntry                  : loaded 2 times (x 67B)
Class com.google.common.io.ByteArrayDataInput                                         : loaded 2 times (x 67B)
Class org.jetbrains.kotlin.gradle.tasks.configuration.BaseKotlinCompileConfig$2$1$1$1 : loaded 2 times (x 71B)
Class org.jetbrains.kotlin.gradle.tasks.KotlinCompile$ScriptFilterSpec                : loaded 2 times (x 72B)
Class org.apache.http.message.BasicHeader                                             : loaded 2 times (x 79B)
Class org.jetbrains.kotlin.gradle.plugin.diagnostics.checkers.ComposePluginSuggestApplyChecker$runChecks$1: loaded 2 times (x 85B)
Class org.jetbrains.kotlin.konan.target.KonanTarget$TVOS_ARM64                        : loaded 2 times (x 75B)
Class org.jetbrains.kotlin.gradle.targets.js.npm.DefaultPeerNpmDependencyExtension    : loaded 2 times (x 138B)
Class org.jetbrains.kotlin.gradle.plugin.KotlinPluginLifecycleKt                      : loaded 2 times (x 68B)
Class org.jetbrains.kotlin.gradle.plugin.diagnostics.checkers.WasmJsEnvironmentChecker$2: loaded 2 times (x 75B)
Class org.jetbrains.kotlin.gradle.plugin.mpp.AbstractKotlinTarget                     : loaded 2 times (x 153B)
Class org.jetbrains.kotlin.gradle.internal.properties.NativePropertiesLoader$kotlinNativeVersion$1: loaded 2 times (x 72B)
Class org.jetbrains.kotlin.gradle.plugin.VariantImplementationFactoriesConfigurator$Inject: loaded 2 times (x 93B)
Class org.jetbrains.kotlin.gradle.dsl.KotlinSingleTargetExtension                     : loaded 2 times (x 121B)
Class com.google.common.collect.Sets$4                                                : loaded 2 times (x 136B)
Class org.objectweb.asm.ModuleVisitor                                                 : loaded 2 times (x 78B)
Class com.google.common.cache.LocalCache$Strength$1                                   : loaded 2 times (x 78B)
Class org.jetbrains.kotlin.descriptors.DescriptorVisibilities$4                       : loaded 2 times (x 76B)
Class [Lorg.jetbrains.kotlin.protobuf.WireFormat$JavaType;                            : loaded 2 times (x 66B)
Class org.jetbrains.org.objectweb.asm.tree.TableSwitchInsnNode                        : loaded 2 times (x 76B)
Class [Lorg.jetbrains.org.objectweb.asm.Attribute;                                    : loaded 2 times (x 66B)
Class org.jetbrains.kotlin.config.JvmDefaultMode                                      : loaded 2 times (x 76B)
Class org.jetbrains.kotlin.gradle.tasks.configuration.BaseKotlinCompileConfig$2$1$1$2 : loaded 2 times (x 71B)
Class org.jetbrains.kotlin.gradle.plugin.mpp.KotlinCompilationsKt$addSourcesToKotlinCompileTask$configureAction$2: loaded 2 times (x 76B)
Class org.jetbrains.kotlin.gradle.plugin.mpp.compilationImpl.KotlinCompilationTaskNamesContainer: loaded 2 times (x 69B)
Class org.jetbrains.kotlin.gradle.plugin.mpp.compilationImpl.factory.KotlinCompilationImplFactory$KotlinCompilerOptionsFactory: loaded 2 times (x 67B)
Class [Lorg.apache.commons.compress.archivers.zip.ZipArchiveEntry$NameSource;         : loaded 2 times (x 66B)
Class org.jetbrains.kotlin.gradle.internal.properties.PropertiesBuildServiceKt$propertyWithDeprecatedName$1: loaded 2 times (x 72B)
Class org.jetbrains.kotlin.gradle.targets.js.npm.NpmDependencyExtension               : loaded 2 times (x 67B)
Class org.jetbrains.kotlin.gradle.plugin.LanguageSettingsBuilder                      : loaded 2 times (x 67B)
Class org.jetbrains.kotlin.gradle.plugin.diagnostics.checkers.WasmWasiEnvironmentChecker: loaded 2 times (x 73B)
Class org.jetbrains.kotlin.gradle.plugin.diagnostics.checkers.WasmJsEnvironmentChecker$3: loaded 2 times (x 75B)
Class org.jetbrains.kotlin.gradle.targets.ConfigureBuildSideEffectKt                  : loaded 2 times (x 68B)
Class org.jetbrains.kotlin.gradle.plugin.BuildEventsListenerRegistryHolder$Companion  : loaded 2 times (x 68B)
Class [Lorg.jetbrains.kotlin.statistics.metrics.StringMetrics;                        : loaded 2 times (x 66B)
Class org.jetbrains.kotlin.gradle.internal.properties.PropertiesBuildService$Inject   : loaded 2 times (x 93B)
Class com.google.common.util.concurrent.SettableFuture                                : loaded 2 times (x 111B)
Class com.google.common.cache.LocalCache$Strength$2                                   : loaded 2 times (x 78B)
Class org.jetbrains.kotlin.descriptors.DescriptorVisibilities$5                       : loaded 2 times (x 76B)
Class org.jetbrains.kotlin.metadata.jvm.JvmProtoBuf$JvmPropertySignatureOrBuilder     : loaded 2 times (x 67B)
Class org.jetbrains.kotlin.protobuf.GeneratedMessageLite$ExtendableMessage            : loaded 2 times (x 110B)
Class org.jetbrains.kotlin.cli.common.messages.CompilerMessageSeverity                : loaded 2 times (x 76B)
Class com.google.common.collect.Interners$InternerImpl                                : loaded 2 times (x 72B)
Class com.google.common.collect.Interner                                              : loaded 2 times (x 67B)
Class com.google.common.collect.TransformedIterator                                   : loaded 2 times (x 77B)
Class com.google.common.io.ByteStreams                                                : loaded 2 times (x 68B)
Class org.objectweb.asm.Handle                                                        : loaded 2 times (x 69B)
Class org.jetbrains.kotlin.gradle.tasks.KotlinJavaToolchain$JdkSetter                 : loaded 2 times (x 67B)
Class org.jetbrains.kotlin.gradle.utils.ConfigurationCacheKt                          : loaded 2 times (x 68B)
Class org.jetbrains.kotlin.gradle.plugin.KotlinPluginLifecycle$ProjectConfigurationResult$Success: loaded 2 times (x 68B)
Class com.google.common.collect.ComparisonChain$1                                     : loaded 2 times (x 78B)
Class com.google.common.collect.AllEqualOrdering                                      : loaded 2 times (x 111B)
Class org.jetbrains.kotlin.gradle.internal.StdlibDependencyManagementKt$configureStdlibVersionAlignment$1: loaded 2 times (x 72B)
Class org.jetbrains.kotlin.gradle.plugin.diagnostics.checkers.OverriddenKotlinNativeHomeChecker$allKonanMainSubdirectoriesExist$1$1: loaded 2 times (x 72B)
Class org.jetbrains.kotlin.gradle.dsl.PlatformSourceSetConventionsChecker$CheckedPlatformInfo: loaded 2 times (x 69B)
Class org.jetbrains.kotlin.gradle.plugin.diagnostics.checkers.WasmJsEnvironmentChecker$4: loaded 2 times (x 75B)
Class org.jetbrains.kotlin.gradle.plugin.mpp.KotlinUsages$KotlinCinteropDisambiguation: loaded 2 times (x 73B)
Class org.jetbrains.kotlin.gradle.plugin.KotlinPluginInMultipleProjectsHolder         : loaded 2 times (x 69B)
Class org.jetbrains.kotlin.gradle.report.BuildReportType$Companion                    : loaded 2 times (x 68B)
Class com.google.common.cache.LocalCache$Strength$3                                   : loaded 2 times (x 78B)
Class com.google.common.collect.MapDifference                                         : loaded 2 times (x 67B)
Class com.google.common.base.Splitter$1                                               : loaded 2 times (x 74B)
Class org.jetbrains.kotlin.descriptors.DescriptorVisibilities$6                       : loaded 2 times (x 76B)
Class org.jetbrains.kotlin.metadata.ProtoBuf$Annotation$Argument$Value                : loaded 2 times (x 124B)
Class org.jetbrains.kotlin.protobuf.CodedOutputStream$OutOfSpaceException             : loaded 2 times (x 79B)
Class kotlin.collections.ArraysKt___ArraysJvmKt                                       : loaded 2 times (x 68B)
Class kotlin.collections.CollectionsKt__CollectionsKt                                 : loaded 2 times (x 68B)
Class kotlin.text.StringsKt__RegexExtensionsJVMKt                                     : loaded 2 times (x 68B)
Class com.google.common.collect.MapMaker$Dummy                                        : loaded 2 times (x 76B)
Class org.jetbrains.kotlin.gradle.tasks.KotlinCompilerPluginData$InputsOutputsState   : loaded 2 times (x 69B)
Class org.jetbrains.kotlin.gradle.plugin.sources.FragmentConsistencyChecks$optInAnnotationsCheck$1: loaded 2 times (x 76B)
Class org.jetbrains.kotlin.gradle.plugin.mpp.AbstractKotlinCompilationToRunnableFiles : loaded 2 times (x 193B)
Class org.jetbrains.kotlin.gradle.artifacts.KotlinMetadataArtifactKt$KotlinMetadataArtifact$1: loaded 2 times (x 71B)
Class org.jetbrains.kotlin.gradle.plugin.mpp.KotlinUsages$KotlinMetadataCompatibility : loaded 2 times (x 73B)
Class [Lorg.jetbrains.kotlin.gradle.dsl.JvmTarget;                                    : loaded 2 times (x 66B)
Class org.jetbrains.kotlin.gradle.utils.ConfigurationsKt$maybeCreateResolvable$1      : loaded 2 times (x 75B)
Class org.jetbrains.kotlin.gradle.plugin.StatisticsBuildFlowManager$Companion         : loaded 2 times (x 68B)
Class org.jetbrains.kotlin.statistics.metrics.StringMetrics$Companion                 : loaded 2 times (x 68B)
Class org.jetbrains.kotlin.gradle.internal.properties.PropertiesBuildService$property$1$1: loaded 2 times (x 72B)
Class org.jetbrains.kotlin.tooling.core.Extras$Type                                   : loaded 2 times (x 69B)
Class org.objectweb.asm.FieldWriter                                                   : loaded 2 times (x 75B)
Class com.google.common.cache.CacheBuilder$NullListener                               : loaded 2 times (x 79B)
Class org.jetbrains.kotlin.descriptors.DescriptorVisibilities$7                       : loaded 2 times (x 76B)
Class kotlin._Assertions                                                              : loaded 2 times (x 68B)
Class [Lorg.jetbrains.kotlin.config.LanguageFeature;                                  : loaded 2 times (x 66B)
Class org.gradle.internal.classpath.TransformedClassPath                              : loaded 2 times (x 93B)
Class org.gradle.internal.classloader.InstrumentingClassLoader                        : loaded 2 times (x 67B)
Class com.google.common.collect.ImmutableListMultimap                                 : loaded 2 times (x 173B)
Class org.jetbrains.kotlin.gradle.internal.StdlibDependencyManagementKt$configureStdlibVersionAlignment$1$1$1: loaded 2 times (x 72B)
Class org.jetbrains.kotlin.gradle.plugin.BuildFinishedListenerService$Companion       : loaded 2 times (x 68B)
Class org.jetbrains.kotlin.gradle.plugin.BuildFinishedListenerService                 : loaded 2 times (x 77B)
Class com.google.common.collect.ImmutableRangeSet$AsSet                               : loaded 2 times (x 296B)
Class org.jetbrains.kotlin.gradle.plugin.sources.FragmentConsistencyChecks$optInAnnotationsCheck$2: loaded 2 times (x 75B)
Class org.jetbrains.kotlin.gradle.targets.NativeForwardImplementationToApiElementsSideEffectKt$special$$inlined$KotlinTargetSideEffect$1: loaded 2 times (x 71B)
Class com.google.common.cache.CacheLoader$FunctionToCacheLoader                       : loaded 2 times (x 72B)
Class com.google.common.collect.Iterators$ArrayItr                                    : loaded 2 times (x 94B)
Class com.google.common.collect.ImmutableCollection$Builder                           : loaded 2 times (x 73B)
Class org.jetbrains.kotlin.descriptors.DescriptorVisibilities$8                       : loaded 2 times (x 76B)
Class kotlin.jvm.internal.FunctionReference                                           : loaded 2 times (x 119B)
Class org.jetbrains.kotlin.metadata.ProtoBuf$MemberKind$1                             : loaded 2 times (x 71B)
Class org.jetbrains.kotlin.metadata.jvm.JvmProtoBuf$StringTableTypes$RecordOrBuilder  : loaded 2 times (x 67B)
Class kotlin.jvm.internal.FunctionBase                                                : loaded 2 times (x 67B)
Class [Lorg.jetbrains.org.objectweb.asm.SymbolTable$Entry;                            : loaded 2 times (x 66B)
Class org.jetbrains.kotlin.resolve.jvm.JvmClassName                                   : loaded 2 times (x 73B)
Class kotlin.enums.EnumEntriesList                                                    : loaded 2 times (x 220B)
Class jdk.internal.jrtfs.SystemImage$1                                                : loaded 2 times (x 75B)
Class com.google.common.collect.EmptyImmutableListMultimap                            : loaded 2 times (x 173B)
Class com.google.common.collect.BaseImmutableMultimap                                 : loaded 2 times (x 120B)
Class org.jetbrains.kotlin.gradle.tasks.configuration.BaseKotlinCompileConfig$1$3$2   : loaded 2 times (x 72B)
Class org.jetbrains.kotlin.gradle.tasks.AbstractKotlinCompileTool$sources$1           : loaded 2 times (x 76B)
Class org.jetbrains.kotlin.gradle.tasks.configuration.TaskConfigAction                : loaded 2 times (x 69B)
Class org.jetbrains.kotlin.gradle.plugin.diagnostics.checkers.OverriddenKotlinNativeHomeChecker$allKonanMainSubdirectoriesExist$1: loaded 2 times (x 72B)
Class org.jetbrains.kotlin.gradle.plugin.AbstractKotlinPlugin$Companion               : loaded 2 times (x 68B)
Class org.jetbrains.kotlin.gradle.plugin.KotlinSourceSetTree                          : loaded 2 times (x 69B)
Class org.jetbrains.kotlin.gradle.plugin.KotlinPluginLifecycle$Stage                  : loaded 2 times (x 76B)
Class org.jetbrains.kotlin.gradle.plugin.mpp.compilationImpl.KotlinCreateResourcesTaskSideEffectKt$KotlinCreateResourcesTaskSideEffect$1: loaded 2 times (x 71B)
Class org.jetbrains.kotlin.gradle.plugin.sources.KotlinSourceSetFactory               : loaded 2 times (x 77B)
Class org.jetbrains.kotlin.gradle.targets.native.toolchain.KotlinNativeBundleBuildService$Parameters_Decorated: loaded 2 times (x 140B)
Class org.jetbrains.kotlin.gradle.internal.ClassLoadersCachingBuildService$Companion  : loaded 2 times (x 68B)
Class org.jetbrains.kotlin.gradle.plugin.StatisticsBuildFlowManager$subscribeForBuildResult$1$1: loaded 2 times (x 71B)
Class com.google.common.base.Joiner                                                   : loaded 2 times (x 76B)
Class com.google.common.base.MoreObjects                                              : loaded 2 times (x 68B)
Class org.jetbrains.kotlin.protobuf.GeneratedMessageLite$ExtendableBuilder            : loaded 2 times (x 135B)
Class org.jetbrains.kotlin.descriptors.DescriptorVisibilities$9                       : loaded 2 times (x 76B)
Class org.jetbrains.kotlin.metadata.jvm.JvmProtoBuf$StringTableTypes                  : loaded 2 times (x 107B)
Class kotlin.comparisons.ComparisonsKt___ComparisonsJvmKt                             : loaded 2 times (x 68B)
Class kotlin.collections.CollectionsKt__IteratorsJVMKt                                : loaded 2 times (x 68B)
Class org.jetbrains.kotlin.config.LanguageFeature                                     : loaded 2 times (x 77B)
Class jdk.internal.jrtfs.SystemImage$2                                                : loaded 2 times (x 73B)
Class [Lorg.objectweb.asm.Attribute;                                                  : loaded 2 times (x 66B)
Class [Lorg.jetbrains.kotlin.build.report.metrics.BuildAttribute;                     : loaded 2 times (x 66B)
Class org.jetbrains.kotlin.gradle.utils.ProviderApiUtilsKt$mapOrNull$1$1              : loaded 2 times (x 72B)
Class org.jetbrains.kotlin.gradle.plugin.hierarchy.KotlinSourceSetTreeClassifier$Default: loaded 2 times (x 68B)
Class org.jetbrains.kotlin.gradle.plugin.mpp.InternalKotlinCompilationKt              : loaded 2 times (x 68B)
Class org.jetbrains.kotlin.gradle.tasks.configuration.AbstractKotlinCompileConfig     : loaded 2 times (x 69B)
Class org.jetbrains.kotlin.gradle.plugin.mpp.compilationImpl.KotlinCompilationImpl$attributes$2: loaded 2 times (x 76B)
Class org.jetbrains.kotlin.gradle.plugin.diagnostics.checkers.OverriddenKotlinNativeHomeChecker$StdlibExistenceCheckerValueSource: loaded 2 times (x 75B)
Class org.apache.http.Header                                                          : loaded 2 times (x 67B)
Class org.jetbrains.kotlin.gradle.utils.IsolatedKotlinClasspathClassCastException     : loaded 2 times (x 79B)
Class [Lorg.objectweb.asm.Type;                                                       : loaded 2 times (x 66B)
Class com.google.common.collect.Platform                                              : loaded 2 times (x 68B)
Class com.google.common.collect.UnmodifiableIterator                                  : loaded 2 times (x 77B)
Class org.jetbrains.kotlin.gradle.tasks.CInteropProcess                               : loaded 2 times (x 344B)
Class org.jetbrains.kotlin.metadata.jvm.JvmProtoBuf$StringTableTypes$1                : loaded 2 times (x 141B)
Class org.jetbrains.kotlin.metadata.ProtoBuf$PropertyOrBuilder                        : loaded 2 times (x 67B)
Class org.jetbrains.kotlin.metadata.ProtoBuf$Constructor$1                            : loaded 2 times (x 141B)
Class org.jetbrains.org.objectweb.asm.tree.LabelNode                                  : loaded 2 times (x 77B)
Class org.jetbrains.kotlin.config.LanguageOrApiVersion                                : loaded 2 times (x 67B)
Class org.gradle.internal.service.ServiceLocator                                      : loaded 2 times (x 67B)
Class com.google.common.collect.HashBiMap$BiEntry                                     : loaded 2 times (x 80B)
Class org.jetbrains.kotlin.gradle.tasks.DefaultKotlinJavaToolchain$DefaultJavaToolchainSetter$useAsConvention$1: loaded 2 times (x 72B)
Class org.jetbrains.kotlin.gradle.plugin.KotlinCompilerArgumentsProducer$CreateCompilerArgumentsContext: loaded 2 times (x 67B)
Class org.jetbrains.kotlin.gradle.plugin.diagnostics.RenderReportedDiagnosticsKt      : loaded 2 times (x 68B)
Class org.jetbrains.kotlin.gradle.plugin.hierarchy.KotlinSourceSetTreeClassifierKt$classify$1: loaded 2 times (x 85B)
Class com.google.common.collect.SingletonImmutableBiMap                               : loaded 2 times (x 140B)
Class [Lorg.jetbrains.kotlin.konan.target.KonanTarget;                                : loaded 2 times (x 66B)
Class org.jetbrains.kotlin.gradle.plugin.diagnostics.checkers.WasmSourceSetsNotFoundChecker: loaded 2 times (x 71B)
Class org.jetbrains.kotlin.gradle.plugin.diagnostics.checkers.AndroidSourceSetLayoutV1SourceSetsNotFoundChecker$androidSourceSetRegex$2: loaded 2 times (x 75B)
Class org.jetbrains.kotlin.gradle.plugin.statistics.KotlinBuildStatsLoggerService$Companion: loaded 2 times (x 68B)
Class com.google.common.base.Ascii                                                    : loaded 2 times (x 68B)
Class com.google.common.cache.LocalCache$1                                            : loaded 2 times (x 86B)
Class com.google.common.collect.AbstractMapEntry                                      : loaded 2 times (x 78B)
Class kotlin.Pair                                                                     : loaded 2 times (x 69B)
Class [Lkotlin.Function;                                                              : loaded 2 times (x 66B)
Class org.jetbrains.kotlin.load.kotlin.header.ReadKotlinClassHeaderAnnotationVisitor$CollectStringArrayAnnotationVisitor: loaded 2 times (x 82B)
Class jdk.internal.jrtfs.JrtFileSystemProvider                                        : loaded 2 times (x 98B)
Class com.google.common.collect.MapMakerInternalMap$AbstractStrongKeyEntry            : loaded 2 times (x 77B)
Class org.jetbrains.kotlin.gradle.plugin.KotlinCompilationWithResources               : loaded 2 times (x 67B)
Class org.apache.commons.compress.archivers.ArchiveOutputStream                       : loaded 2 times (x 93B)
Class com.google.common.collect.AbstractSetMultimap                                   : loaded 2 times (x 171B)
Class com.google.common.collect.Sets$ImprovedAbstractSet                              : loaded 2 times (x 132B)
Class com.google.common.collect.ImmutableList$Builder                                 : loaded 2 times (x 74B)
Class org.jetbrains.kotlin.gradle.plugin.KotlinTargetPreset                           : loaded 2 times (x 67B)
Class org.jetbrains.kotlin.gradle.plugin.diagnostics.checkers.KotlinTargetAlreadyDeclaredChecker: loaded 2 times (x 71B)
Class org.jetbrains.kotlin.gradle.plugin.mpp.compilationImpl.KotlinCompilationProcessorSideEffectKt: loaded 2 times (x 68B)
Class org.jetbrains.kotlin.gradle.plugin.mpp.KotlinUsages$KotlinJavaRuntimeJarsCompatibility: loaded 2 times (x 73B)
Class org.jetbrains.kotlin.gradle.utils.FileUtilsKt$localProperties$1                 : loaded 2 times (x 72B)
Class org.jetbrains.kotlin.gradle.dsl.HasConfigurableKotlinCompilerOptions            : loaded 2 times (x 67B)
Class com.google.common.cache.LocalCache$2                                            : loaded 2 times (x 139B)
Class com.google.common.collect.AbstractMultimap                                      : loaded 2 times (x 120B)
Class [Lorg.jetbrains.org.objectweb.asm.tree.AbstractInsnNode;                        : loaded 2 times (x 66B)
Class kotlin.io.CloseableKt                                                           : loaded 2 times (x 68B)
Class kotlin.collections.CollectionsKt___CollectionsKt$withIndex$1                    : loaded 2 times (x 76B)
Class kotlin.collections.CollectionsKt__MutableCollectionsKt                          : loaded 2 times (x 68B)
Class org.jetbrains.kotlin.gradle.tasks.configuration.AbstractKotlinCompileConfig$2$1 : loaded 2 times (x 76B)
Class org.jetbrains.kotlin.gradle.tasks.DefaultKotlinJavaToolchain_Decorated          : loaded 2 times (x 123B)
Class org.jetbrains.kotlin.gradle.plugin.statistics.KotlinProjectConfigurationMetrics : loaded 2 times (x 68B)
Class org.jetbrains.kotlin.gradle.plugin.KotlinCompilationInfo$TCS                    : loaded 2 times (x 86B)
Class com.google.common.collect.ImmutableRangeSet$1                                   : loaded 2 times (x 206B)
Class org.jetbrains.kotlin.gradle.plugin.mpp.HasBinaries                              : loaded 2 times (x 67B)
Class org.jetbrains.kotlin.gradle.dsl.KotlinCommonOptions                             : loaded 2 times (x 67B)
Class org.jetbrains.kotlin.gradle.plugin.mpp.compilationImpl.KotlinCreateSourcesJarTaskSideEffectKt: loaded 2 times (x 68B)
Class org.jetbrains.kotlin.gradle.dsl.KotlinJvmProjectExtension                       : loaded 2 times (x 136B)
Class org.jetbrains.kotlin.gradle.plugin.KotlinGradlePluginExtensionPointInternalKt   : loaded 2 times (x 68B)
Class org.jetbrains.kotlin.gradle.targets.native.toolchain.UsesKotlinNativeBundleBuildService: loaded 2 times (x 67B)
Class org.jetbrains.kotlin.gradle.plugin.KotlinCompilerArgumentsProducer              : loaded 2 times (x 67B)
Class org.jetbrains.kotlin.build.report.metrics.ValueType                             : loaded 2 times (x 76B)
Class com.google.common.util.concurrent.AbstractFuture$UnsafeAtomicHelper$1           : loaded 2 times (x 73B)
Class com.google.common.collect.RegularImmutableAsList                                : loaded 2 times (x 213B)
Class kotlin.reflect.KCallable                                                        : loaded 2 times (x 67B)
Class org.jetbrains.kotlin.metadata.deserialization.ProtoBufUtilKt                    : loaded 2 times (x 68B)
Class kotlin.io.TerminateException                                                    : loaded 2 times (x 79B)
Class kotlin.io.FilesKt__FilePathComponentsKt                                         : loaded 2 times (x 68B)
Class org.jetbrains.kotlin.config.MavenComparableVersion$IntegerItem                  : loaded 2 times (x 77B)
Class com.google.common.base.Optional                                                 : loaded 2 times (x 77B)
Class org.jetbrains.kotlin.build.report.metrics.BuildTimes$Companion                  : loaded 2 times (x 68B)
Class org.jetbrains.kotlin.gradle.tasks.configuration.BaseKotlinCompileConfig$1$classpathConfiguration$1: loaded 2 times (x 72B)
Class com.google.common.collect.Range                                                 : loaded 2 times (x 84B)
Class org.jetbrains.kotlin.gradle.targets.js.npm.NpmDependencyExtensionDelegate       : loaded 2 times (x 164B)
Class org.jetbrains.kotlin.gradle.plugin.sources.FragmentConsistencyChecker           : loaded 2 times (x 69B)
Class org.jetbrains.kotlin.gradle.dsl.DefaultToolchainSupport_Decorated               : loaded 2 times (x 121B)
Class org.jetbrains.kotlin.gradle.internal.properties.NativePropertiesLoader$jvmArgs$1: loaded 2 times (x 72B)
Class org.jetbrains.kotlin.gradle.report.BuildMetricsService$Companion                : loaded 2 times (x 68B)
Class org.jetbrains.kotlin.gradle.tasks.KotlinCompileTool                             : loaded 2 times (x 67B)
Class org.jetbrains.kotlin.gradle.utils.SingleAction$PerformedActions                 : loaded 2 times (x 69B)
Class org.jetbrains.kotlin.gradle.plugin.VariantImplementationFactories$Parameters_Decorated: loaded 2 times (x 131B)
Class org.jetbrains.kotlin.gradle.plugin.PropertiesProvider$PropertyNames             : loaded 2 times (x 68B)
Class org.jetbrains.kotlin.gradle.utils.GradleUtilsKt                                 : loaded 2 times (x 68B)
Class org.jetbrains.kotlin.gradle.plugin.HasProject                                   : loaded 2 times (x 67B)
Class com.google.common.util.concurrent.AbstractFuture$Trusted                        : loaded 2 times (x 67B)
Class com.google.common.collect.Iterators                                             : loaded 2 times (x 68B)
Class com.google.common.base.CharMatcher$RangesMatcher                                : loaded 2 times (x 109B)
Class org.jetbrains.kotlin.protobuf.AbstractMessageLite$Builder                       : loaded 2 times (x 119B)
Class org.jetbrains.kotlin.protobuf.Internal$EnumLiteMap                              : loaded 2 times (x 67B)
Class org.jetbrains.org.objectweb.asm.tree.InsnList                                   : loaded 2 times (x 100B)
Class org.jetbrains.kotlin.protobuf.GeneratedMessageLite                              : loaded 2 times (x 98B)
Class org.jetbrains.kotlin.cli.common.messages.MessageCollector$Companion             : loaded 2 times (x 68B)
Class com.google.common.io.ByteSink$AsCharSink                                        : loaded 2 times (x 77B)
Class org.jetbrains.kotlin.gradle.tasks.configuration.AbstractKotlinCompileConfig$2$3 : loaded 2 times (x 72B)
Class org.jetbrains.kotlin.gradle.tasks.configuration.BaseKotlinCompileConfig         : loaded 2 times (x 69B)
Class org.jetbrains.kotlin.gradle.plugin.mpp.compilationImpl.factory.KotlinCompilationImplFactory$KotlinCompilationTaskNamesContainerFactory: loaded 2 times (x 67B)
Class org.apache.commons.compress.archivers.zip.GeneralPurposeBit                     : loaded 2 times (x 68B)
Class com.google.common.collect.ExplicitOrdering                                      : loaded 2 times (x 112B)
Class org.jetbrains.kotlin.gradle.internal.KotlinDependenciesManagementKt$CustomizeKotlinDependenciesSetupAction$1$coreLibrariesVersion$1: loaded 2 times (x 76B)
Class org.jetbrains.kotlin.gradle.plugin.diagnostics.checkers.CInteropInputChecker$runChecks$1: loaded 2 times (x 85B)
Class org.jetbrains.kotlin.gradle.ExperimentalKotlinGradlePluginApi                   : loaded 2 times (x 67B)
Class org.jetbrains.kotlin.gradle.internal.properties.NativePropertiesLoader          : loaded 2 times (x 83B)
Class com.google.common.io.FileWriteMode                                              : loaded 2 times (x 76B)
Class org.jetbrains.kotlin.statistics.metrics.NumberAnonymizationPolicy$SAFE          : loaded 2 times (x 82B)
Class org.jetbrains.kotlin.gradle.plugin.statistics.BuildFusService                   : loaded 2 times (x 81B)
Class com.google.common.util.concurrent.UncheckedExecutionException                   : loaded 2 times (x 79B)
Class com.google.common.collect.Lists$StringAsImmutableList                           : loaded 2 times (x 204B)
Class org.jetbrains.kotlin.descriptors.Visibilities$Unknown                           : loaded 2 times (x 76B)
Class org.jetbrains.kotlin.descriptors.Visibilities$Inherited                         : loaded 2 times (x 76B)
Class org.jetbrains.org.objectweb.asm.tree.MethodInsnNode                             : loaded 2 times (x 76B)
Class org.jetbrains.kotlin.protobuf.Parser                                            : loaded 2 times (x 67B)
Class org.jetbrains.org.objectweb.asm.tree.MethodNode                                 : loaded 2 times (x 106B)
Class org.jetbrains.kotlin.load.kotlin.KotlinJvmBinaryClass                           : loaded 2 times (x 67B)
Class [Lorg.jetbrains.kotlin.config.LanguageFeature$Kind;                             : loaded 2 times (x 66B)
Class org.jetbrains.kotlin.config.LanguageFeature$Kind                                : loaded 2 times (x 76B)
Class jdk.internal.jimage.ImageLocation                                               : loaded 2 times (x 87B)
Class jdk.internal.jrtfs.JrtDirectoryStream$1                                         : loaded 2 times (x 80B)
Class org.jetbrains.kotlin.gradle.tasks.configuration.AbstractKotlinCompileConfig$2$4 : loaded 2 times (x 72B)
Class org.jetbrains.kotlin.gradle.tasks.KotlinCompile$scriptSources$1                 : loaded 2 times (x 72B)
Class org.jetbrains.kotlin.build.report.metrics.BuildAttribute$Companion              : loaded 2 times (x 68B)
Class org.jetbrains.kotlin.gradle.plugin.diagnostics.checkers.CInteropInputChecker$runChecks$2: loaded 2 times (x 72B)
Class org.jetbrains.kotlin.gradle.tasks.configuration.KaptGenerateStubsConfig$Companion: loaded 2 times (x 68B)
Class org.jetbrains.kotlin.gradle.internal.KotlinTestDependencyManagementKt$maybeAddTestDependencyCapability$1: loaded 2 times (x 72B)
Class org.apache.commons.compress.archivers.zip.X7875_NewUnix                         : loaded 2 times (x 89B)
Class com.google.common.collect.ImmutableSortedSetFauxverideShim                      : loaded 2 times (x 144B)
Class org.jetbrains.kotlin.gradle.plugin.diagnostics.CheckKotlinGradlePluginConfigurationErrorsKt: loaded 2 times (x 68B)
Class org.jetbrains.kotlin.gradle.targets.js.npm.NpmDependencyExtensionKt$AddNpmDependencyExtensionProjectSetupAction$1$WhenMappings: loaded 2 times (x 68B)
Class org.jetbrains.kotlin.gradle.plugin.mpp.KotlinJvmAndroidCompilation              : loaded 2 times (x 195B)
Class org.jetbrains.kotlin.gradle.targets.CreateDefaultCompilationsSideEffectKt$CreateDefaultCompilationsSideEffect$1: loaded 2 times (x 71B)
Class org.jetbrains.kotlin.gradle.targets.native.internal.AddKotlinPlatformIntegersSupportLibraryKt$AddKotlinPlatformIntegersSupportLibrary$1: loaded 2 times (x 92B)
Class org.jetbrains.kotlin.gradle.plugin.mpp.ApplyUserDefinedAttributesKt             : loaded 2 times (x 68B)
Class org.jetbrains.kotlin.tooling.core.TypeUtils$WhenMappings                        : loaded 2 times (x 68B)
Class org.jetbrains.kotlin.gradle.utils.FutureImpl                                    : loaded 2 times (x 77B)
Class org.jetbrains.kotlin.gradle.internal.properties.NativePropertiesLoader$isToolchainEnabled$1: loaded 2 times (x 72B)
Class [Lorg.jetbrains.kotlin.statistics.metrics.NumericalMetrics;                     : loaded 2 times (x 66B)
Class com.google.common.base.CharMatcher$JavaLetterOrDigit                            : loaded 2 times (x 108B)
Class [Lorg.jetbrains.kotlin.metadata.ProtoBuf$VersionRequirement$Level;              : loaded 2 times (x 66B)
Class org.jetbrains.org.objectweb.asm.ClassTooLargeException                          : loaded 2 times (x 80B)
Class org.jetbrains.kotlin.protobuf.WireFormat$JavaType                               : loaded 2 times (x 76B)
Class org.jetbrains.kotlin.metadata.jvm.deserialization.JvmMemberSignature$Method     : loaded 2 times (x 72B)
Class org.jetbrains.kotlin.config.MavenComparableVersion                              : loaded 2 times (x 75B)
Class org.gradle.internal.InternalTransformer                                         : loaded 2 times (x 67B)
Class org.jetbrains.kotlin.gradle.tasks.CompileUsingKotlinDaemonWithNormalization     : loaded 2 times (x 67B)
Class org.jetbrains.kotlin.gradle.plugin.mpp.compilationImpl.factory.KotlinCompilationImplFactory$PostConfigure$Companion: loaded 2 times (x 68B)
Class org.apache.commons.compress.archivers.zip.JarMarker                             : loaded 2 times (x 77B)
Class com.google.common.collect.HashMultimapGwtSerializationDependencies              : loaded 2 times (x 171B)
Class com.google.common.collect.AbstractMapBasedMultimap$KeySet$1                     : loaded 2 times (x 79B)
Class org.jetbrains.kotlin.gradle.internal.KotlinDomApiDependencyManagementKt$configureKotlinDomApiDefaultDependency$1: loaded 2 times (x 76B)
Class org.jetbrains.kotlin.gradle.targets.js.npm.DefaultDevNpmDependencyExtension     : loaded 2 times (x 142B)
Class [Lorg.jetbrains.kotlin.gradle.plugin.HasKotlinDependencies;                     : loaded 2 times (x 66B)
Class org.jetbrains.kotlin.gradle.tasks.DefaultKotlinJavaToolchain$Companion$wireJvmTargetToToolchain$1: loaded 2 times (x 72B)
Class org.jetbrains.kotlin.gradle.plugin.diagnostics.checkers.JsLikeEnvironmentChecker: loaded 2 times (x 73B)
Class org.jetbrains.kotlin.gradle.plugin.KotlinPlatformType                           : loaded 2 times (x 79B)
Class org.jetbrains.kotlin.gradle.internal.properties.PropertiesBuildServiceKt        : loaded 2 times (x 68B)
Class org.jetbrains.kotlin.gradle.plugin.KotlinGradleBuildServices$Companion          : loaded 2 times (x 68B)
Class org.objectweb.asm.ClassWriter                                                   : loaded 2 times (x 103B)
Class com.google.common.cache.CacheLoader$UnsupportedLoadingOperationException        : loaded 2 times (x 79B)
Class com.google.common.base.CharMatcher$And                                          : loaded 2 times (x 109B)
Class org.jetbrains.kotlin.metadata.ProtoBuf$Property$Builder                         : loaded 2 times (x 170B)
Class org.jetbrains.kotlin.descriptors.Visibilities$PrivateToThis                     : loaded 2 times (x 76B)
Class org.jetbrains.kotlin.protobuf.SmallSortedMap$1                                  : loaded 2 times (x 127B)
Class org.jetbrains.org.objectweb.asm.tree.IntInsnNode                                : loaded 2 times (x 75B)
Class kotlin.collections.EmptyList                                                    : loaded 2 times (x 171B)
Class kotlin.collections.MapsKt__MapsJVMKt                                            : loaded 2 times (x 68B)
Class jdk.internal.jimage.ImageBufferCache$1                                          : loaded 2 times (x 80B)
Class org.gradle.internal.classloader.ClasspathUtil$1                                 : loaded 2 times (x 73B)
Class com.google.common.base.Objects                                                  : loaded 2 times (x 68B)
Class org.jetbrains.kotlin.gradle.plugin.diagnostics.TransformActionUsingKotlinToolingDiagnostics$Companion: loaded 2 times (x 68B)
Class org.jetbrains.kotlin.gradle.plugin.BuildFinishedListenerService$Companion$registerIfAbsent$1: loaded 2 times (x 71B)
Class org.apache.commons.compress.archivers.zip.ZipEncodingHelper                     : loaded 2 times (x 68B)
Class com.google.common.collect.AbstractMapBasedMultimap$Itr                          : loaded 2 times (x 80B)
Class org.jetbrains.kotlin.gradle.plugin.diagnostics.ToolingDiagnosticRenderingOptions$Companion: loaded 2 times (x 68B)
Class org.jetbrains.kotlin.gradle.dsl.KotlinJvmCompilerOptionsHelper                  : loaded 2 times (x 68B)
Class org.jetbrains.kotlin.gradle.tasks.DefaultKotlinJavaToolchain$Companion$wireJvmTargetToToolchain$2: loaded 2 times (x 72B)
Class org.jetbrains.kotlin.gradle.plugin.ProjectLocalConfigurations$ProjectLocalDisambiguation: loaded 2 times (x 73B)
Class org.jetbrains.kotlin.gradle.plugin.mpp.apple.swiftexport.internal.SwiftExportInitKt: loaded 2 times (x 68B)
Class org.jetbrains.kotlin.gradle.internal.properties.PropertiesBuildService$NullableStringGradleProperty: loaded 2 times (x 73B)
Class org.jetbrains.kotlin.gradle.plugin.KotlinGradleBuildServices$detectKotlinPluginLoadedInMultipleProjects$onRegister$1$1: loaded 2 times (x 72B)
Class org.jetbrains.kotlin.gradle.plugin.internal.ConfigurationCacheStartParameterAccessor$Factory: loaded 2 times (x 67B)
Class org.objectweb.asm.FieldVisitor                                                  : loaded 2 times (x 74B)
Class com.google.common.collect.IndexedImmutableSet                                   : loaded 2 times (x 147B)
Class com.google.common.collect.ImmutableMap$1                                        : loaded 2 times (x 78B)
Class com.google.common.collect.BiMap                                                 : loaded 2 times (x 67B)
Class org.jetbrains.kotlin.protobuf.BoundedByteString                                 : loaded 2 times (x 109B)
Class jdk.internal.jimage.ImageBufferCache$2                                          : loaded 2 times (x 88B)
Class org.gradle.api.internal.classpath.DefaultModuleRegistry$DefaultModule           : loaded 2 times (x 83B)
Class org.jetbrains.kotlin.gradle.plugin.diagnostics.CheckKotlinGradlePluginConfigurationErrors_Decorated: loaded 2 times (x 362B)
Class org.jetbrains.kotlin.gradle.plugin.mpp.compilationImpl.KotlinCompilationSourceSetInclusion$DefaultAddSourcesToCompileTask$addSources$1: loaded 2 times (x 76B)
Class com.google.common.collect.NullsFirstOrdering                                    : loaded 2 times (x 112B)
Class org.jetbrains.kotlin.gradle.plugin.diagnostics.checkers.WasmSourceSetsNotFoundChecker$wasmSourceSetRegex$2: loaded 2 times (x 75B)
Class org.jetbrains.kotlin.gradle.plugin.mpp.compilationImpl.KotlinCompilationSideEffect: loaded 2 times (x 67B)
Class org.jetbrains.kotlin.gradle.plugin.KotlinGradlePluginExtensionPoint             : loaded 2 times (x 67B)
Class org.jetbrains.kotlin.tooling.core.ExtrasUtilsKt                                 : loaded 2 times (x 68B)
Class org.jetbrains.kotlin.buildtools.api.ExperimentalBuildToolsApi                   : loaded 2 times (x 67B)
Class org.jetbrains.kotlin.gradle.utils.ResourceUtilsKt                               : loaded 2 times (x 68B)
Class org.jetbrains.kotlin.gradle.plugin.KotlinPluginWrapperKt$kotlinPluginVersionFromResources$1: loaded 2 times (x 75B)
Class com.google.common.primitives.Ints                                               : loaded 2 times (x 68B)
Class com.google.common.collect.AbstractIterator                                      : loaded 2 times (x 79B)
Class org.jetbrains.kotlin.descriptors.Visibilities$InvisibleFake                     : loaded 2 times (x 76B)
Class org.jetbrains.kotlin.metadata.ProtoBuf$Annotation$Argument$Value$1              : loaded 2 times (x 141B)
Class org.jetbrains.kotlin.protobuf.UninitializedMessageException                     : loaded 2 times (x 81B)
Class org.jetbrains.kotlin.metadata.jvm.deserialization.JvmNameResolverKt             : loaded 2 times (x 68B)
Class org.jetbrains.kotlin.metadata.ProtoBuf$TypeParameter$Variance                   : loaded 2 times (x 79B)
Class [Lcom.google.common.collect.MapMakerInternalMap$Segment;                        : loaded 2 times (x 66B)
Class org.jetbrains.kotlin.gradle.tasks.UsesKotlinJavaToolchain$DefaultImpls          : loaded 2 times (x 68B)
Class org.jetbrains.kotlin.build.report.metrics.BuildAttributeKind$Companion          : loaded 2 times (x 68B)
Class org.jetbrains.kotlin.gradle.tasks.configuration.KaptGenerateStubsConfig$Companion$configureLibraries$1: loaded 2 times (x 76B)
Class org.jetbrains.kotlin.gradle.plugin.mpp.compilationImpl.KotlinCompilationSourceSetInclusion$DefaultAddSourcesToCompileTask$addSources$2: loaded 2 times (x 76B)
Class org.jetbrains.kotlin.gradle.tasks.AbstractKotlinCompile                         : loaded 2 times (x 450B)
Class org.jetbrains.kotlin.gradle.plugin.KotlinCompilationOutput                      : loaded 2 times (x 67B)
Class org.jetbrains.kotlin.gradle.plugin.diagnostics.CheckKotlinGradlePluginConfigurationErrorsKt$addDependsOnFromTasksThatShouldFailWhenErrorsReported$1: loaded 2 times (x 72B)
Class org.jetbrains.kotlin.konan.target.KonanTarget$TVOS_X64                          : loaded 2 times (x 75B)
Class org.jetbrains.kotlin.gradle.plugin.diagnostics.KotlinToolingDiagnosticsSetupActionKt: loaded 2 times (x 68B)
Class org.jetbrains.kotlin.gradle.plugin.KotlinGradleBuildServices$Parameters$Inject  : loaded 2 times (x 103B)
Class org.jetbrains.kotlin.gradle.plugin.statistics.BuildFusService$Companion$registerIfAbsentImpl$2: loaded 2 times (x 72B)
Class org.jetbrains.kotlin.gradle.plugin.KotlinPluginWrapperKt$kotlinPluginVersionFromResources$1$1: loaded 2 times (x 68B)
Class com.google.common.math.MathPreconditions                                        : loaded 2 times (x 68B)
Class com.google.common.collect.Multiset                                              : loaded 2 times (x 67B)
Class com.google.common.collect.ArrayListMultimapGwtSerializationDependencies         : loaded 2 times (x 169B)
Class com.google.common.collect.ObjectArrays                                          : loaded 2 times (x 68B)
Class com.google.common.collect.AbstractIndexedListIterator                           : loaded 2 times (x 93B)
Class org.jetbrains.kotlin.metadata.ProtoBuf$VersionRequirement$VersionKind           : loaded 2 times (x 79B)
Class org.jetbrains.kotlin.descriptors.Named                                          : loaded 2 times (x 67B)
Class org.jetbrains.kotlin.serialization.deserialization.ProtoEnumFlagsUtilsKt        : loaded 2 times (x 68B)
Class org.jetbrains.kotlin.metadata.ProtoBuf$Visibility$1                             : loaded 2 times (x 71B)
Class org.jetbrains.kotlin.metadata.jvm.JvmProtoBuf$StringTableTypes$Record$Operation$1: loaded 2 times (x 71B)
Class kotlin.collections.IndexingIterable                                             : loaded 2 times (x 76B)
Class org.jetbrains.kotlin.metadata.deserialization.NameResolver                      : loaded 2 times (x 67B)
Class org.jetbrains.kotlin.protobuf.GeneratedMessageLite$ExtensionDescriptor          : loaded 2 times (x 81B)
Class org.jetbrains.org.objectweb.asm.tree.JumpInsnNode                               : loaded 2 times (x 75B)
Class org.jetbrains.kotlin.protobuf.InvalidProtocolBufferException                    : loaded 2 times (x 81B)
Class org.jetbrains.org.objectweb.asm.FieldVisitor                                    : loaded 2 times (x 73B)
Class kotlin.collections.ArraysKt__ArraysKt                                           : loaded 2 times (x 68B)
Class org.jetbrains.kotlin.tooling.core.Extras$Entry                                  : loaded 2 times (x 69B)
Class org.jetbrains.kotlin.gradle.plugin.sources.InternalKotlinSourceSetKt            : loaded 2 times (x 68B)
Class org.apache.commons.compress.archivers.EntryStreamOffsets                        : loaded 2 times (x 67B)
Class org.jetbrains.kotlin.gradle.internal.Kapt3GradleSubplugin$Kapt3SubpluginContext : loaded 2 times (x 69B)
Class org.jetbrains.kotlin.gradle.artifacts.KotlinTargetArtifact                      : loaded 2 times (x 67B)
Class org.jetbrains.kotlin.gradle.dsl.KotlinJvmCompilerOptionsDefault_Decorated       : loaded 2 times (x 165B)
Class org.jetbrains.kotlin.gradle.plugin.HasKotlinDependencies                        : loaded 2 times (x 67B)
Class org.jetbrains.kotlin.gradle.targets.native.toolchain.KotlinNativeBundleBuildService$Companion: loaded 2 times (x 68B)
Class org.jetbrains.kotlin.gradle.plugin.BuildEventsListenerRegistryHolder_Decorated  : loaded 2 times (x 116B)
Class org.jetbrains.kotlin.gradle.plugin.statistics.BuildFusService$Companion$registerIfAbsentImpl$2$1: loaded 2 times (x 72B)
Class org.jetbrains.kotlin.gradle.plugin.statistics.MetricContainer                   : loaded 2 times (x 69B)
Class org.jetbrains.kotlin.gradle.plugin.statistics.old.Pre232IdeaKotlinBuildStatsMXBean: loaded 2 times (x 67B)
Class org.jetbrains.kotlin.gradle.plugin.statistics.KotlinBuildStatsServicesRegistry  : loaded 2 times (x 75B)
Class org.jetbrains.kotlin.gradle.plugin.VariantImplementationFactoriesConfigurator   : loaded 2 times (x 73B)
Class com.google.common.collect.ImmutableMapEntrySet                                  : loaded 2 times (x 148B)
Class org.jetbrains.kotlin.protobuf.ByteString$ByteIterator                           : loaded 2 times (x 67B)
Class kotlin.collections.SetsKt__SetsJVMKt                                            : loaded 2 times (x 68B)
Class kotlin.Function                                                                 : loaded 2 times (x 67B)
Class org.gradle.api.internal.classpath.Module                                        : loaded 2 times (x 67B)
Class org.jetbrains.kotlin.gradle.tasks.KotlinCompile$ClasspathSnapshotProperties_Decorated: loaded 2 times (x 134B)
Class org.jetbrains.kotlin.gradle.internal.transforms.BuildToolsApiClasspathEntrySnapshotTransform$Parameters_Decorated: loaded 2 times (x 152B)
Class org.jetbrains.kotlin.gradle.plugin.mpp.compilationImpl.KotlinCompilationSourceSetInclusion$Companion$includedSourceSets$2: loaded 2 times (x 75B)
Class org.apache.commons.compress.archivers.zip.X0014_X509Certificates                : loaded 2 times (x 87B)
Class org.jetbrains.kotlin.gradle.plugin.diagnostics.KotlinToolingDiagnosticsSetupActionKt$KotlinToolingDiagnosticsSetupAction$1$1: loaded 2 times (x 72B)
Class org.jetbrains.kotlin.gradle.targets.js.npm.NpmDirectoryDependencyWithExternalsExtension: loaded 2 times (x 67B)
Class org.jetbrains.kotlin.gradle.plugin.KotlinProjectSetupAction                     : loaded 2 times (x 67B)
Class org.jetbrains.kotlin.gradle.plugin.KotlinGradleFinishBuildHandler$Companion     : loaded 2 times (x 68B)
Class com.google.common.cache.Weigher                                                 : loaded 2 times (x 67B)
Class kotlin.internal.ProgressionUtilKt                                               : loaded 2 times (x 68B)
Class org.jetbrains.kotlin.metadata.deserialization.Flags$FlagField                   : loaded 2 times (x 70B)
Class kotlin.io.FileAlreadyExistsException                                            : loaded 2 times (x 79B)
Class org.gradle.api.internal.classpath.UnknownModuleException                        : loaded 2 times (x 79B)
Class org.jetbrains.kotlin.gradle.plugin.KotlinPluginLifecycleImpl$executeCurrentStageAndScheduleNext$3: loaded 2 times (x 72B)
Class org.jetbrains.kotlin.gradle.plugin.mpp.compilationImpl.KotlinCompilationRegisterInSourceSetsConfigurator$configure$1: loaded 2 times (x 76B)
Class org.apache.commons.compress.archivers.ArchiveEntry                              : loaded 2 times (x 67B)
Class org.jetbrains.kotlin.gradle.plugin.diagnostics.KotlinToolingDiagnosticsSetupActionKt$KotlinToolingDiagnosticsSetupAction$1$2: loaded 2 times (x 92B)
Class org.jetbrains.kotlin.gradle.targets.js.npm.NpmDependencyWithExternalsExtension  : loaded 2 times (x 67B)
Class org.jetbrains.kotlin.gradle.plugin.mpp.KotlinUsageContext                       : loaded 2 times (x 67B)
Class org.jetbrains.kotlin.gradle.plugin.KotlinTargetsContainer                       : loaded 2 times (x 67B)
Class org.jetbrains.kotlin.compilerRunner.GradleCliCommonizerKt                       : loaded 2 times (x 68B)
Class org.jetbrains.kotlin.gradle.utils.ConfigurationsKt                              : loaded 2 times (x 68B)
Class org.jetbrains.kotlin.gradle.plugin.StatisticsBuildFlowManager                   : loaded 2 times (x 69B)
Class org.jetbrains.kotlin.gradle.plugin.statistics.BuildFusService$Parameters        : loaded 2 times (x 67B)
Class org.jetbrains.kotlin.gradle.plugin.PluginWrappersKt                             : loaded 2 times (x 68B)
Class com.google.common.base.Stopwatch                                                : loaded 2 times (x 69B)
Class com.google.common.cache.LocalCache$Strength                                     : loaded 2 times (x 78B)
Class com.google.common.cache.Cache                                                   : loaded 2 times (x 67B)
Class com.google.gson.stream.JsonReader$1                                             : loaded 2 times (x 69B)
Class org.jetbrains.kotlin.metadata.ProtoBuf$TypeAliasOrBuilder                       : loaded 2 times (x 67B)
Class [Lorg.jetbrains.kotlin.metadata.ProtoBuf$Class$Kind;                            : loaded 2 times (x 66B)
Class org.jetbrains.kotlin.config.ApiVersion                                          : loaded 2 times (x 83B)
Class jdk.internal.jimage.ImageHeader                                                 : loaded 2 times (x 68B)
Class com.google.common.io.Files$2                                                    : loaded 2 times (x 73B)
Class org.gradle.internal.classloader.FilteringClassLoader                            : loaded 2 times (x 102B)
Class org.jetbrains.kotlin.gradle.plugin.mpp.InternalKotlinTargetKt                   : loaded 2 times (x 68B)
Class org.apache.commons.compress.archivers.zip.UnicodePathExtraField                 : loaded 2 times (x 90B)
Class com.google.common.io.AppendableWriter                                           : loaded 2 times (x 97B)
Class com.google.common.collect.AbstractMultimap$Entries                              : loaded 2 times (x 117B)
Class org.jetbrains.kotlin.gradle.plugin.diagnostics.KotlinToolingDiagnosticsSetupActionKt$KotlinToolingDiagnosticsSetupAction$1$3: loaded 2 times (x 72B)
Class org.jetbrains.kotlin.gradle.targets.js.dsl.KotlinTargetWithNodeJsDsl            : loaded 2 times (x 67B)
Class org.jetbrains.kotlin.gradle.plugin.sources.DefaultKotlinSourceSetKt$defaultSourceSetLanguageSettingsChecker$1: loaded 2 times (x 75B)
Class org.jetbrains.kotlin.gradle.plugin.sources.InternalKotlinSourceSet              : loaded 2 times (x 67B)
Class org.jetbrains.kotlin.gradle.plugin.KotlinJvmPlugin                              : loaded 2 times (x 77B)
Class org.jetbrains.kotlin.gradle.plugin.mpp.SyncLanguageSettingsWithKotlinExtensionSetupActionKt$SyncLanguageSettingsWithKotlinExtensionSetupAction$1: loaded 2 times (x 92B)
Class org.jetbrains.kotlin.gradle.dsl.KotlinGradlePluginPublicDsl                     : loaded 2 times (x 67B)
Class org.jetbrains.kotlin.gradle.internal.properties.NativeProperties                : loaded 2 times (x 67B)
Class org.jetbrains.kotlin.statistics.BuildSessionLogger                              : loaded 2 times (x 74B)
Class org.jetbrains.kotlin.gradle.plugin.internal.ConfigurationCacheStartParameterAccessor: loaded 2 times (x 67B)
Class com.google.common.util.concurrent.AbstractFuture$Cancellation                   : loaded 2 times (x 69B)
Class com.google.common.collect.ImmutableMap$Builder                                  : loaded 2 times (x 79B)
Class com.google.common.base.NullnessCasts                                            : loaded 2 times (x 68B)
Class kotlin.collections.IndexingIterator                                             : loaded 2 times (x 76B)
Class org.jetbrains.kotlin.protobuf.LiteralByteString                                 : loaded 2 times (x 109B)
Class org.jetbrains.kotlin.protobuf.LazyFieldLite                                     : loaded 2 times (x 79B)
Class com.google.common.base.Present                                                  : loaded 2 times (x 78B)
Class com.google.common.collect.AbstractMapBasedMultimap$WrappedCollection$WrappedIterator: loaded 2 times (x 81B)
Class [Lorg.jetbrains.kotlin.gradle.plugin.statistics.plugins.ObservablePlugins;      : loaded 2 times (x 66B)
Class org.jetbrains.kotlin.gradle.plugin.internal.BuildIdService$Companion$registerIfAbsent$1$1: loaded 2 times (x 72B)
Class org.jetbrains.kotlin.gradle.plugin.mpp.compilationImpl.factory.KotlinCompilationDependencyConfigurationsFactoriesKt$WhenMappings: loaded 2 times (x 68B)
Class org.apache.commons.compress.archivers.zip.ZipLong                               : loaded 2 times (x 68B)
Class org.jetbrains.kotlin.konan.target.KonanTarget$IOS_ARM64                         : loaded 2 times (x 75B)
Class org.jetbrains.kotlin.gradle.targets.js.dsl.KotlinWasmTargetDsl                  : loaded 2 times (x 67B)
Class org.jetbrains.kotlin.gradle.plugin.diagnostics.checkers.DisabledCinteropCommonizationInHmppProjectChecker$runChecks$1: loaded 2 times (x 85B)
Class org.jetbrains.kotlin.gradle.plugin.sources.ConsistencyCheck                     : loaded 2 times (x 69B)
Class org.jetbrains.kotlin.gradle.plugin.sources.DefaultKotlinSourceSetKt$defaultSourceSetLanguageSettingsChecker$2: loaded 2 times (x 75B)
Class org.jetbrains.kotlin.gradle.dsl.KotlinCommonToolOptions                         : loaded 2 times (x 67B)
Class org.jetbrains.kotlin.gradle.plugin.AbstractKotlinPlugin                         : loaded 2 times (x 76B)
Class org.jetbrains.kotlin.gradle.tasks.DefaultKotlinJavaToolchain$Companion$wireJvmTargetToJvm$1: loaded 2 times (x 72B)
Class org.jetbrains.kotlin.gradle.plugin.diagnostics.checkers.ComposePluginSuggestApplyChecker: loaded 2 times (x 71B)
Class org.jetbrains.kotlin.gradle.dsl.KotlinMultiplatformExtension                    : loaded 2 times (x 698B)
Class com.google.common.cache.RemovalListener                                         : loaded 2 times (x 67B)
Class [Lkotlin.reflect.KAnnotatedElement;                                             : loaded 2 times (x 66B)
Class org.jetbrains.org.objectweb.asm.FieldWriter                                     : loaded 2 times (x 74B)
Class org.jetbrains.org.objectweb.asm.tree.VarInsnNode                                : loaded 2 times (x 75B)
Class org.jetbrains.org.objectweb.asm.MethodVisitor                                   : loaded 2 times (x 101B)
Class kotlin.io.ByteStreamsKt                                                         : loaded 2 times (x 68B)
Class org.gradle.api.internal.DefaultClassPathRegistry                                : loaded 2 times (x 73B)
Class com.google.common.collect.ImmutableMultimap$Keys                                : loaded 2 times (x 163B)
Class org.jetbrains.kotlin.gradle.targets.js.npm.DefaultPeerNpmDependencyExtension$delegate$1: loaded 2 times (x 164B)
Class org.jetbrains.kotlin.gradle.targets.js.npm.NpmDependency                        : loaded 2 times (x 94B)
Class org.jetbrains.kotlin.gradle.targets.js.npm.DefaultNpmDependencyExtension        : loaded 2 times (x 149B)
Class org.jetbrains.kotlin.gradle.targets.js.npm.NpmDependency$Scope                  : loaded 2 times (x 76B)
Class org.jetbrains.kotlin.gradle.plugin.sources.FragmentConsistencyChecks$unstableFeaturesCheck$1: loaded 2 times (x 76B)
Class org.jetbrains.kotlin.gradle.plugin.sources.DefaultKotlinSourceSet               : loaded 2 times (x 138B)
Class org.jetbrains.kotlin.gradle.plugin.diagnostics.checkers.AndroidSourceSetLayoutV1SourceSetsNotFoundChecker: loaded 2 times (x 71B)
Class org.jetbrains.kotlin.gradle.utils.ConfigurationsKt$sam$org_gradle_api_Action$0  : loaded 2 times (x 72B)
Class org.jetbrains.kotlin.gradle.plugin.VariantImplementationFactories$Parameters    : loaded 2 times (x 67B)
Class com.google.common.primitives.IntsMethodsForWeb                                  : loaded 2 times (x 68B)
Class com.google.common.collect.Multimap                                              : loaded 2 times (x 67B)
Class org.jetbrains.kotlin.metadata.ProtoBuf$Type$Argument$Projection$1               : loaded 2 times (x 71B)
Class org.jetbrains.kotlin.protobuf.SmallSortedMap$EmptySet$1                         : loaded 2 times (x 75B)
Class org.jetbrains.kotlin.protobuf.AbstractMessageLite$Builder$LimitedInputStream    : loaded 2 times (x 89B)
Class org.jetbrains.kotlin.load.java.JvmAbi                                           : loaded 2 times (x 68B)
Class org.jetbrains.kotlin.cli.common.messages.MessageCollector                       : loaded 2 times (x 67B)
Class [Lorg.jetbrains.kotlin.config.JvmDefaultMode;                                   : loaded 2 times (x 66B)
Class org.gradle.api.internal.ClassPathRegistry                                       : loaded 2 times (x 67B)
Class org.gradle.internal.classpath.DefaultClassPath$ImmutableUniqueList              : loaded 2 times (x 196B)
Class com.google.common.collect.MapMakerInternalMap$Segment                           : loaded 2 times (x 139B)
Class com.google.common.base.ExtraObjectsMethodsForWeb                                : loaded 2 times (x 68B)
Class org.jetbrains.kotlin.gradle.plugin.statistics.KotlinBuildStatisticsUtilsKt$collectGeneralConfigurationTimeMetrics$statisticOverhead$1$2: loaded 2 times (x 72B)
Class org.jetbrains.kotlin.gradle.plugin.KotlinCompilation$DefaultImpls               : loaded 2 times (x 68B)
Class org.apache.commons.compress.archivers.zip.ZipShort                              : loaded 2 times (x 68B)
Class org.jetbrains.kotlin.gradle.utils.ProviderApiUtilsKt$providerWithLazyConvention$1: loaded 2 times (x 71B)
Class org.jetbrains.kotlin.konan.target.KonanTarget$Companion$predefinedTargets$2     : loaded 2 times (x 75B)
Class org.jetbrains.kotlin.gradle.plugin.sources.FragmentConsistencyChecks$unstableFeaturesCheck$2: loaded 2 times (x 75B)
Class org.jetbrains.kotlin.gradle.plugin.KotlinPluginLifecycleImpl                    : loaded 2 times (x 77B)
Class org.jetbrains.kotlin.gradle.plugin.diagnostics.KotlinToolingDiagnostics$WasmWasiEnvironmentNotChosenExplicitly: loaded 2 times (x 70B)
Class org.jetbrains.kotlin.gradle.artifacts.KotlinNativeKlibArtifactKt$KotlinNativeKlibArtifact$1: loaded 2 times (x 71B)
Class org.jetbrains.kotlin.gradle.dsl.KotlinCommonCompilerOptionsDefault              : loaded 2 times (x 93B)
Class org.jetbrains.kotlin.gradle.dsl.KotlinCommonCompilerToolOptionsDefault          : loaded 2 times (x 81B)
Class org.jetbrains.kotlin.gradle.internal.properties.NativePropertiesLoader$isUseXcodeMessageStyleEnabled$1: loaded 2 times (x 72B)
Class org.jetbrains.kotlin.gradle.plugin.StatisticsBuildFlowManager_Decorated         : loaded 2 times (x 116B)
Class org.jetbrains.kotlin.gradle.report.BuildReportMode$Companion                    : loaded 2 times (x 68B)
Class org.jetbrains.kotlin.gradle.plugin.VariantImplementationFactories$VariantImplementationFactory: loaded 2 times (x 67B)
Class org.jetbrains.kotlin.descriptors.Visibilities$Protected                         : loaded 2 times (x 76B)
Class org.jetbrains.kotlin.metadata.ProtoBuf$PackageOrBuilder                         : loaded 2 times (x 67B)
Class org.jetbrains.kotlin.metadata.jvm.JvmProtoBuf$JvmPropertySignature              : loaded 2 times (x 111B)
Class org.jetbrains.kotlin.metadata.ProtoBuf$ValueParameterOrBuilder                  : loaded 2 times (x 67B)
Class org.jetbrains.org.objectweb.asm.ByteVector                                      : loaded 2 times (x 75B)
Class org.jetbrains.kotlin.protobuf.SmallSortedMap$EmptySet$2                         : loaded 2 times (x 75B)
Class kotlin.text.StringsKt__StringsJVMKt                                             : loaded 2 times (x 68B)
Class jdk.internal.jimage.decompressor.ResourceDecompressor                           : loaded 2 times (x 67B)
Class kotlin.text.StringsKt__StringsKt                                                : loaded 2 times (x 68B)
Class com.google.common.io.ByteSink                                                   : loaded 2 times (x 73B)
Class org.jetbrains.kotlin.gradle.plugin.mpp.ApplyUserDefinedAttributesKt$UserDefinedAttributesSetupAction$1$1: loaded 2 times (x 76B)
Class org.jetbrains.kotlin.compilerRunner.CompilerSystemPropertiesService             : loaded 2 times (x 77B)
Class org.jetbrains.kotlin.gradle.plugin.mpp.compilationImpl.KotlinCompilationImpl$1  : loaded 2 times (x 76B)
Class org.jetbrains.kotlin.gradle.targets.js.npm.SemVer$Companion                     : loaded 2 times (x 68B)
Class org.jetbrains.kotlin.konan.target.KonanTarget$LINUX_ARM64                       : loaded 2 times (x 75B)
Class org.jetbrains.kotlin.konan.target.KonanTarget$LINUX_X64                         : loaded 2 times (x 75B)
Class [Lorg.jetbrains.kotlin.konan.target.Architecture;                               : loaded 2 times (x 66B)
Class org.jetbrains.kotlin.gradle.targets.native.SetupEmbedAndSignAppleFrameworkTaskSideEffectKt$special$$inlined$KotlinTargetSideEffect$1: loaded 2 times (x 71B)
Class org.jetbrains.kotlin.gradle.plugin.mpp.KotlinUsages$KotlinCinteropCompatibility : loaded 2 times (x 74B)
Class org.jetbrains.kotlin.gradle.dsl.ExplicitApiMode                                 : loaded 2 times (x 76B)
Class org.jetbrains.kotlin.gradle.utils.GradleAttributesContainerUtilsKt              : loaded 2 times (x 68B)
Class org.jetbrains.kotlin.gradle.plugin.VariantImplementationFactories$Companion     : loaded 2 times (x 68B)
Class org.jetbrains.kotlin.gradle.plugin.internal.CustomPropertiesFileValueSource$Parameters_Decorated: loaded 2 times (x 131B)
Class org.jetbrains.kotlin.gradle.dsl.KotlinTopLevelExtensionConfig                   : loaded 2 times (x 67B)
Class com.google.common.cache.CacheBuilder                                            : loaded 2 times (x 69B)
Class com.google.common.collect.SingletonImmutableList                                : loaded 2 times (x 204B)
Class org.jetbrains.kotlin.descriptors.DeclarationDescriptor                          : loaded 2 times (x 67B)
Class org.jetbrains.kotlin.descriptors.DescriptorVisibilities                         : loaded 2 times (x 68B)
Class [Lorg.jetbrains.org.objectweb.asm.AnnotationWriter;                             : loaded 2 times (x 66B)
Class org.jetbrains.org.objectweb.asm.tree.LookupSwitchInsnNode                       : loaded 2 times (x 75B)
Class org.jetbrains.kotlin.load.kotlin.KotlinJvmBinaryClass$AnnotationArrayArgumentVisitor: loaded 2 times (x 67B)
Class kotlin.collections.SetsKt                                                       : loaded 2 times (x 68B)
Class kotlin.text.StringsKt__IndentKt                                                 : loaded 2 times (x 68B)
Class org.jetbrains.kotlin.cli.common.messages.CompilerMessageSourceLocation          : loaded 2 times (x 67B)
Class org.jetbrains.kotlin.config.JvmDefaultMode$Companion                            : loaded 2 times (x 68B)
Class Settings_gradle$1                                                               : loaded 2 times (x 71B)
Class org.gradle.internal.classpath.ClassPath                                         : loaded 2 times (x 67B)
Class org.gradle.api.UncheckedIOException                                             : loaded 2 times (x 79B)
Class com.google.common.collect.Interners$InternerBuilder                             : loaded 2 times (x 73B)
Class com.google.common.io.Files$FileByteSource                                       : loaded 2 times (x 82B)
Class org.jetbrains.kotlin.gradle.incremental.IncrementalModuleInfoProvider           : loaded 2 times (x 67B)
Class org.jetbrains.kotlin.gradle.plugin.mpp.compilationImpl.KotlinCompilationImpl$2  : loaded 2 times (x 76B)
Class org.apache.commons.compress.archivers.zip.UnsupportedZipFeatureException        : loaded 2 times (x 81B)
Class [Lorg.apache.http.HeaderElement;                                                : loaded 2 times (x 66B)
Class org.jetbrains.kotlin.gradle.dsl.PlatformSourceSetConventionsChecker$runChecks$1 : loaded 2 times (x 85B)
Class org.jetbrains.kotlin.gradle.plugin.mpp.compilationImpl.KotlinCompilationProcessorSideEffectKt$KotlinCompilationProcessorSideEffect$1: loaded 2 times (x 71B)
Class org.jetbrains.kotlin.gradle.dsl.KotlinJvmCompilerOptionsDefault                 : loaded 2 times (x 103B)
Class org.jetbrains.kotlin.gradle.internal.UsesClassLoadersCachingBuildService        : loaded 2 times (x 67B)
Class com.google.common.collect.ImmutableList$ReverseImmutableList                    : loaded 2 times (x 205B)
Class com.google.common.base.JdkPattern                                               : loaded 2 times (x 72B)
Class kotlin.reflect.KFunction                                                        : loaded 2 times (x 67B)
Class org.jetbrains.kotlin.metadata.deserialization.TypeTable                         : loaded 2 times (x 69B)
Class org.jetbrains.kotlin.load.kotlin.FileBasedKotlinClass$1                         : loaded 2 times (x 84B)
Class kotlin.sequences.SequencesKt__SequencesKt$asSequence$$inlined$Sequence$1        : loaded 2 times (x 72B)
Class org.jetbrains.kotlin.compilerRunner.KotlinCompilerArgumentsLogLevel$Companion   : loaded 2 times (x 68B)
Class org.jetbrains.kotlin.gradle.plugin.DefaultKotlinBasePlugin$addKotlinCompilerConfiguration$3$1: loaded 2 times (x 76B)
Class org.jetbrains.kotlin.gradle.tasks.AbstractKotlinCompile$defaultKotlinJavaToolchain$1: loaded 2 times (x 75B)
Class org.jetbrains.kotlin.daemon.common.MultiModuleICSettings                        : loaded 2 times (x 69B)
Class org.jetbrains.kotlin.cli.common.arguments.Freezable                             : loaded 2 times (x 69B)
Class org.jetbrains.kotlin.gradle.internal.transforms.BuildToolsApiClasspathEntrySnapshotTransform$Parameters: loaded 2 times (x 84B)
Class org.jetbrains.kotlin.gradle.plugin.KotlinCompilationInfoKt                      : loaded 2 times (x 68B)
Class org.jetbrains.kotlin.gradle.tasks.KotlinCompile                                 : loaded 2 times (x 495B)
Class com.google.common.io.CharStreams$NullWriter                                     : loaded 2 times (x 96B)
Class org.jetbrains.kotlin.gradle.internal.StdlibDependencyManagementKt               : loaded 2 times (x 68B)
Class org.jetbrains.kotlin.konan.target.KonanTarget$MINGW_X64                         : loaded 2 times (x 75B)
Class org.jetbrains.kotlin.gradle.dsl.PlatformSourceSetConventionsChecker$runChecks$2 : loaded 2 times (x 75B)
Class org.jetbrains.kotlin.gradle.utils.ObservableSet                                 : loaded 2 times (x 67B)
Class org.jetbrains.kotlin.gradle.plugin.diagnostics.KotlinToolingDiagnosticsCollectorKt: loaded 2 times (x 68B)
Class org.jetbrains.kotlin.gradle.plugin.mpp.HierarchyAttributeContainer              : loaded 2 times (x 80B)
Class org.jetbrains.kotlin.gradle.tasks.UsesKotlinJavaToolchain                       : loaded 2 times (x 67B)
Class org.jetbrains.kotlin.gradle.plugin.DefaultKotlinBasePlugin$apply$1              : loaded 2 times (x 72B)
Class org.jetbrains.kotlin.statistics.metrics.StringOverridePolicy$OVERRIDE           : loaded 2 times (x 82B)
Class org.jetbrains.kotlin.gradle.internal.properties.PropertiesBuildService$Params_Decorated: loaded 2 times (x 131B)
Class org.objectweb.asm.SymbolTable$Entry                                             : loaded 2 times (x 71B)
Class com.google.common.util.concurrent.AbstractFuture$AtomicHelper                   : loaded 2 times (x 75B)
Class com.google.gson.internal.JsonReaderInternalAccess                               : loaded 2 times (x 69B)
Class org.jetbrains.kotlin.metadata.ProtoBuf$Type$ArgumentOrBuilder                   : loaded 2 times (x 67B)
Class kotlin.jvm.internal.Lambda                                                      : loaded 2 times (x 72B)
Class org.jetbrains.kotlin.protobuf.GeneratedMessageLite$GeneratedExtension           : loaded 2 times (x 76B)
Class org.jetbrains.kotlin.load.kotlin.FileBasedKotlinClass$2                         : loaded 2 times (x 84B)
Class kotlin.collections.MapsKt__MapsKt                                               : loaded 2 times (x 68B)
Class Native_plugin_loader_gradle                                                     : loaded 2 times (x 127B)
Class org.jetbrains.kotlin.gradle.incremental.UsesIncrementalModuleInfoBuildService   : loaded 2 times (x 67B)
Class org.jetbrains.kotlin.konan.target.KonanTarget$ANDROID_X86                       : loaded 2 times (x 75B)
Class org.jetbrains.kotlin.gradle.dsl.PlatformSourceSetConventionsChecker$runChecks$3 : loaded 2 times (x 75B)
Class org.jetbrains.kotlin.gradle.plugin.RegisterKotlinPluginExtensionsKt             : loaded 2 times (x 68B)
Class org.jetbrains.kotlin.gradle.plugin.mpp.resources.resolve.KotlinTargetResourcesResolutionStrategy: loaded 2 times (x 76B)
Class org.jetbrains.kotlin.gradle.utils.CompilerOptionsKt$configureExperimentalTryNext$1$1: loaded 2 times (x 75B)
Class org.jetbrains.kotlin.gradle.utils.CompilerOptionsKt                             : loaded 2 times (x 68B)
Class org.jetbrains.kotlin.gradle.utils.SingleAction                                  : loaded 2 times (x 70B)
Class org.jetbrains.kotlin.gradle.plugin.PropertiesProvider$Companion                 : loaded 2 times (x 68B)
Class org.objectweb.asm.Edge                                                          : loaded 2 times (x 69B)
Class com.google.common.base.Suppliers$SupplierOfInstance                             : loaded 2 times (x 76B)
Class com.google.common.collect.Iterators$1                                           : loaded 2 times (x 78B)
Class org.jetbrains.kotlin.metadata.ProtoBuf$Class                                    : loaded 2 times (x 177B)
Class org.jetbrains.kotlin.metadata.ProtoBuf$Property$1                               : loaded 2 times (x 141B)
Class org.jetbrains.kotlin.metadata.ProtoBuf$Type                                     : loaded 2 times (x 142B)
Class org.jetbrains.org.objectweb.asm.ClassWriter                                     : loaded 2 times (x 101B)
Class org.jetbrains.kotlin.load.kotlin.FileBasedKotlinClass$3                         : loaded 2 times (x 74B)
Class jdk.internal.jimage.ImageStringsReader                                          : loaded 2 times (x 77B)
Class org.jetbrains.kotlin.gradle.tasks.KotlinCompile$defaultKotlinJavaToolchain$1    : loaded 2 times (x 76B)
Class org.jetbrains.kotlin.gradle.tasks.KotlinJavaToolchain$JavaToolchainSetter       : loaded 2 times (x 67B)
Class org.apache.commons.compress.utils.ByteUtils                                     : loaded 2 times (x 68B)
Class org.jetbrains.kotlin.gradle.dsl.PlatformSourceSetConventionsChecker$runChecks$4 : loaded 2 times (x 75B)
Class org.jetbrains.kotlin.gradle.plugin.diagnostics.checkers.JsLikeEnvironmentChecker$runChecks$1: loaded 2 times (x 85B)
Class org.jetbrains.kotlin.gradle.plugin.diagnostics.UsesKotlinToolingDiagnostics     : loaded 2 times (x 67B)
Class org.jetbrains.kotlin.gradle.plugin.diagnostics.KotlinToolingDiagnostics$WasmJsEnvironmentNotChosenExplicitly: loaded 2 times (x 70B)
Class org.jetbrains.kotlin.tooling.core.ExtrasPropertyKt$extrasLazyProperty$1         : loaded 2 times (x 91B)
Class org.jetbrains.kotlin.statistics.metrics.BooleanAnonymizationPolicy$SAFE         : loaded 2 times (x 82B)
Class com.google.common.cache.LocalCache$ComputingValueReference                      : loaded 2 times (x 93B)
Class com.google.common.collect.SingletonImmutableSet                                 : loaded 2 times (x 143B)
Class com.google.common.collect.ImmutableMap$IteratorBasedImmutableMap                : loaded 2 times (x 122B)
Class org.jetbrains.kotlin.load.kotlin.FileBasedKotlinClass$4                         : loaded 2 times (x 84B)
Class kotlin.UninitializedPropertyAccessException                                     : loaded 2 times (x 79B)
Class org.jetbrains.kotlin.gradle.internal.KotlinDependenciesManagementKt$configureDefaultVersionsResolutionStrategy$1$1$1: loaded 2 times (x 72B)
Class org.jetbrains.kotlin.gradle.plugin.mpp.compilationImpl.DefaultKotlinCompilationSourceSetsContainer$allKotlinSourceSetsImpl$1$1: loaded 2 times (x 77B)
Class org.jetbrains.kotlin.gradle.plugin.mpp.compilationImpl.DefaultKotlinCompilationSourceSetsContainer: loaded 2 times (x 75B)
Class org.jetbrains.kotlin.konan.target.KonanTarget$TVOS_SIMULATOR_ARM64              : loaded 2 times (x 75B)
Class org.jetbrains.kotlin.konan.target.KonanTarget$Companion                         : loaded 2 times (x 68B)
Class org.jetbrains.kotlin.gradle.plugin.KotlinPluginLifecycle$Stage$Companion        : loaded 2 times (x 68B)
Class org.jetbrains.kotlin.gradle.plugin.diagnostics.checkers.DeprecatedKotlinNativeTargetsChecker: loaded 2 times (x 71B)
Class org.jetbrains.kotlin.gradle.targets.native.ConfigureFrameworkExportSideEffectKt$special$$inlined$KotlinTargetSideEffect$1: loaded 2 times (x 71B)
Class org.jetbrains.kotlin.tooling.core.AbstractExtras                                : loaded 2 times (x 138B)
Class com.google.common.cache.LocalCache$Segment                                      : loaded 2 times (x 151B)
Class org.jetbrains.org.objectweb.asm.tree.LocalVariableNode                          : loaded 2 times (x 70B)
Class org.jetbrains.kotlin.metadata.ProtoBuf$Annotation$Argument                      : loaded 2 times (x 105B)
Class org.jetbrains.kotlin.metadata.ProtoBuf$Class$Kind                               : loaded 2 times (x 79B)
Class org.jetbrains.kotlin.protobuf.GeneratedMessageLite$Builder                      : loaded 2 times (x 125B)
Class org.jetbrains.kotlin.protobuf.WireFormat$FieldType$1                            : loaded 2 times (x 80B)
Class org.jetbrains.kotlin.metadata.jvm.JvmProtoBuf$JvmMethodSignatureOrBuilder       : loaded 2 times (x 67B)
Class org.jetbrains.kotlin.protobuf.ByteString                                        : loaded 2 times (x 105B)
Class [Lorg.jetbrains.kotlin.cli.common.messages.CompilerMessageSeverity;             : loaded 2 times (x 66B)
Class jdk.internal.jimage.ImageReader                                                 : loaded 2 times (x 72B)
Class Native_plugin_loader_gradle$NativePluginLoader$Companion                        : loaded 2 times (x 68B)
Class org.jetbrains.kotlin.build.report.metrics.BuildTimes                            : loaded 2 times (x 69B)
Class org.jetbrains.kotlin.gradle.tasks.KotlinCompile$ClasspathSnapshotProperties     : loaded 2 times (x 72B)
Class org.jetbrains.kotlin.gradle.internal.StdlibDependencyManagementKt$addStdlibDependency$1$1: loaded 2 times (x 76B)
Class org.jetbrains.kotlin.gradle.tasks.configuration.BaseKotlinCompileConfig$2$1     : loaded 2 times (x 72B)
Class org.jetbrains.kotlin.gradle.plugin.diagnostics.TransformActionUsingKotlinToolingDiagnostics: loaded 2 times (x 67B)
Class com.google.common.collect.SortedIterable                                        : loaded 2 times (x 67B)
Class org.jetbrains.kotlin.gradle.dsl.PlatformSourceSetConventionsChecker$runChecks$6 : loaded 2 times (x 85B)
Class org.jetbrains.kotlin.gradle.plugin.sources.DefaultKotlinSourceSet_Decorated     : loaded 2 times (x 189B)
Class org.jetbrains.kotlin.gradle.plugin.mpp.KotlinCompilationsKt                     : loaded 2 times (x 68B)
Class org.jetbrains.kotlin.gradle.utils.GradleUtilsKt$registerClassLoaderScopedBuildService$1: loaded 2 times (x 71B)
Class org.jetbrains.kotlin.statistics.metrics.StringOverridePolicy                    : loaded 2 times (x 82B)
Class org.jetbrains.kotlin.gradle.plugin.statistics.DefaultKotlinBuildStatsBeanService: loaded 2 times (x 89B)
Class [Lorg.objectweb.asm.SymbolTable$Entry;                                          : loaded 2 times (x 66B)
Class com.google.common.cache.CacheLoader                                             : loaded 2 times (x 71B)
Class com.google.common.collect.Iterators$4                                           : loaded 2 times (x 79B)
Class com.google.common.collect.ImmutableBiMap                                        : loaded 2 times (x 140B)
Class com.google.common.collect.AbstractListMultimap                                  : loaded 2 times (x 169B)
Class org.jetbrains.kotlin.metadata.ProtoBuf$TypeParameter                            : loaded 2 times (x 127B)
Class org.jetbrains.kotlin.metadata.ProtoBuf$ValueParameter$1                         : loaded 2 times (x 141B)
Class [Lorg.jetbrains.kotlin.protobuf.WireFormat$FieldType;                           : loaded 2 times (x 66B)
Class org.jetbrains.kotlin.protobuf.WireFormat$FieldType$2                            : loaded 2 times (x 80B)
Class [Lorg.jetbrains.kotlin.config.LanguageFeature$State;                            : loaded 2 times (x 66B)
Class org.jetbrains.kotlin.utils.DescriptionAware                                     : loaded 2 times (x 67B)
Class jdk.internal.jimage.ImageReader$SharedImageReader                               : loaded 2 times (x 92B)
Class org.gradle.internal.installation.GradleInstallation$1                           : loaded 2 times (x 72B)
Class org.gradle.api.internal.classpath.ModuleRegistry                                : loaded 2 times (x 67B)
Class org.jetbrains.kotlin.gradle.plugin.KotlinPluginLifecycle$ProjectConfigurationResult: loaded 2 times (x 68B)
Class org.jetbrains.kotlin.gradle.internal.KotlinDependenciesManagementKt$configureDefaultVersionsResolutionStrategy$1: loaded 2 times (x 72B)
Class org.jetbrains.kotlin.gradle.internal.StdlibDependencyManagementKt$configureStdlibDefaultDependency$1: loaded 2 times (x 76B)
Class org.jetbrains.kotlin.gradle.model.builder.KotlinModelBuilder$Companion          : loaded 2 times (x 68B)
Class org.jetbrains.kotlin.gradle.plugin.mpp.compilationImpl.KotlinCreateResourcesTaskSideEffectKt: loaded 2 times (x 68B)
Class org.jetbrains.kotlin.gradle.targets.native.internal.SetupKotlinNativePlatformDependenciesAndStdlibKt: loaded 2 times (x 68B)
Class [Lorg.jetbrains.kotlin.gradle.plugin.mpp.resources.resolve.KotlinTargetResourcesResolutionStrategy;: loaded 2 times (x 66B)
Class org.jetbrains.kotlin.gradle.plugin.mpp.KotlinUsages                             : loaded 2 times (x 68B)
Class org.jetbrains.kotlin.gradle.internal.properties.NativePropertiesLoader$Companion: loaded 2 times (x 68B)
Class [Lorg.jetbrains.kotlin.build.report.metrics.GradleBuildPerformanceMetric;       : loaded 2 times (x 66B)
Class org.jetbrains.kotlin.gradle.plugin.statistics.KotlinBuildStatsBeanService$Companion: loaded 2 times (x 68B)
Class org.jetbrains.kotlin.gradle.plugin.statistics.BuildFusService$Companion         : loaded 2 times (x 68B)
Class com.google.common.util.concurrent.internal.InternalFutureFailureAccess          : loaded 2 times (x 69B)
Class com.google.common.collect.Iterators$5                                           : loaded 2 times (x 79B)
Class com.google.common.collect.ImmutableSet$JdkBackedSetBuilderImpl                  : loaded 2 times (x 73B)
Class com.google.common.base.Splitter$SplittingIterator                               : loaded 2 times (x 81B)
Class org.jetbrains.kotlin.protobuf.WireFormat$FieldType$3                            : loaded 2 times (x 80B)
Class org.jetbrains.org.objectweb.asm.AnnotationVisitor                               : loaded 2 times (x 74B)
Class jdk.internal.jimage.decompressor.ResourceDecompressorFactory                    : loaded 2 times (x 71B)
Class com.google.common.collect.ImmutableMultimap$Values                              : loaded 2 times (x 123B)
Class com.google.common.io.Closer$SuppressingSuppressor                               : loaded 2 times (x 72B)
Class com.google.common.collect.HashBiMap$Inverse                                     : loaded 2 times (x 139B)
Class org.jetbrains.kotlin.gradle.plugin.HasCompilerOptions                           : loaded 2 times (x 67B)
Class org.jetbrains.kotlin.gradle.plugin.mpp.compilationImpl.DefaultKotlinCompilationFriendPathsResolver$FriendArtifactResolver: loaded 2 times (x 67B)
Class org.apache.commons.compress.archivers.zip.X0017_StrongEncryptionHeader          : loaded 2 times (x 93B)
Class org.jetbrains.kotlin.konan.target.KonanTarget$WATCHOS_SIMULATOR_ARM64           : loaded 2 times (x 75B)
Class org.jetbrains.kotlin.gradle.targets.js.ir.KotlinJsIrTarget                      : loaded 2 times (x 257B)
Class org.jetbrains.kotlin.gradle.plugin.mpp.DefaultKotlinUsageContext                : loaded 2 times (x 105B)
Class org.jetbrains.kotlin.gradle.plugin.KotlinPluginLifecycleImpl$start$3            : loaded 2 times (x 76B)
Class org.jetbrains.kotlin.gradle.plugin.KotlinMultiplatformPluginWrapper             : loaded 2 times (x 83B)
Class [Lorg.jetbrains.kotlin.statistics.metrics.BooleanMetrics;                       : loaded 2 times (x 66B)
Class org.jetbrains.kotlin.gradle.internal.properties.PropertiesBuildService$Companion: loaded 2 times (x 68B)
Class com.google.common.util.concurrent.AbstractFuture$UnsafeAtomicHelper             : loaded 2 times (x 75B)
Class com.google.common.cache.LocalCache$LocalManualCache$1                           : loaded 2 times (x 72B)
Class com.google.common.base.CharMatcher$ForPredicate                                 : loaded 2 times (x 109B)
Class org.jetbrains.kotlin.metadata.ProtoBuf$VersionRequirement$Level                 : loaded 2 times (x 79B)
Class org.jetbrains.kotlin.metadata.ProtoBuf$VersionRequirementOrBuilder              : loaded 2 times (x 67B)
Class org.jetbrains.kotlin.descriptors.Visibilities$Internal                          : loaded 2 times (x 76B)
Class [Lorg.jetbrains.kotlin.metadata.ProtoBuf$Annotation$Argument$Value$Type;        : loaded 2 times (x 66B)
Class [Lorg.jetbrains.org.objectweb.asm.Type;                                         : loaded 2 times (x 66B)
Class org.jetbrains.kotlin.metadata.ProtoBuf$Contract$1                               : loaded 2 times (x 141B)
Class org.jetbrains.kotlin.metadata.ProtoBuf$Type$1                                   : loaded 2 times (x 141B)
Class org.jetbrains.kotlin.protobuf.WireFormat$FieldType$4                            : loaded 2 times (x 80B)
Class org.jetbrains.kotlin.metadata.jvm.JvmProtoBuf$JvmMethodSignature$1              : loaded 2 times (x 141B)
Class org.jetbrains.kotlin.load.kotlin.FileBasedKotlinClass$3$1                       : loaded 2 times (x 74B)
Class kotlin.NotImplementedError                                                      : loaded 2 times (x 79B)
Class org.jetbrains.kotlin.gradle.plugin.mpp.compilationImpl.KotlinCompilationConfigurationsContainer: loaded 2 times (x 67B)
Class org.apache.commons.compress.archivers.zip.ZipArchiveEntry                       : loaded 2 times (x 155B)
Class org.jetbrains.kotlin.gradle.internal.StdlibDependencyManagementKt$addStdlibDependency$1: loaded 2 times (x 72B)
Class [Lorg.jetbrains.kotlin.gradle.plugin.KotlinPluginLifecycle$CoroutineStart;      : loaded 2 times (x 66B)
Class org.jetbrains.kotlin.gradle.dsl.IosSourceSetConventionChecker                   : loaded 2 times (x 71B)
Class org.jetbrains.kotlin.gradle.plugin.diagnostics.KotlinGradleProjectChecker       : loaded 2 times (x 67B)
Class org.jetbrains.kotlin.gradle.dsl.KotlinMultiplatformSourceSetConventions         : loaded 2 times (x 67B)
Class org.jetbrains.kotlin.gradle.plugin.sources.KotlinSourceSetFactory$Companion     : loaded 2 times (x 68B)
Class org.jetbrains.kotlin.statistics.metrics.NumberOverridePolicy$SUM                : loaded 2 times (x 82B)
Class com.google.common.collect.ImmutableCollection                                   : loaded 2 times (x 122B)
Class com.google.common.base.CharMatcher$AnyOf                                        : loaded 2 times (x 109B)
Class kotlin.io.FilesKt__UtilsKt                                                      : loaded 2 times (x 68B)
Class kotlin.collections.CollectionsKt__CollectionsJVMKt                              : loaded 2 times (x 68B)
Class org.jetbrains.kotlin.config.AnalysisFlag                                        : loaded 2 times (x 69B)
Class jdk.internal.jimage.ImageReader$Node                                            : loaded 2 times (x 81B)
Class org.gradle.api.internal.classpath.DefaultModuleRegistry                         : loaded 2 times (x 83B)
Class org.jetbrains.kotlin.gradle.plugin.internal.state.TaskExecutionResults          : loaded 2 times (x 68B)
Class org.jetbrains.kotlin.gradle.plugin.statistics.BuildFusService$Parameters$Inject : loaded 2 times (x 109B)
Class org.jetbrains.kotlin.compilerRunner.KotlinCompilerArgumentsLogLevel             : loaded 2 times (x 76B)
Class org.jetbrains.kotlin.gradle.plugin.mpp.compilationImpl.factory.CompositePostConfigure: loaded 2 times (x 72B)
Class org.jetbrains.kotlin.descriptors.SourceElement                                  : loaded 2 times (x 67B)
Class org.jetbrains.kotlin.metadata.ProtoBuf$TypeParameter$Variance$1                 : loaded 2 times (x 71B)
Class org.jetbrains.kotlin.statistics.metrics.StatisticsValuesConsumer                : loaded 2 times (x 67B)
Class com.google.common.util.concurrent.ListenableFuture                              : loaded 2 times (x 67B)
Class com.google.common.cache.ReferenceEntry                                          : loaded 2 times (x 67B)
Class com.google.common.collect.ImmutableSet$CachingAsList                            : loaded 2 times (x 144B)
Class com.google.common.base.Converter                                                : loaded 2 times (x 87B)
Class com.google.common.collect.Lists                                                 : loaded 2 times (x 68B)
Class com.google.common.base.CharMatcher$Any                                          : loaded 2 times (x 109B)
Class org.jetbrains.kotlin.metadata.ProtoBuf$Annotation$Argument$1                    : loaded 2 times (x 141B)
Class org.jetbrains.kotlin.metadata.deserialization.Flags$BooleanFlagField            : loaded 2 times (x 73B)
Class kotlin.collections.IndexedValue                                                 : loaded 2 times (x 69B)
Class org.jetbrains.kotlin.metadata.ProtoBuf$Function$1                               : loaded 2 times (x 141B)
Class org.jetbrains.org.objectweb.asm.AnnotationWriter                                : loaded 2 times (x 75B)
Class org.jetbrains.kotlin.metadata.jvm.deserialization.JvmProtoBufUtil               : loaded 2 times (x 68B)
Class org.jetbrains.kotlin.load.kotlin.KotlinJvmBinaryClass$AnnotationVisitor         : loaded 2 times (x 67B)
Class kotlin.sequences.SequencesKt                                                    : loaded 2 times (x 68B)
Class kotlin.collections.CollectionsKt__IteratorsKt                                   : loaded 2 times (x 68B)
Class jdk.internal.jimage.BasicImageReader$1                                          : loaded 2 times (x 74B)
Class org.jetbrains.kotlin.gradle.plugin.statistics.NonSynchronizedMetricsContainer   : loaded 2 times (x 74B)
Class org.jetbrains.kotlin.gradle.tasks.KotlinCompilerExecutionStrategy$Companion     : loaded 2 times (x 68B)
Class org.jetbrains.kotlin.gradle.plugin.CompilerPluginConfig                         : loaded 2 times (x 69B)
Class org.apache.http.HeaderElement                                                   : loaded 2 times (x 67B)
Class org.jetbrains.kotlin.gradle.model.builder.KotlinModelBuilder                    : loaded 2 times (x 73B)
Class [Lorg.jetbrains.kotlin.tooling.core.HasMutableExtras;                           : loaded 2 times (x 66B)
Class org.jetbrains.kotlin.gradle.plugin.diagnostics.checkers.GradleDeprecatedPropertyChecker: loaded 2 times (x 71B)
Class org.jetbrains.kotlin.gradle.artifacts.KotlinJsKlibArtifactKt$KotlinJsKlibArtifact$1: loaded 2 times (x 71B)
Class org.jetbrains.kotlin.gradle.targets.CreateTargetConfigurationsSideEffectKt      : loaded 2 times (x 68B)
Class org.jetbrains.kotlin.gradle.plugin.mpp.ApplyUserDefinedAttributesKt$UserDefinedAttributesSetupAction$1: loaded 2 times (x 92B)
Class org.jetbrains.kotlin.gradle.plugin.mpp.KotlinAndroidTarget                      : loaded 2 times (x 162B)
Class org.jetbrains.kotlin.gradle.plugin.DefaultKotlinBasePlugin$addKotlinCompilerConfiguration$1: loaded 2 times (x 72B)
Class org.jetbrains.kotlin.gradle.plugin.internal.DefaultCompatibilityConventionRegistrar: loaded 2 times (x 71B)
Class org.jetbrains.kotlin.gradle.plugin.PropertiesProvider                           : loaded 2 times (x 69B)
Class com.google.common.util.concurrent.AbstractFuture                                : loaded 2 times (x 103B)
Class com.google.common.base.FunctionalEquivalence                                    : loaded 2 times (x 80B)
Class com.google.common.collect.Iterators$9                                           : loaded 2 times (x 78B)
Class com.google.common.collect.AbstractMapBasedMultimap                              : loaded 2 times (x 136B)
Class com.google.common.collect.ImmutableAsList                                       : loaded 2 times (x 206B)
Class kotlin.text.StringsKt                                                           : loaded 2 times (x 68B)
Class com.google.common.collect.ImmutableMultiset                                     : loaded 2 times (x 160B)
Class [Lorg.jetbrains.kotlin.gradle.dsl.jvm.JvmTargetValidationMode;                  : loaded 2 times (x 66B)
Class org.jetbrains.kotlin.gradle.tasks.DefaultKotlinJavaToolchain$javaVersion$1      : loaded 2 times (x 71B)
Class org.jetbrains.kotlin.gradle.plugin.mpp.compilationImpl.factory.KotlinCompilationImplFactory$KotlinCompilationOutputFactory: loaded 2 times (x 67B)
Class org.apache.commons.compress.archivers.zip.UnixStat                              : loaded 2 times (x 67B)
Class com.google.common.io.CharStreams                                                : loaded 2 times (x 68B)
Class org.jetbrains.kotlin.konan.target.TargetSupportException                        : loaded 2 times (x 79B)
Class org.jetbrains.kotlin.gradle.plugin.KotlinCompilationToRunnableFiles             : loaded 2 times (x 67B)
Class org.jetbrains.kotlin.gradle.tooling.BuildKotlinToolingMetadataTaskKt            : loaded 2 times (x 68B)
Class org.jetbrains.kotlin.gradle.plugin.ProjectLocalConfigurations$setupAttributesMatchingStrategy$1$1: loaded 2 times (x 71B)
Class org.jetbrains.kotlin.gradle.targets.native.toolchain.KotlinNativeBundleBuildService$Companion$registerIfAbsent$2$1$1: loaded 2 times (x 72B)
Class org.jetbrains.kotlin.statistics.BuildSessionLogger$Companion                    : loaded 2 times (x 68B)
Class org.objectweb.asm.RecordComponentVisitor                                        : loaded 2 times (x 74B)
Class com.google.common.cache.CacheLoader$SupplierToCacheLoader                       : loaded 2 times (x 72B)
Class org.jetbrains.kotlin.descriptors.Visibilities$Private                           : loaded 2 times (x 76B)
Class kotlin.LazyKt__LazyJVMKt                                                        : loaded 2 times (x 68B)
Class org.jetbrains.kotlin.config.ExplicitApiMode                                     : loaded 2 times (x 76B)
Class org.jetbrains.kotlin.gradle.targets.js.npm.SemverKt                             : loaded 2 times (x 68B)
Class org.jetbrains.kotlin.gradle.internal.StdlibDependencyManagementKt$isStdlibAddedByUser$1: loaded 2 times (x 76B)
Class org.jetbrains.kotlin.gradle.plugin.mpp.KotlinCompilationsKt$sam$java_util_concurrent_Callable$0: loaded 2 times (x 72B)
Class org.jetbrains.kotlin.gradle.tasks.KotlinCompilerPluginData                      : loaded 2 times (x 69B)
Class org.jetbrains.kotlin.compilerRunner.CompilerSystemPropertiesService$Companion$registerIfAbsent$2$1$1: loaded 2 times (x 72B)
Class org.jetbrains.kotlin.gradle.plugin.KotlinCompilationInfo                        : loaded 2 times (x 85B)
Class org.jetbrains.kotlin.gradle.tasks.BaseKotlinCompile                             : loaded 2 times (x 67B)
Class org.jetbrains.kotlin.gradle.plugin.internal.UsesBuildIdProviderService          : loaded 2 times (x 67B)
Class org.jetbrains.kotlin.gradle.plugin.mpp.compilationImpl.KotlinCompilationSourceSetInclusion$include$1: loaded 2 times (x 76B)
Class org.jetbrains.kotlin.gradle.plugin.mpp.compilationImpl.factory.KotlinCompilationImplFactory$KotlinCompilationDependencyConfigurationsFactory: loaded 2 times (x 67B)
Class com.google.common.collect.UsingToStringOrdering                                 : loaded 2 times (x 111B)
Class org.jetbrains.kotlin.gradle.plugin.KotlinPluginLifecycleCoroutineContextElement$Key: loaded 2 times (x 68B)
Class org.jetbrains.kotlin.gradle.internal.IdeaKt                                     : loaded 2 times (x 68B)
Class org.jetbrains.kotlin.gradle.plugin.diagnostics.KotlinToolingDiagnosticsSetupActionKt$KotlinToolingDiagnosticsSetupAction$1: loaded 2 times (x 71B)
Class org.jetbrains.kotlin.tooling.core.ExtrasPropertyKt                              : loaded 2 times (x 68B)
Class org.jetbrains.kotlin.gradle.dsl.KotlinProjectExtensionKt                        : loaded 2 times (x 68B)
Class org.jetbrains.kotlin.gradle.plugin.KotlinGradleBuildServices$Parameters_Decorated: loaded 2 times (x 131B)
Class org.jetbrains.kotlin.gradle.plugin.DefaultKotlinBasePlugin$addKotlinCompilerConfiguration$3: loaded 2 times (x 72B)
Class [Lorg.jetbrains.kotlin.statistics.metrics.IMetricContainerFactory;              : loaded 2 times (x 66B)
Class com.google.common.collect.Maps$EntryTransformer                                 : loaded 2 times (x 67B)
Class org.jetbrains.kotlin.metadata.ProtoBuf$VersionRequirement$VersionKind$1         : loaded 2 times (x 71B)
Class org.jetbrains.kotlin.metadata.ProtoBuf$Annotation$1                             : loaded 2 times (x 141B)
Class org.jetbrains.kotlin.protobuf.AbstractParser                                    : loaded 2 times (x 141B)
Class kotlin.io.FilesKt__FileReadWriteKt                                              : loaded 2 times (x 68B)
Class kotlin.text.StringsKt__StringNumberConversionsKt                                : loaded 2 times (x 68B)
Class org.jetbrains.kotlin.cli.common.CompilerSystemProperties$value$1                : loaded 2 times (x 122B)
Class [Lorg.jetbrains.kotlin.config.LanguageVersion;                                  : loaded 2 times (x 66B)
Class jdk.internal.jimage.decompressor.Decompressor                                   : loaded 2 times (x 69B)
Class jdk.internal.jimage.ImageReader$Resource                                        : loaded 2 times (x 81B)
Class org.gradle.internal.service.ServiceLookupException                              : loaded 2 times (x 79B)
Class org.jetbrains.kotlin.gradle.plugin.statistics.BuildFusService$Inject            : loaded 2 times (x 101B)
Class org.jetbrains.kotlin.gradle.internal.StdlibDependencyManagementKt$isStdlibAddedByUser$2: loaded 2 times (x 75B)
Class org.jetbrains.kotlin.gradle.tasks.GradleCompileTaskProvider_Decorated           : loaded 2 times (x 118B)
Class org.jetbrains.kotlin.gradle.plugin.hierarchy.KotlinSourceSetTreeClassifierKt$sourceSetTreeClassifier$2: loaded 2 times (x 75B)
Class com.google.common.collect.ImmutableSortedSet                                    : loaded 2 times (x 296B)
Class org.jetbrains.kotlin.konan.target.HostManager                                   : loaded 2 times (x 69B)
Class org.jetbrains.kotlin.gradle.targets.js.npm.NpmDirectoryDependencyExtension      : loaded 2 times (x 67B)
Class org.jetbrains.kotlin.gradle.plugin.mpp.KotlinUsageContext$MavenScope            : loaded 2 times (x 76B)
Class org.jetbrains.kotlin.gradle.targets.native.KotilnNativeConfigureBinariesSideEffectKt$special$$inlined$KotlinTargetSideEffect$1: loaded 2 times (x 71B)
Class org.jetbrains.kotlin.gradle.plugin.KotlinProjectSetupAction$Companion           : loaded 2 times (x 68B)
Class [Lcom.google.common.cache.LocalCache$EntryFactory;                              : loaded 2 times (x 66B)
Class com.google.common.base.CharMatcher$JavaLetter                                   : loaded 2 times (x 108B)
Class [Lorg.jetbrains.kotlin.protobuf.Internal$EnumLite;                              : loaded 2 times (x 66B)
Class jdk.internal.jrtfs.JrtFileAttributes                                            : loaded 2 times (x 80B)
Class org.gradle.internal.classloader.ClassLoaderFactory                              : loaded 2 times (x 67B)
Class org.jetbrains.kotlin.gradle.tasks.DefaultKotlinJavaToolchain$currentJvmJdkToolsJar$1: loaded 2 times (x 71B)
Class org.jetbrains.kotlin.gradle.plugin.SubpluginEnvironment                         : loaded 2 times (x 69B)
Class org.jetbrains.kotlin.gradle.internal.StdlibDependencyManagementKt$addStdlibDependency$1$1$1: loaded 2 times (x 72B)
Class org.jetbrains.kotlin.gradle.plugin.sources.AbstractKotlinSourceSet              : loaded 2 times (x 138B)
Class org.jetbrains.kotlin.gradle.tooling.BuildKotlinToolingMetadataTaskKt$RegisterBuildKotlinToolingMetadataTask$1: loaded 2 times (x 71B)
Class org.jetbrains.kotlin.compilerRunner.GradleCliCommonizerKt$maybeCreateCommonizerClasspathConfiguration$1$1: loaded 2 times (x 72B)
Class [Lorg.jetbrains.kotlin.build.report.metrics.ValueType;                          : loaded 2 times (x 66B)
Class com.google.common.cache.LocalCache$LocalManualCache                             : loaded 2 times (x 96B)
Class com.google.common.base.CharMatcher$IsNot                                        : loaded 2 times (x 108B)
Class com.google.common.base.CommonPattern                                            : loaded 2 times (x 71B)
Class org.jetbrains.org.objectweb.asm.tree.ParameterNode                              : loaded 2 times (x 70B)
Class org.gradle.internal.service.CachingServiceLocator                               : loaded 2 times (x 79B)
Class org.jetbrains.kotlin.gradle.dsl.jvm.JvmTargetValidationMode                     : loaded 2 times (x 76B)
Class org.jetbrains.kotlin.gradle.plugin.BuildFinishedListenerService$Companion$registerIfAbsent$2$1: loaded 2 times (x 76B)
Class org.jetbrains.kotlin.gradle.plugin.KotlinTargetConfiguratorKt$WhenMappings      : loaded 2 times (x 68B)
Class org.apache.commons.compress.archivers.zip.ExtraFieldParsingBehavior             : loaded 2 times (x 67B)
Class org.apache.http.NameValuePair                                                   : loaded 2 times (x 67B)
Class com.google.common.collect.AbstractMapBasedMultimap$KeySet                       : loaded 2 times (x 134B)
Class com.google.common.collect.RegularImmutableSortedSet                             : loaded 2 times (x 296B)
Class org.jetbrains.kotlin.gradle.internal.KotlinTestDependencyManagementKt$configureKotlinTestDependency$1: loaded 2 times (x 76B)
Class org.jetbrains.kotlin.gradle.plugin.diagnostics.checkers.OverriddenKotlinNativeHomeChecker$StdlibExistenceCheckerValueSource$Params_Decorated: loaded 2 times (x 131B)
Class org.jetbrains.kotlin.project.model.LanguageSettings                             : loaded 2 times (x 67B)
Class org.jetbrains.kotlin.gradle.plugin.KotlinPluginLifecycleKt$kotlinPluginLifecycle$2: loaded 2 times (x 75B)
Class org.jetbrains.kotlin.gradle.plugin.statistics.BuildFusService$Companion$registerIfAbsent$1$1: loaded 2 times (x 76B)
Class org.jetbrains.kotlin.gradle.plugin.BuildFinishFlowAction$Parameters_Decorated   : loaded 2 times (x 134B)
Class org.jetbrains.kotlin.gradle.plugin.internal.CompatibilityConventionRegistrar$Factory: loaded 2 times (x 67B)
Class com.google.common.math.IntMath                                                  : loaded 2 times (x 68B)
Class org.jetbrains.kotlin.descriptors.Visibilities$Public                            : loaded 2 times (x 76B)
Class kotlin.jvm.internal.CallableReference                                           : loaded 2 times (x 103B)
Class org.jetbrains.kotlin.protobuf.ExtensionRegistryLite$ObjectIntPair               : loaded 2 times (x 69B)
Class org.jetbrains.kotlin.metadata.ProtoBuf$Class$1                                  : loaded 2 times (x 141B)
Class org.jetbrains.kotlin.load.kotlin.header.ReadKotlinClassHeaderAnnotationVisitor$KotlinMetadataArgumentVisitor$1: loaded 2 times (x 82B)
Class com.google.common.collect.MapMakerInternalMap$InternalEntry                     : loaded 2 times (x 67B)
Class [Lcom.google.common.collect.HashBiMap$BiEntry;                                  : loaded 2 times (x 66B)
Class org.jetbrains.kotlin.gradle.plugin.diagnostics.CheckKotlinGradlePluginConfigurationErrorsKt$locateOrRegisterCheckKotlinGradlePluginErrorsTask$taskProvider$1$1: loaded 2 times (x 72B)
Class org.jetbrains.kotlin.gradle.plugin.mpp.InternalKotlinCompilation$DefaultImpls   : loaded 2 times (x 68B)
Class org.jetbrains.kotlin.gradle.plugin.mpp.compilationImpl.KotlinCompilationSourceSetInclusion$DefaultAddSourcesToCompileTask: loaded 2 times (x 71B)
Class [Lorg.apache.commons.compress.archivers.zip.ZipExtraField;                      : loaded 2 times (x 66B)
Class org.jetbrains.kotlin.gradle.internal.KotlinTestDependencyManagementKt$configureKotlinTestDependency$2: loaded 2 times (x 72B)
Class org.jetbrains.kotlin.gradle.dsl.PlatformSourceSetConventionsChecker$runChecks$$inlined$CheckedPlatformInfo$default$1: loaded 2 times (x 75B)
Class [Lorg.jetbrains.kotlin.gradle.plugin.KotlinPluginLifecycle$Stage;               : loaded 2 times (x 66B)
Class org.jetbrains.kotlin.gradle.artifacts.KotlinTargetArtifact$Companion            : loaded 2 times (x 68B)
Class org.jetbrains.kotlin.gradle.plugin.mpp.compilationImpl.KotlinCreateLifecycleTasksSideEffectKt$KotlinCreateLifecycleTasksSideEffect$1: loaded 2 times (x 71B)
Class org.jetbrains.kotlin.gradle.targets.metadata.KotlinMetadataTargetConfiguratorKt$metadataCompilationsCreated$2: loaded 2 times (x 75B)
Class org.jetbrains.kotlin.gradle.dsl.KotlinGradlePluginDsl                           : loaded 2 times (x 67B)
Class org.jetbrains.kotlin.tooling.core.MutableExtras                                 : loaded 2 times (x 67B)
Class org.jetbrains.kotlin.gradle.plugin.KotlinGradleBuildServices$detectKotlinPluginLoadedInMultipleProjects$onRegister$1: loaded 2 times (x 76B)
Class org.jetbrains.kotlin.metadata.ProtoBuf$Annotation$Argument$Value$Type           : loaded 2 times (x 79B)
Class com.google.common.collect.Iterators$10                                          : loaded 2 times (x 78B)
Class com.google.common.collect.ImmutableMapEntry                                     : loaded 2 times (x 82B)
Class com.google.common.base.CharMatcher$JavaDigit                                    : loaded 2 times (x 108B)
Class org.jetbrains.kotlin.metadata.ProtoBuf$VersionRequirement$1                     : loaded 2 times (x 141B)
Class org.jetbrains.kotlin.metadata.jvm.JvmProtoBuf$StringTableTypes$Record$1         : loaded 2 times (x 141B)
Class org.jetbrains.kotlin.load.kotlin.header.ReadKotlinClassHeaderAnnotationVisitor$KotlinMetadataArgumentVisitor$2: loaded 2 times (x 82B)
Class org.jetbrains.org.objectweb.asm.tree.AnnotationNode                             : loaded 2 times (x 76B)
Class org.jetbrains.kotlin.config.LanguageFeature$Companion                           : loaded 2 times (x 68B)
Class com.google.common.collect.ImmutableMultimap                                     : loaded 2 times (x 144B)
Class org.jetbrains.kotlin.gradle.plugin.diagnostics.CheckKotlinGradlePluginConfigurationErrorsKt$locateOrRegisterCheckKotlinGradlePluginErrorsTask$taskProvider$1$2: loaded 2 times (x 71B)
Class org.jetbrains.kotlin.gradle.tasks.CompileUsingKotlinDaemon                      : loaded 2 times (x 67B)
Class org.jetbrains.kotlin.gradle.plugin.mpp.KotlinWithJavaTarget                     : loaded 2 times (x 163B)
Class org.apache.commons.compress.archivers.zip.X0019_EncryptionRecipientCertificateList: loaded 2 times (x 87B)
Class com.google.common.base.Predicates                                               : loaded 2 times (x 68B)
Class org.jetbrains.kotlin.gradle.plugin.mpp.compilationImpl.KotlinCreateNativeCompileTasksSideEffectKt$special$$inlined$KotlinCompilationSideEffect$1: loaded 2 times (x 71B)
Class org.jetbrains.kotlin.gradle.targets.KotlinTargetSideEffect$Companion            : loaded 2 times (x 68B)
Class org.jetbrains.kotlin.gradle.dsl.KotlinSingleJavaTargetExtension                 : loaded 2 times (x 121B)
Class org.jetbrains.kotlin.gradle.utils.StoredPropertyKt$extrasStoredProperty$1       : loaded 2 times (x 75B)
Class org.jetbrains.kotlin.gradle.plugin.KotlinPluginLifecycle$IllegalLifecycleException: loaded 2 times (x 79B)
Class org.jetbrains.kotlin.gradle.internal.properties.NativePropertiesLoader$userProvidedNativeHome$1: loaded 2 times (x 72B)
Class org.jetbrains.kotlin.gradle.plugin.KotlinGradleFinishBuildHandler               : loaded 2 times (x 69B)
Class [Lorg.jetbrains.kotlin.build.report.metrics.BuildPerformanceMetric;             : loaded 2 times (x 66B)
Class org.jetbrains.kotlin.statistics.metrics.StringOverridePolicy$CONCAT             : loaded 2 times (x 82B)
Class org.jetbrains.kotlin.gradle.dsl.KotlinTopLevelExtension                         : loaded 2 times (x 67B)
Class com.google.common.base.Equivalence                                              : loaded 2 times (x 79B)
Class com.google.common.collect.ImmutableMapEntry$NonTerminalImmutableMapEntry        : loaded 2 times (x 82B)
Class com.google.common.base.Function                                                 : loaded 2 times (x 67B)
Class org.jetbrains.kotlin.descriptors.CallableMemberDescriptor$Kind                  : loaded 2 times (x 76B)
Class org.jetbrains.kotlin.metadata.ProtoBuf$TypeParameterOrBuilder                   : loaded 2 times (x 67B)
Class org.jetbrains.kotlin.metadata.ProtoBuf$Property                                 : loaded 2 times (x 145B)
Class org.jetbrains.org.objectweb.asm.Type                                            : loaded 2 times (x 69B)
Class com.google.common.collect.RegularImmutableMap$KeySet                            : loaded 2 times (x 147B)
Class kotlin.enums.EnumEntries                                                        : loaded 2 times (x 67B)
Class org.jetbrains.kotlin.build.report.metrics.DoNothingBuildMetricsReporter         : loaded 2 times (x 83B)
Class org.jetbrains.kotlin.gradle.plugin.ProjectLocalConfigurationsKt                 : loaded 2 times (x 68B)
Class org.jetbrains.kotlin.gradle.plugin.mpp.compilationImpl.factory.KotlinCompilationImplFactory: loaded 2 times (x 69B)
Class org.jetbrains.kotlin.gradle.internal.KotlinDomApiDependencyManagementKt$addKotlinDomApiDependency$1: loaded 2 times (x 72B)
Class org.jetbrains.kotlin.gradle.plugin.diagnostics.checkers.KotlinTargetAlreadyDeclaredChecker$runChecks$1: loaded 2 times (x 85B)
Class org.jetbrains.kotlin.gradle.plugin.mpp.KotlinTargetWithBinaries                 : loaded 2 times (x 160B)
Class [Lorg.jetbrains.kotlin.gradle.plugin.KotlinSourceSet;                           : loaded 2 times (x 66B)
Class org.jetbrains.kotlin.gradle.plugin.diagnostics.checkers.JsEnvironmentChecker$1  : loaded 2 times (x 75B)
Class org.jetbrains.kotlin.gradle.plugin.diagnostics.KotlinToolingDiagnostics$JsLikeEnvironmentNotChosenExplicitly: loaded 2 times (x 70B)
Class org.jetbrains.kotlin.gradle.plugin.KotlinTargetsContainerWithPresets            : loaded 2 times (x 67B)
Class org.jetbrains.kotlin.gradle.utils.StoredLazyProperty$getValue$1                 : loaded 2 times (x 76B)
Class org.jetbrains.kotlin.statistics.metrics.IMetricContainerFactory                 : loaded 2 times (x 67B)
Class org.jetbrains.kotlin.statistics.MetricValueValidationFailed                     : loaded 2 times (x 79B)
Class org.jetbrains.kotlin.gradle.plugin.PropertiesProvider$localProperties$2         : loaded 2 times (x 76B)
Class com.google.common.collect.IndexedImmutableSet$1                                 : loaded 2 times (x 209B)
Class com.google.common.cache.CacheBuilder$OneWeigher                                 : loaded 2 times (x 79B)
Class com.google.common.collect.RegularImmutableList                                  : loaded 2 times (x 209B)
Class org.jetbrains.org.objectweb.asm.TypePath                                        : loaded 2 times (x 69B)
Class org.jetbrains.kotlin.metadata.jvm.deserialization.UtfEncodingKt                 : loaded 2 times (x 68B)
Class org.jetbrains.kotlin.metadata.jvm.JvmProtoBuf$JvmFieldSignature$1               : loaded 2 times (x 141B)
Class org.jetbrains.kotlin.metadata.ProtoBuf$TypeTable                                : loaded 2 times (x 106B)
Class org.jetbrains.kotlin.metadata.jvm.JvmProtoBuf$JvmMethodSignature                : loaded 2 times (x 105B)
Class org.jetbrains.kotlin.protobuf.MessageLiteOrBuilder                              : loaded 2 times (x 67B)
Class org.jetbrains.kotlin.load.kotlin.header.ReadKotlinClassHeaderAnnotationVisitor$KotlinMetadataArgumentVisitor: loaded 2 times (x 83B)
Class com.google.common.base.PairwiseEquivalence                                      : loaded 2 times (x 80B)
Class [Lorg.jetbrains.kotlin.cli.common.CompilerSystemProperties;                     : loaded 2 times (x 66B)
Class org.jetbrains.kotlin.gradle.plugin.mpp.compilationImpl.DefaultKotlinCompilationFriendPathsResolver$resolveFriendPaths$1$1: loaded 2 times (x 76B)
Class org.jetbrains.kotlin.build.report.metrics.BuildMetricsReporterImpl              : loaded 2 times (x 95B)
Class org.jetbrains.kotlin.gradle.tasks.configuration.KaptGenerateStubsConfig         : loaded 2 times (x 69B)
Class org.jetbrains.kotlin.gradle.tasks.configuration.BaseKotlinCompileConfig$1$classpathConfiguration$jvmToolchain$1: loaded 2 times (x 71B)
Class org.jetbrains.kotlin.gradle.targets.js.npm.SemVer                               : loaded 2 times (x 72B)
Class org.jetbrains.kotlin.gradle.plugin.diagnostics.checkers.JsEnvironmentChecker$2  : loaded 2 times (x 75B)
Class org.jetbrains.kotlin.gradle.utils.WhenPluginEnabledKt$whenPluginsEnabled$1      : loaded 2 times (x 72B)
Class org.jetbrains.kotlin.gradle.tasks.AbstractKotlinCompileTool                     : loaded 2 times (x 363B)
Class [Lorg.jetbrains.kotlin.gradle.report.BuildReportType;                           : loaded 2 times (x 66B)
Class org.jetbrains.kotlin.gradle.plugin.statistics.KotlinBuildStatsConfiguration     : loaded 2 times (x 69B)
Class org.jetbrains.kotlin.gradle.internal.properties.PropertiesBuildService$localProperties$2: loaded 2 times (x 76B)
Class com.google.common.collect.ImmutableBiMapFauxverideShim                          : loaded 2 times (x 117B)
Class org.jetbrains.kotlin.metadata.ProtoBuf$AnnotationOrBuilder                      : loaded 2 times (x 67B)
Class org.jetbrains.kotlin.protobuf.WireFormat$FieldType                              : loaded 2 times (x 80B)
Class org.jetbrains.kotlin.load.kotlin.FileBasedKotlinClass                           : loaded 2 times (x 85B)
Class jdk.internal.jimage.ImageBufferCache                                            : loaded 2 times (x 68B)
Class jdk.internal.jrtfs.JrtPath                                                      : loaded 2 times (x 115B)
Class org.gradle.internal.classloader.ClasspathUtil                                   : loaded 2 times (x 68B)
Class org.jetbrains.kotlin.gradle.dsl.KotlinCompile                                   : loaded 2 times (x 67B)
Class org.jetbrains.kotlin.gradle.plugin.mpp.compilationImpl.DefaultKotlinCompilationFriendPathsResolver$DefaultFriendArtifactResolver: loaded 2 times (x 71B)
Class org.apache.commons.compress.archivers.zip.PKWareExtraHeader                     : loaded 2 times (x 87B)
Class org.apache.commons.compress.archivers.zip.ZipArchiveEntry$NameSource            : loaded 2 times (x 76B)
Class com.google.common.collect.ComparisonChain                                       : loaded 2 times (x 77B)
Class org.jetbrains.kotlin.gradle.plugin.diagnostics.checkers.InternalGradlePropertiesUsageChecker$runChecks$1: loaded 2 times (x 85B)
Class org.jetbrains.kotlin.gradle.utils.StringUtilsKt$lowerCamelCaseName$1            : loaded 2 times (x 122B)
Class org.jetbrains.kotlin.gradle.plugin.diagnostics.checkers.JsEnvironmentChecker$3  : loaded 2 times (x 75B)
Class org.jetbrains.kotlin.gradle.artifacts.KotlinLegacyMetadataArtifactKt            : loaded 2 times (x 68B)
Class org.jetbrains.kotlin.gradle.dsl.JvmTarget$Companion                             : loaded 2 times (x 68B)
Class org.jetbrains.kotlin.gradle.internal.properties.NativePropertiesLoader$downloadFromMaven$1: loaded 2 times (x 72B)
Class org.jetbrains.kotlin.gradle.plugin.internal.DefaultConfigurationCacheStartParameterAccessor_Decorated: loaded 2 times (x 122B)
Class org.jetbrains.kotlin.gradle.plugin.internal.DefaultConfigurationCacheStartParameterAccessor: loaded 2 times (x 74B)
Class org.jetbrains.kotlin.tooling.core.HasExtras                                     : loaded 2 times (x 67B)
Class com.google.common.base.Charsets                                                 : loaded 2 times (x 68B)
Class com.google.common.util.concurrent.Uninterruptibles                              : loaded 2 times (x 68B)
Class org.jetbrains.kotlin.metadata.ProtoBuf$TypeAlias                                : loaded 2 times (x 134B)
Class [Lorg.jetbrains.kotlin.metadata.ProtoBuf$TypeParameter$Variance;                : loaded 2 times (x 66B)
Class org.jetbrains.kotlin.metadata.ProtoBuf$Constructor                              : loaded 2 times (x 121B)
Class org.jetbrains.kotlin.metadata.jvm.deserialization.JvmMemberSignature            : loaded 2 times (x 71B)
Class org.jetbrains.kotlin.load.kotlin.header.KotlinClassHeader$Kind                  : loaded 2 times (x 76B)
Class org.jetbrains.kotlin.load.kotlin.KotlinJvmBinaryClass$AnnotationArgumentVisitor : loaded 2 times (x 67B)
Class kotlin.io.FileSystemException                                                   : loaded 2 times (x 79B)
Class org.jetbrains.kotlin.gradle.plugin.KotlinCompilationInfo$TCS$friendPaths$1      : loaded 2 times (x 76B)
Class org.jetbrains.kotlin.gradle.plugin.sources.DefaultLanguageSettingsBuilder$freeCompilerArgsProvider$1: loaded 2 times (x 92B)
Class org.jetbrains.kotlin.konan.target.HostManager$Companion                         : loaded 2 times (x 68B)
Class org.jetbrains.kotlin.gradle.targets.js.npm.DevNpmDependencyExtension            : loaded 2 times (x 67B)
Class org.jetbrains.kotlin.gradle.plugin.diagnostics.checkers.PreHmppDependenciesUsageChecker: loaded 2 times (x 71B)
Class org.jetbrains.kotlin.gradle.targets.CreateArtifactsSideEffectKt                 : loaded 2 times (x 68B)
Class org.jetbrains.kotlin.gradle.plugin.AbstractKotlinMultiplatformPluginWrapper     : loaded 2 times (x 83B)
Class org.jetbrains.kotlin.gradle.utils.GradleConfigurationUtilsKt$addGradlePluginMetadataAttributes$1: loaded 2 times (x 72B)
Class org.jetbrains.kotlin.gradle.plugin.internal.DefaultProjectIsolationStartParameterAccessor: loaded 2 times (x 74B)
Class com.google.common.collect.Maps                                                  : loaded 2 times (x 68B)
Class com.google.common.base.CharMatcher$JavaUpperCase                                : loaded 2 times (x 108B)
Class kotlin.jvm.internal.DefaultConstructorMarker                                    : loaded 2 times (x 68B)
Class org.jetbrains.kotlin.resolve.scopes.receivers.ReceiverValue                     : loaded 2 times (x 67B)
Class org.jetbrains.kotlin.metadata.jvm.JvmProtoBuf$JvmMethodSignature$Builder        : loaded 2 times (x 131B)
Class org.jetbrains.kotlin.metadata.ProtoBuf$VersionRequirementTableOrBuilder         : loaded 2 times (x 67B)
Class org.jetbrains.kotlin.metadata.jvm.JvmProtoBuf$JvmFieldSignatureOrBuilder        : loaded 2 times (x 67B)
Class org.jetbrains.org.objectweb.asm.ModuleVisitor                                   : loaded 2 times (x 77B)
Class org.gradle.api.specs.Spec                                                       : loaded 2 times (x 67B)
Class com.google.common.collect.MapMaker                                              : loaded 2 times (x 69B)
Class org.jetbrains.kotlin.gradle.tasks.KotlinCompile$disableMultiModuleIC$2          : loaded 2 times (x 76B)
Class org.jetbrains.kotlin.gradle.tasks.GradleCompileTaskProviderKt                   : loaded 2 times (x 68B)
Class org.jetbrains.kotlin.gradle.plugin.SubpluginEnvironment$Companion               : loaded 2 times (x 68B)
Class org.jetbrains.kotlin.gradle.plugin.mpp.ApplyUserDefinedAttributesKt$UserDefinedAttributesSetupAction$1$1$3: loaded 2 times (x 72B)
Class org.jetbrains.kotlin.gradle.tasks.configuration.BaseKotlinCompileConfig$Companion: loaded 2 times (x 68B)
Class org.jetbrains.kotlin.gradle.plugin.mpp.compilationImpl.KotlinCompilationImpl$Params: loaded 2 times (x 69B)
Class org.jetbrains.kotlin.konan.target.UtilsKt                                       : loaded 2 times (x 68B)
Class org.jetbrains.kotlin.gradle.tooling.BuildKotlinToolingMetadataTask              : loaded 2 times (x 314B)
Class org.jetbrains.kotlin.gradle.plugin.internal.CompatibilityConventionRegistrarKt  : loaded 2 times (x 68B)
Class org.jetbrains.kotlin.gradle.artifacts.KotlinJvmJarArtifactKt                    : loaded 2 times (x 68B)
Class org.jetbrains.kotlin.gradle.plugin.mpp.compilationImpl.CreateCInteropTasksSideEffectKt$special$$inlined$KotlinCompilationSideEffect$1: loaded 2 times (x 71B)
Class org.jetbrains.kotlin.gradle.plugin.statistics.FinalizeConfigurationFusMetricActionKt: loaded 2 times (x 68B)
Class org.jetbrains.kotlin.gradle.plugin.mpp.resources.resolve.KotlinTargetResourcesResolutionStrategy$Companion: loaded 2 times (x 68B)
Class org.jetbrains.kotlin.gradle.targets.native.toolchain.KotlinNativeBundleBuildService$Companion$registerIfAbsent$2$1: loaded 2 times (x 76B)
Class org.jetbrains.kotlin.build.report.metrics.GradleBuildPerformanceMetric$Companion: loaded 2 times (x 68B)
Class org.jetbrains.kotlin.gradle.plugin.statistics.KotlinBuildStatsBeanService       : loaded 2 times (x 84B)
Class [Lcom.google.common.collect.ImmutableEntry;                                     : loaded 2 times (x 66B)
Class org.jetbrains.kotlin.descriptors.DelegatedDescriptorVisibility                  : loaded 2 times (x 76B)
Class org.jetbrains.kotlin.serialization.deserialization.ProtoEnumFlagsUtilsKt$WhenMappings: loaded 2 times (x 68B)
Class org.jetbrains.kotlin.load.kotlin.header.KotlinClassHeader                       : loaded 2 times (x 69B)
Class com.google.common.base.Equivalence$Identity                                     : loaded 2 times (x 79B)
Class jdk.internal.jimage.ImageReader$SharedImageReader$LocationVisitor               : loaded 2 times (x 67B)
Class org.jetbrains.kotlin.gradle.tasks.configuration.AbstractKotlinCompileConfig$1$1 : loaded 2 times (x 71B)
Class org.jetbrains.kotlin.gradle.tasks.KotlinCompile$kotlinOptions$1                 : loaded 2 times (x 76B)
Class org.jetbrains.kotlin.gradle.internal.properties.NativeProperties$Companion      : loaded 2 times (x 68B)
Class org.jetbrains.kotlin.gradle.utils.StringUtilsKt                                 : loaded 2 times (x 68B)
Class org.jetbrains.kotlin.gradle.targets.ConfigureBuildSideEffectKt$ConfigureBuildSideEffect$1: loaded 2 times (x 71B)
Class org.jetbrains.kotlin.tooling.core.ExtrasLazyProperty                            : loaded 2 times (x 67B)
Class org.jetbrains.kotlin.gradle.utils.CompletableFuture                             : loaded 2 times (x 67B)
Class org.jetbrains.kotlin.build.report.metrics.BuildPerformanceMetric                : loaded 2 times (x 67B)
Class [Lorg.jetbrains.kotlin.statistics.metrics.StringOverridePolicy;                 : loaded 2 times (x 66B)
Class com.google.common.cache.LocalCache$LoadingValueReference                        : loaded 2 times (x 93B)
Class org.jetbrains.kotlin.metadata.deserialization.Flags                             : loaded 2 times (x 68B)
Class org.jetbrains.org.objectweb.asm.Symbol                                          : loaded 2 times (x 70B)
Class org.jetbrains.kotlin.metadata.ProtoBuf$TypeTable$1                              : loaded 2 times (x 141B)
Class org.jetbrains.kotlin.gradle.plugin.KotlinGradleBuildServices$Inject             : loaded 2 times (x 97B)
Class com.google.common.collect.CollectSpliterators                                   : loaded 2 times (x 68B)
Class com.google.common.collect.AbstractMapBasedMultimap$AsMap                        : loaded 2 times (x 125B)
Class com.google.common.collect.MapMakerInternalMap$StrongKeyDummyValueEntry          : loaded 2 times (x 79B)
Class org.jetbrains.kotlin.gradle.tasks.configuration.AbstractKotlinCompileConfig$getClasspathSnapshotDir$1: loaded 2 times (x 71B)
Class org.jetbrains.kotlin.gradle.tasks.configuration.AbstractKotlinCompileConfig$1$2 : loaded 2 times (x 71B)
Class com.google.common.io.LineReader$1                                               : loaded 2 times (x 72B)
Class com.google.common.base.Platform                                                 : loaded 2 times (x 68B)
Class com.google.common.collect.Multimaps$Entries                                     : loaded 2 times (x 115B)
Class org.jetbrains.kotlin.gradle.plugin.diagnostics.checkers.OverriddenKotlinNativeHomeChecker$StdlibExistenceCheckerValueSource$Params$Inject: loaded 2 times (x 103B)
Class org.jetbrains.kotlin.gradle.plugin.diagnostics.checkers.CommonMainOrTestWithDependsOnChecker: loaded 2 times (x 71B)
Class org.jetbrains.kotlin.gradle.artifacts.KotlinNativeHostSpecificMetadataArtifactKt: loaded 2 times (x 68B)
Class org.jetbrains.kotlin.gradle.plugin.mpp.compilationImpl.KotlinCreateLifecycleTasksSideEffectKt: loaded 2 times (x 68B)
Class org.jetbrains.kotlin.gradle.plugin.KotlinTarget                                 : loaded 2 times (x 67B)
Class org.jetbrains.kotlin.gradle.utils.ConfigurationsKt$createResolvable$1           : loaded 2 times (x 75B)
Class [Lorg.jetbrains.kotlin.statistics.metrics.BooleanAnonymizationPolicy;           : loaded 2 times (x 66B)
Class kotlin.collections.EmptyIterator                                                : loaded 2 times (x 86B)
Class org.jetbrains.kotlin.metadata.ProtoBuf$Function                                 : loaded 2 times (x 146B)
Class kotlin.SynchronizedLazyImpl                                                     : loaded 2 times (x 73B)
Class kotlin.text.StringsKt__RegexExtensionsKt                                        : loaded 2 times (x 68B)
Class jdk.internal.jimage.decompressor.ResourceDecompressorRepository                 : loaded 2 times (x 68B)
Class org.jetbrains.kotlin.gradle.utils.Completable$await$1                           : loaded 2 times (x 85B)
Class com.google.common.collect.AbstractMapBasedMultimap$WrappedList                  : loaded 2 times (x 202B)
Class org.jetbrains.kotlin.gradle.internal.KotlinDependenciesManagementKt$allNonProjectDependencies$1: loaded 2 times (x 71B)
Class [Lorg.jetbrains.kotlin.build.report.metrics.BuildAttributeKind;                 : loaded 2 times (x 66B)
Class org.jetbrains.kotlin.gradle.tasks.K2MultiplatformStructure                      : loaded 2 times (x 71B)
Class org.jetbrains.kotlin.compilerRunner.CompilerSystemPropertiesService$Parameters  : loaded 2 times (x 67B)
Class org.jetbrains.kotlin.gradle.plugin.mpp.compilationImpl.KotlinCompilationSourceSetsContainer: loaded 2 times (x 67B)
Class [Lorg.apache.commons.compress.archivers.zip.ZipMethod;                          : loaded 2 times (x 66B)
Class com.google.common.collect.CompoundOrdering                                      : loaded 2 times (x 112B)
Class org.jetbrains.kotlin.gradle.artifacts.KotlinNativeKlibArtifactKt                : loaded 2 times (x 68B)
Class org.jetbrains.kotlin.gradle.plugin.ProjectLocalConfigurations                   : loaded 2 times (x 68B)
Class org.jetbrains.kotlin.gradle.plugin.mpp.KotlinUsages$KotlinUsagesDisambiguation  : loaded 2 times (x 73B)
Class org.jetbrains.kotlin.tooling.core.Extras$Key$Companion                          : loaded 2 times (x 68B)
Class org.jetbrains.kotlin.tooling.core.Extras$Key                                    : loaded 2 times (x 69B)
Class [Lorg.objectweb.asm.AnnotationWriter;                                           : loaded 2 times (x 66B)
Class com.google.common.primitives.Ints$IntConverter                                  : loaded 2 times (x 87B)
Class com.google.common.collect.Maps$8                                                : loaded 2 times (x 79B)
Class org.jetbrains.kotlin.metadata.ProtoBuf$VersionRequirementTable                  : loaded 2 times (x 104B)
Class org.jetbrains.kotlin.protobuf.LazyField                                         : loaded 2 times (x 80B)
Class org.jetbrains.kotlin.load.kotlin.header.ReadKotlinClassHeaderAnnotationVisitor  : loaded 2 times (x 77B)
Class kotlin.sequences.SequencesKt__SequencesJVMKt                                    : loaded 2 times (x 68B)
Class kotlin.collections.AbstractList                                                 : loaded 2 times (x 194B)
Class kotlin.collections.AbstractCollection                                           : loaded 2 times (x 114B)
Class jdk.internal.jimage.ImageReader$Directory                                       : loaded 2 times (x 81B)
Class Build_gradle$3                                                                  : loaded 2 times (x 71B)
Class org.jetbrains.kotlin.gradle.tasks.configuration.AbstractKotlinCompileConfig$1$4 : loaded 2 times (x 72B)
Class com.google.common.collect.ImmutableRangeSet$Builder                             : loaded 2 times (x 74B)
Class [Lcom.google.common.collect.Iterators$EmptyModifiableIterator;                  : loaded 2 times (x 66B)
Class org.jetbrains.kotlin.gradle.plugin.diagnostics.CheckKotlinGradlePluginConfigurationErrors: loaded 2 times (x 314B)
Class org.jetbrains.kotlin.gradle.plugin.sources.DefaultKotlinSourceSetKt             : loaded 2 times (x 68B)
Class org.jetbrains.kotlin.gradle.dsl.KotlinJvmOptions                                : loaded 2 times (x 67B)
Class org.jetbrains.kotlin.gradle.plugin.mpp.HierarchyAttributeContainer$1            : loaded 2 times (x 75B)
Class org.jetbrains.kotlin.gradle.plugin.KotlinPluginLifecycle                        : loaded 2 times (x 67B)
Class org.jetbrains.kotlin.gradle.plugin.KotlinJsPluginWrapper                        : loaded 2 times (x 83B)
Class org.jetbrains.kotlin.gradle.dsl.ToolchainSupport                                : loaded 2 times (x 67B)
Class org.jetbrains.kotlin.tooling.core.Extras                                        : loaded 2 times (x 67B)
Class org.jetbrains.kotlin.gradle.plugin.mpp.InternalKotlinTarget                     : loaded 2 times (x 67B)
Class org.jetbrains.kotlin.statistics.metrics.NumberAnonymizationPolicy$RANDOM_10_PERCENT: loaded 2 times (x 82B)
Class org.jetbrains.kotlin.statistics.metrics.StringMetrics                           : loaded 2 times (x 77B)
Class com.google.common.collect.Sets$SetView                                          : loaded 2 times (x 135B)
Class com.google.common.cache.LocalCache$StrongValueReference                         : loaded 2 times (x 87B)
Class com.google.common.util.concurrent.AbstractFuture$SynchronizedHelper             : loaded 2 times (x 75B)
Class com.google.common.base.CharMatcher$Invisible                                    : loaded 2 times (x 109B)
Class org.jetbrains.kotlin.descriptors.DescriptorVisibilities$10                      : loaded 2 times (x 73B)
Class kotlin.collections.ArrayAsCollection                                            : loaded 2 times (x 102B)
Class org.jetbrains.kotlin.metadata.ProtoBuf$TypeParameter$1                          : loaded 2 times (x 141B)
Class org.jetbrains.org.objectweb.asm.tree.LineNumberNode                             : loaded 2 times (x 76B)
Class org.jetbrains.kotlin.utils.StringsKt                                            : loaded 2 times (x 68B)
Class kotlin.LazyKt__LazyKt                                                           : loaded 2 times (x 68B)
Class kotlin.text.StringsKt__StringBuilderJVMKt                                       : loaded 2 times (x 68B)
Class com.google.common.graph.SuccessorsFunction                                      : loaded 2 times (x 67B)
Class org.jetbrains.kotlin.gradle.tasks.CompilerPluginOptions                         : loaded 2 times (x 69B)
Class org.jetbrains.kotlin.gradle.tasks.configuration.AbstractKotlinCompileConfig$1$5 : loaded 2 times (x 72B)
Class org.apache.commons.compress.archivers.zip.UnicodeCommentExtraField              : loaded 2 times (x 90B)
Class [Lcom.google.gson.stream.JsonToken;                                             : loaded 2 times (x 66B)
Class org.jetbrains.kotlin.gradle.dsl.KotlinCommonCompilerOptionsHelper               : loaded 2 times (x 68B)
Class org.jetbrains.kotlin.gradle.plugin.KotlinJvmPlugin$Companion                    : loaded 2 times (x 68B)
Class org.jetbrains.kotlin.gradle.plugin.diagnostics.KotlinToolingDiagnostics         : loaded 2 times (x 68B)
Class org.jetbrains.kotlin.gradle.artifacts.KotlinMetadataArtifactKt                  : loaded 2 times (x 68B)
Class org.jetbrains.kotlin.gradle.targets.CreateArtifactsSideEffectKt$CreateArtifactsSideEffect$1: loaded 2 times (x 71B)
Class org.jetbrains.kotlin.gradle.internal.properties.PropertiesBuildService$property$1$valueFromGradleAndLocalProperties$1: loaded 2 times (x 72B)
Class org.jetbrains.kotlin.gradle.plugin.KotlinPluginWrapperKt$kotlinToolingVersion$2 : loaded 2 times (x 75B)
Class org.objectweb.asm.Type                                                          : loaded 2 times (x 69B)
Class org.jetbrains.kotlin.descriptors.DescriptorVisibilities$11                      : loaded 2 times (x 73B)
Class org.jetbrains.kotlin.metadata.deserialization.BinaryVersion$Companion           : loaded 2 times (x 68B)
Class kotlin.UNINITIALIZED_VALUE                                                      : loaded 2 times (x 68B)
Class [Lorg.jetbrains.kotlin.config.JVMAssertionsMode;                                : loaded 2 times (x 66B)
Class org.jetbrains.kotlin.config.JVMAssertionsMode                                   : loaded 2 times (x 76B)
Class org.gradle.internal.classloader.VisitableURLClassLoader$InstrumentingVisitableURLClassLoader: loaded 2 times (x 120B)
Class com.google.common.collect.MapMakerInternalMap$StrongKeyDummyValueEntry$Helper   : loaded 2 times (x 76B)
Class com.google.common.io.Files$FileByteSink                                         : loaded 2 times (x 74B)
Class org.jetbrains.kotlin.gradle.tasks.configuration.AbstractKotlinCompileConfig$1$6 : loaded 2 times (x 72B)
Class [Lorg.jetbrains.kotlin.gradle.tasks.KotlinCompilerExecutionStrategy;            : loaded 2 times (x 66B)
Class org.jetbrains.kotlin.gradle.tasks.FailedCompilationException                    : loaded 2 times (x 79B)
Class org.jetbrains.kotlin.gradle.plugin.mpp.compilationImpl.KotlinCompilationImpl$associateWith$2: loaded 2 times (x 76B)
Class org.jetbrains.kotlin.gradle.plugin.hierarchy.KotlinSourceSetTreeClassifier      : loaded 2 times (x 67B)
Class org.jetbrains.kotlin.gradle.plugin.mpp.compilationImpl.KotlinCompilationAssociator: loaded 2 times (x 67B)
Class org.apache.commons.compress.archivers.zip.X0016_CertificateIdForCentralDirectory: loaded 2 times (x 90B)
Class org.jetbrains.kotlin.konan.target.UtilsKt$evaluatePresetName$1                  : loaded 2 times (x 75B)
Class org.jetbrains.kotlin.gradle.plugin.mpp.KotlinNativeTarget                       : loaded 2 times (x 170B)
Class org.jetbrains.kotlin.gradle.plugin.diagnostics.checkers.KotlinSourceSetTreeDependsOnMismatchChecker$runChecks$1: loaded 2 times (x 85B)
Class org.jetbrains.kotlin.gradle.plugin.diagnostics.checkers.PreHmppDependenciesUsageChecker$runChecks$1: loaded 2 times (x 85B)
Class org.jetbrains.kotlin.gradle.utils.ProjectExtensionsKt                           : loaded 2 times (x 68B)
Class org.jetbrains.kotlin.gradle.plugin.KotlinSourceSetTree$Companion                : loaded 2 times (x 68B)
Class org.jetbrains.kotlin.gradle.plugin.diagnostics.KotlinGradleProjectChecker$Companion: loaded 2 times (x 68B)
Class org.jetbrains.kotlin.gradle.plugin.KotlinGradleBuildServices$Parameters         : loaded 2 times (x 67B)
Class org.jetbrains.kotlin.gradle.plugin.statistics.BuildFusService$Companion$registerIfAbsent$1$1$1: loaded 2 times (x 72B)
Class org.jetbrains.kotlin.statistics.fileloggers.MetricsContainer$Companion          : loaded 2 times (x 68B)
Class org.objectweb.asm.ByteVector                                                    : loaded 2 times (x 76B)
Class [Lcom.google.common.cache.CacheBuilder$NullListener;                            : loaded 2 times (x 66B)
Class com.google.common.math.IntMath$1                                                : loaded 2 times (x 68B)
Class org.jetbrains.kotlin.descriptors.DescriptorVisibilities$12                      : loaded 2 times (x 73B)
Class org.jetbrains.kotlin.metadata.ProtoBuf$ClassOrBuilder                           : loaded 2 times (x 67B)
Class org.jetbrains.kotlin.metadata.ProtoBuf$ValueParameter                           : loaded 2 times (x 125B)
Class kotlin.comparisons.ComparisonsKt__ComparisonsKt                                 : loaded 2 times (x 68B)
Class kotlin.ranges.RangesKt__RangesKt                                                : loaded 2 times (x 68B)
Class kotlin.collections.SetsKt___SetsKt                                              : loaded 2 times (x 68B)
Class kotlin.sequences.SequencesKt__SequencesKt                                       : loaded 2 times (x 68B)
Class org.gradle.internal.classloader.VisitableURLClassLoader$Spec                    : loaded 2 times (x 71B)
Class org.gradle.internal.classpath.DefaultClassPath                                  : loaded 2 times (x 87B)
Class org.jetbrains.kotlin.gradle.plugin.mpp.compilationImpl.KotlinCompilationSourceSetInclusion$AddSourcesToCompileTask: loaded 2 times (x 67B)
Class org.jetbrains.kotlin.konan.target.Architecture                                  : loaded 2 times (x 76B)
Class [Lorg.jetbrains.kotlin.gradle.plugin.HasProject;                                : loaded 2 times (x 66B)
Class org.jetbrains.kotlin.gradle.utils.MutableObservableSetImpl                      : loaded 2 times (x 160B)
Class org.jetbrains.kotlin.gradle.tasks.KotlinTasksProvider                           : loaded 2 times (x 69B)
Class org.jetbrains.kotlin.gradle.plugin.KotlinJsCompilerTypeHolder                   : loaded 2 times (x 67B)
Class org.jetbrains.kotlin.gradle.dsl.DefaultToolchainSupport$wireToolchainToTasks$1  : loaded 2 times (x 72B)
Class org.jetbrains.kotlin.gradle.dsl.KotlinCommonCompilerOptions                     : loaded 2 times (x 67B)
Class com.google.common.io.LineReader                                                 : loaded 2 times (x 69B)
Class org.jetbrains.kotlin.gradle.internal.properties.PropertiesBuildService$MemoizedCallable: loaded 2 times (x 72B)
Class org.objectweb.asm.Symbol                                                        : loaded 2 times (x 70B)
Class com.google.common.base.AbstractIterator                                         : loaded 2 times (x 77B)
Class org.jetbrains.org.objectweb.asm.Handler                                         : loaded 2 times (x 69B)
Class org.jetbrains.kotlin.metadata.ProtoBuf$TypeAlias$1                              : loaded 2 times (x 141B)
Class org.jetbrains.kotlin.metadata.ProtoBuf$Annotation$Argument$ValueOrBuilder       : loaded 2 times (x 67B)
Class kotlin.comparisons.ComparisonsKt                                                : loaded 2 times (x 68B)
Class kotlin.comparisons.ComparisonsKt___ComparisonsKt                                : loaded 2 times (x 68B)
Class kotlin.sequences.FilteringSequence                                              : loaded 2 times (x 72B)
Class jdk.internal.jimage.decompressor.ZipDecompressorFactory                         : loaded 2 times (x 71B)
Class com.google.common.io.Closer                                                     : loaded 2 times (x 75B)
Class org.jetbrains.kotlin.gradle.tasks.AbstractKotlinCompile$friendPathsSet$1        : loaded 2 times (x 72B)
Class org.jetbrains.kotlin.build.report.metrics.BuildAttributes                       : loaded 2 times (x 69B)
Class org.jetbrains.kotlin.gradle.plugin.cocoapods.KotlinCocoapodsPlugin$Companion    : loaded 2 times (x 68B)
Class org.jetbrains.kotlin.gradle.plugin.mpp.compilationImpl.KotlinCompilationImpl    : loaded 2 times (x 137B)
Class [Lorg.jetbrains.kotlin.gradle.plugin.mpp.compilationImpl.factory.KotlinCompilationImplFactory$PostConfigure;: loaded 2 times (x 66B)
Class [Lorg.apache.commons.compress.archivers.ArchiveEntry;                           : loaded 2 times (x 66B)
Class com.google.common.io.Java8Compatibility                                         : loaded 2 times (x 68B)
Class org.jetbrains.kotlin.konan.target.KonanTarget$MACOS_X64                         : loaded 2 times (x 75B)
Class org.jetbrains.kotlin.konan.util.Named                                           : loaded 2 times (x 67B)
Class org.jetbrains.kotlin.gradle.plugin.KotlinSourceSet$Companion                    : loaded 2 times (x 68B)
Class [Lorg.jetbrains.kotlin.gradle.report.BuildReportMode;                           : loaded 2 times (x 66B)
Class org.jetbrains.kotlin.statistics.metrics.BooleanOverridePolicy                   : loaded 2 times (x 82B)
Class com.google.common.collect.RegularImmutableMap$Values                            : loaded 2 times (x 204B)
Class com.google.common.collect.ImmutableSet                                          : loaded 2 times (x 142B)
Class com.google.common.base.CharMatcher$Ascii                                        : loaded 2 times (x 109B)
Class com.google.common.base.CharMatcher$BitSetMatcher                                : loaded 2 times (x 109B)
Class org.jetbrains.kotlin.gradle.plugin.AbstractKotlinAndroidPluginWrapper           : loaded 2 times (x 83B)
Class org.jetbrains.kotlin.metadata.ProtoBuf$Visibility                               : loaded 2 times (x 79B)
Class org.jetbrains.kotlin.metadata.jvm.deserialization.JvmMemberSignature$Field      : loaded 2 times (x 72B)
Class org.jetbrains.kotlin.metadata.ProtoBuf$ConstructorOrBuilder                     : loaded 2 times (x 67B)
Class org.jetbrains.kotlin.metadata.jvm.JvmProtoBuf                                   : loaded 2 times (x 68B)
Class org.jetbrains.kotlin.config.ApiVersion$Companion                                : loaded 2 times (x 68B)
Class org.gradle.internal.classloader.ClassLoaderSpec                                 : loaded 2 times (x 68B)
Class org.jetbrains.kotlin.gradle.tasks.DefaultKotlinJavaToolchain$DefaultJavaToolchainSetter: loaded 2 times (x 72B)
Class org.jetbrains.kotlin.build.report.metrics.BuildAttributeKind                    : loaded 2 times (x 76B)
Class org.jetbrains.kotlin.gradle.plugin.mpp.KotlinCompilationsKt$moduleNameForCompilation$1: loaded 2 times (x 72B)
Class org.jetbrains.kotlin.gradle.plugin.sources.KotlinDependencyScopeKt              : loaded 2 times (x 68B)
Class org.jetbrains.kotlin.gradle.plugin.diagnostics.TransformActionUsingKotlinToolingDiagnostics$Parameters: loaded 2 times (x 67B)
Class org.jetbrains.kotlin.compilerRunner.CompilerSystemPropertiesService$Companion$registerIfAbsent$2$1: loaded 2 times (x 76B)
Class org.jetbrains.kotlin.gradle.plugin.mpp.KotlinCompilationsKt$addSourcesToKotlinCompileTask$1: loaded 2 times (x 72B)
Class org.apache.commons.compress.archivers.zip.ZipEncoding                           : loaded 2 times (x 67B)
Class org.jetbrains.kotlin.gradle.internal.KotlinDependenciesManagementKt$configureDefaultVersionsResolutionStrategy$1$1: loaded 2 times (x 72B)
Class org.jetbrains.kotlin.gradle.utils.KotlinExtensionUtilsKt$forAllTargets$1        : loaded 2 times (x 92B)
Class org.jetbrains.kotlin.gradle.plugin.diagnostics.CheckKotlinGradlePluginConfigurationErrorsKt$locateOrRegisterCheckKotlinGradlePluginErrorsTask$taskProvider$1: loaded 2 times (x 72B)
Class org.jetbrains.kotlin.gradle.plugin.diagnostics.checkers.OverriddenKotlinNativeHomeChecker$StdlibExistenceCheckerValueSource$Params: loaded 2 times (x 67B)
Class org.jetbrains.kotlin.gradle.dsl.PlatformSourceSetConventionsChecker$nativeTargetPresets$1$1: loaded 2 times (x 76B)
Class org.jetbrains.kotlin.gradle.tooling.BuildKotlinToolingMetadataTaskKt$buildKotlinToolingMetadataTask$1: loaded 2 times (x 75B)
Class org.jetbrains.kotlin.gradle.internal.Kapt3GradleSubplugin$Companion             : loaded 2 times (x 68B)
Class org.jetbrains.kotlin.gradle.plugin.mpp.compilationImpl.KotlinCreateCompilationArchiveTaskKt$KotlinRegisterCompilationArchiveTasksExtension$1: loaded 2 times (x 71B)
Class [Lorg.jetbrains.kotlin.statistics.metrics.NumberOverridePolicy;                 : loaded 2 times (x 66B)
Class org.jetbrains.kotlin.gradle.internal.properties.PropertiesBuildService$GradleProperty: loaded 2 times (x 67B)
Class org.jetbrains.kotlin.gradle.utils.StoredPropertyKt$projectStoredProperty$1      : loaded 2 times (x 75B)
Class org.objectweb.asm.AnnotationWriter                                              : loaded 2 times (x 76B)
Class com.google.common.cache.CacheStats                                              : loaded 2 times (x 68B)
Class org.jetbrains.kotlin.descriptors.DeclarationDescriptorWithVisibility            : loaded 2 times (x 67B)
Class org.jetbrains.kotlin.protobuf.SmallSortedMap                                    : loaded 2 times (x 127B)
Class org.jetbrains.org.objectweb.asm.tree.AbstractInsnNode                           : loaded 2 times (x 75B)
Class kotlin.collections.CollectionsKt___CollectionsJvmKt                             : loaded 2 times (x 68B)
Class com.google.common.collect.ImmutableMultisetGwtSerializationDependencies         : loaded 2 times (x 122B)
Class com.google.common.collect.Interners                                             : loaded 2 times (x 68B)
Class com.google.common.io.Closer$Suppressor                                          : loaded 2 times (x 67B)
Class com.google.common.io.LineProcessor                                              : loaded 2 times (x 67B)
Class org.jetbrains.kotlin.gradle.tasks.K2MultiplatformStructure$RefinesEdge          : loaded 2 times (x 69B)
Class org.jetbrains.kotlin.gradle.plugin.mpp.SyncLanguageSettingsWithKotlinExtensionSetupActionKt$SyncLanguageSettingsWithKotlinExtensionSetupAction$1$1: loaded 2 times (x 72B)
Class org.jetbrains.kotlin.gradle.tasks.configuration.TaskConfigAction$configureTask$1: loaded 2 times (x 76B)
Class [Lorg.apache.commons.compress.archivers.zip.ZipArchiveEntry$CommentSource;      : loaded 2 times (x 66B)
Class org.apache.http.util.Args                                                       : loaded 2 times (x 68B)
Class com.google.common.collect.AbstractMapBasedMultimap$2                            : loaded 2 times (x 82B)
Class org.jetbrains.kotlin.gradle.plugin.diagnostics.checkers.DuplicateSourceSetChecker$runChecks$1: loaded 2 times (x 85B)
Class org.jetbrains.kotlin.gradle.plugin.diagnostics.ToolingDiagnostic$Severity       : loaded 2 times (x 76B)
Class org.jetbrains.kotlin.gradle.dsl.JvmTarget                                       : loaded 2 times (x 76B)
Class org.jetbrains.kotlin.gradle.internal.ClassLoadersCachingBuildService            : loaded 2 times (x 73B)
Class org.jetbrains.kotlin.gradle.plugin.VariantImplementationFactories$Inject        : loaded 2 times (x 103B)
Class org.jetbrains.kotlin.gradle.plugin.VariantImplementationFactoriesConfigurator$Companion: loaded 2 times (x 68B)
Class org.objectweb.asm.RecordComponentWriter                                         : loaded 2 times (x 75B)
Class com.google.common.util.concurrent.AbstractFuture$Listener                       : loaded 2 times (x 69B)
Class com.google.common.base.CharMatcher$Or                                           : loaded 2 times (x 109B)
Class kotlin.Unit                                                                     : loaded 2 times (x 68B)
Class kotlin.TuplesKt                                                                 : loaded 2 times (x 68B)
Class org.jetbrains.kotlin.protobuf.SmallSortedMap$EmptySet                           : loaded 2 times (x 68B)
Class org.jetbrains.kotlin.protobuf.MessageLite                                       : loaded 2 times (x 67B)
Class org.jetbrains.kotlin.load.kotlin.header.KotlinClassHeader$Kind$Companion        : loaded 2 times (x 68B)
Class kotlin.sequences.SequencesKt___SequencesJvmKt                                   : loaded 2 times (x 68B)
Class org.jetbrains.kotlin.config.MavenComparableVersion$ListItem                     : loaded 2 times (x 215B)
Class Settings_gradle$1$1                                                             : loaded 2 times (x 71B)
Class [Lorg.objectweb.asm.Label;                                                      : loaded 2 times (x 66B)
Class [Lorg.jetbrains.kotlin.compilerRunner.KotlinCompilerArgumentsLogLevel;          : loaded 2 times (x 66B)
Class org.jetbrains.kotlin.gradle.tasks.KotlinCompile_Decorated                       : loaded 2 times (x 596B)
Class org.jetbrains.kotlin.gradle.plugin.mpp.SyncLanguageSettingsWithKotlinExtensionSetupActionKt$SyncLanguageSettingsWithKotlinExtensionSetupAction$1$2: loaded 2 times (x 72B)
Class org.jetbrains.kotlin.gradle.plugin.internal.BuildIdService$Companion            : loaded 2 times (x 68B)
Class com.google.common.collect.ForwardingSet                                         : loaded 2 times (x 148B)
Class org.jetbrains.kotlin.gradle.plugin.diagnostics.checkers.OverriddenKotlinNativeHomeChecker$StdlibExistenceCheckerValueSource$Companion: loaded 2 times (x 68B)
Class org.jetbrains.kotlin.gradle.targets.js.dsl.KotlinWasmSubTargetContainerDsl      : loaded 2 times (x 67B)
Class org.jetbrains.kotlin.gradle.plugin.diagnostics.checkers.WasmWasiEnvironmentChecker$1: loaded 2 times (x 75B)
Class org.jetbrains.kotlin.gradle.plugin.diagnostics.checkers.DisabledCinteropCommonizationInHmppProjectChecker: loaded 2 times (x 71B)
Class org.jetbrains.kotlin.gradle.plugin.diagnostics.checkers.NoKotlinTargetsDeclaredChecker: loaded 2 times (x 71B)
Class org.jetbrains.kotlin.gradle.utils.StoredPropertyStorage                         : loaded 2 times (x 69B)
Class org.jetbrains.kotlin.gradle.plugin.KotlinSourceSetContainer                     : loaded 2 times (x 67B)
Class org.objectweb.asm.Attribute                                                     : loaded 2 times (x 74B)
Class com.google.common.base.Supplier                                                 : loaded 2 times (x 67B)
Class org.jetbrains.kotlin.cli.common.ModuleVisibilityHelperImpl                      : loaded 2 times (x 71B)
Class kotlin.ranges.RangesKt                                                          : loaded 2 times (x 68B)
Class [Lorg.jetbrains.kotlin.utils.DescriptionAware;                                  : loaded 2 times (x 66B)
Class org.gradle.internal.classloader.VisitableURLClassLoader                         : loaded 2 times (x 114B)
Class org.apache.commons.compress.archivers.zip.UnparseableExtraFieldBehavior         : loaded 2 times (x 67B)
Class org.jetbrains.kotlin.gradle.plugin.statistics.plugins.ObservablePlugins         : loaded 2 times (x 76B)
Class org.jetbrains.kotlin.gradle.plugin.sources.InternalKotlinSourceSetKt$awaitPlatformCompilations$1: loaded 2 times (x 85B)
Class [Lorg.jetbrains.kotlin.gradle.plugin.sources.KotlinDependencyScope;             : loaded 2 times (x 66B)
Class org.jetbrains.kotlin.gradle.tasks.configuration.BaseKotlinCompileConfig$configureCommonParameters$1: loaded 2 times (x 71B)
Class org.jetbrains.kotlin.gradle.plugin.mpp.compilationImpl.factory.ConfigurationNaming: loaded 2 times (x 67B)
Class org.jetbrains.kotlin.gradle.plugin.mpp.compilationImpl.DefaultKotlinCompilationPostConfigureKt: loaded 2 times (x 68B)
Class org.apache.commons.compress.archivers.zip.ExtraFieldUtils                       : loaded 2 times (x 68B)
Class org.jetbrains.kotlin.konan.target.KonanTarget$WATCHOS_X64                       : loaded 2 times (x 75B)
Class org.jetbrains.kotlin.gradle.plugin.diagnostics.KotlinGradleProjectCheckersRunnerKt: loaded 2 times (x 68B)
Class [Lorg.jetbrains.kotlin.tooling.core.HasExtras;                                  : loaded 2 times (x 66B)
Class org.jetbrains.kotlin.gradle.plugin.diagnostics.checkers.IncorrectCompileOnlyDependenciesChecker: loaded 2 times (x 71B)
Class org.jetbrains.kotlin.gradle.plugin.diagnostics.checkers.WasmWasiEnvironmentChecker$2: loaded 2 times (x 75B)
Class org.jetbrains.kotlin.gradle.artifacts.KotlinLegacyCompatibilityMetadataArtifactKt$KotlinLegacyCompatibilityMetadataArtifact$1: loaded 2 times (x 71B)
Class org.jetbrains.kotlin.gradle.dsl.DefaultToolchainSupport$wireToolchainToTasks$1$1: loaded 2 times (x 72B)
Class org.jetbrains.kotlin.gradle.utils.SingleActionPerProject                        : loaded 2 times (x 70B)
Class com.google.common.util.concurrent.AbstractFuture$Waiter                         : loaded 2 times (x 69B)
Class org.jetbrains.kotlin.gradle.plugin.DefaultKotlinBasePlugin                      : loaded 2 times (x 79B)
Class kotlin.collections.ArraysUtilJVM                                                : loaded 2 times (x 68B)
Class kotlin.jvm.functions.Function0                                                  : loaded 2 times (x 67B)
Class org.jetbrains.kotlin.utils.SmartList                                            : loaded 2 times (x 198B)
Class org.gradle.internal.Cast                                                        : loaded 2 times (x 68B)
Class org.gradle.api.Action                                                           : loaded 2 times (x 67B)
Class com.google.common.collect.MapMakerInternalMap                                   : loaded 2 times (x 158B)
Class com.google.common.collect.HashBiMap                                             : loaded 2 times (x 140B)
Class org.jetbrains.kotlin.gradle.tasks.configuration.BaseKotlinCompileConfig$configureCommonParameters$2: loaded 2 times (x 72B)
Class org.jetbrains.kotlin.gradle.plugin.mpp.compilationImpl.KotlinCompilationCompilerOptionsFromTargetConfigurator: loaded 2 times (x 71B)
Class com.google.common.base.Strings                                                  : loaded 2 times (x 68B)
Class org.jetbrains.kotlin.gradle.utils.FailuresKt$ideaSyncClasspathModeUtil$1        : loaded 2 times (x 69B)
Class org.jetbrains.kotlin.gradle.plugin.diagnostics.KotlinToolingDiagnosticsCollector$Inject: loaded 2 times (x 93B)
Class org.jetbrains.kotlin.gradle.artifacts.KotlinJsKlibArtifactKt                    : loaded 2 times (x 68B)
Class org.jetbrains.kotlin.gradle.dsl.KotlinTargetContainerWithWasmPresetFunctions    : loaded 2 times (x 67B)
Class org.jetbrains.kotlin.gradle.plugin.GradleUtilsKt                                : loaded 2 times (x 68B)
Class org.jetbrains.kotlin.gradle.internal.properties.PropertiesBuildService          : loaded 2 times (x 73B)
Class com.google.common.collect.Sets                                                  : loaded 2 times (x 68B)
Class org.objectweb.asm.Handler                                                       : loaded 2 times (x 69B)
Class com.google.common.base.Ticker                                                   : loaded 2 times (x 69B)
Class com.google.common.base.CharMatcher$FastMatcher                                  : loaded 2 times (x 108B)
Class [Lorg.jetbrains.kotlin.metadata.ProtoBuf$VersionRequirement$VersionKind;        : loaded 2 times (x 66B)
Class org.jetbrains.kotlin.protobuf.CodedOutputStream                                 : loaded 2 times (x 69B)
Class org.jetbrains.kotlin.metadata.ProtoBuf$Annotation                               : loaded 2 times (x 106B)
Class org.jetbrains.org.objectweb.asm.tree.TypeInsnNode                               : loaded 2 times (x 75B)
Class kotlin.jvm.functions.Function1                                                  : loaded 2 times (x 67B)
Class jdk.internal.jimage.decompressor.ZipDecompressor                                : loaded 2 times (x 72B)
Class org.jetbrains.kotlin.gradle.tasks.KotlinCompile$javaSources$1                   : loaded 2 times (x 72B)
Class org.jetbrains.kotlin.incremental.IncrementalCompilationFeatures                 : loaded 2 times (x 68B)
Class org.jetbrains.kotlin.gradle.plugin.diagnostics.KotlinToolingDiagnosticsCollector: loaded 2 times (x 73B)
Class org.jetbrains.kotlin.gradle.plugin.mpp.compilationImpl.KotlinCreateCompilationArchiveTaskKt: loaded 2 times (x 68B)
Class org.jetbrains.kotlin.tooling.core.MutableExtrasImpl                             : loaded 2 times (x 162B)
Class org.jetbrains.kotlin.gradle.plugin.statistics.KotlinBuildStatsMXBean            : loaded 2 times (x 67B)
Class org.jetbrains.kotlin.gradle.utils.FileUtilsKt                                   : loaded 2 times (x 68B)
Class [Lcom.google.common.cache.LocalCache$Segment;                                   : loaded 2 times (x 66B)
Class [Lcom.google.common.cache.LocalCache$Strength;                                  : loaded 2 times (x 66B)
Class com.google.common.cache.CacheBuilder$1                                          : loaded 2 times (x 82B)
Class com.google.common.collect.ImmutableMap                                          : loaded 2 times (x 117B)
Class com.google.common.base.Predicate                                                : loaded 2 times (x 67B)
Class [Lorg.jetbrains.kotlin.metadata.jvm.JvmProtoBuf$StringTableTypes$Record$Operation;: loaded 2 times (x 66B)
Class [Lorg.jetbrains.kotlin.load.kotlin.header.KotlinClassHeader$Kind;               : loaded 2 times (x 66B)
Class kotlin.jvm.functions.Function2                                                  : loaded 2 times (x 67B)
Class org.gradle.internal.classpath.DefaultClassPath$ImmutableUniqueList$Builder      : loaded 2 times (x 72B)
Class com.google.common.collect.MapMakerInternalMap$WeakValueReference                : loaded 2 times (x 67B)
Class org.jetbrains.kotlin.gradle.plugin.mpp.KotlinCompilationFactory$DefaultImpls    : loaded 2 times (x 68B)
Class com.google.gson.stream.JsonToken                                                : loaded 2 times (x 76B)
Class com.google.common.collect.AbstractRangeSet                                      : loaded 2 times (x 111B)
Class org.jetbrains.kotlin.gradle.plugin.diagnostics.checkers.InternalGradlePropertiesUsageChecker: loaded 2 times (x 71B)
Class org.jetbrains.kotlin.gradle.plugin.mpp.compilationImpl.CreateCInteropTasksSideEffectKt: loaded 2 times (x 68B)
Class org.jetbrains.kotlin.gradle.targets.metadata.KotlinMetadataTargetConfiguratorKt : loaded 2 times (x 68B)
Class org.jetbrains.kotlin.gradle.testing.internal.KotlinTestsRegistry$Companion      : loaded 2 times (x 68B)
Class org.jetbrains.kotlin.gradle.dsl.KotlinCommonCompilerToolOptions                 : loaded 2 times (x 67B)
Class org.jetbrains.kotlin.gradle.internal.ClassLoadersCachingBuildService$Companion$registerIfAbsent$1$1: loaded 2 times (x 76B)
Class org.jetbrains.kotlin.gradle.internal.properties.PropertiesBuildService$Companion$registerIfAbsent$1: loaded 2 times (x 72B)
Class org.jetbrains.kotlin.gradle.plugin.internal.DefaultConfigurationCacheStartParameterAccessorVariantFactory: loaded 2 times (x 73B)
Class com.google.common.cache.LocalCache                                              : loaded 2 times (x 184B)
Class com.google.common.cache.CacheBuilder$2                                          : loaded 2 times (x 69B)
Class com.google.common.base.CharMatcher$NegatedFastMatcher                           : loaded 2 times (x 110B)
Class org.jetbrains.kotlin.serialization.deserialization.ProtoEnumFlags               : loaded 2 times (x 68B)
Class org.jetbrains.kotlin.protobuf.Internal$EnumLite                                 : loaded 2 times (x 67B)
Class kotlin.jvm.functions.Function3                                                  : loaded 2 times (x 67B)
Class kotlin.collections.MapsKt___MapsJvmKt                                           : loaded 2 times (x 68B)
Class Build_gradle$inlined$sam$i$org_gradle_api_Action$0                              : loaded 2 times (x 72B)
Class org.jetbrains.kotlin.build.report.metrics.BuildPerformanceMetrics$Companion     : loaded 2 times (x 68B)
Class org.jetbrains.kotlin.cli.common.arguments.K2JVMCompilerArguments                : loaded 2 times (x 78B)
Class org.jetbrains.kotlin.gradle.plugin.mpp.compilationImpl.DefaultKotlinCompilationSourceSetsContainer$source$1: loaded 2 times (x 76B)
Class org.apache.commons.compress.archivers.zip.CharsetAccessor                       : loaded 2 times (x 67B)
Class org.jetbrains.kotlin.gradle.internal.KotlinTestDependencyManagementKt           : loaded 2 times (x 68B)
Class org.jetbrains.kotlin.konan.target.KonanTarget$ANDROID_X64                       : loaded 2 times (x 75B)
Class [Lorg.jetbrains.kotlin.gradle.plugin.sources.ConsistencyCheck;                  : loaded 2 times (x 66B)
Class org.jetbrains.kotlin.gradle.report.ReportingSettings                            : loaded 2 times (x 69B)
Class org.jetbrains.kotlin.statistics.metrics.StringAnonymizationPolicy$ComponentVersionAnonymizer: loaded 2 times (x 75B)
Class [Lcom.google.common.collect.AbstractMapEntry;                                   : loaded 2 times (x 66B)
Class com.google.common.collect.ImmutableEntry                                        : loaded 2 times (x 79B)
Class com.google.common.collect.ArrayListMultimap                                     : loaded 2 times (x 169B)
Class com.google.common.base.AbstractIterator$1                                       : loaded 2 times (x 68B)
Class com.google.common.base.CharMatcher$Digit                                        : loaded 2 times (x 109B)
Class org.jetbrains.kotlin.gradle.plugin.KotlinBasePluginWrapper                      : loaded 2 times (x 83B)
Class org.jetbrains.kotlin.protobuf.RopeByteString                                    : loaded 2 times (x 107B)
Class kotlin.collections.EmptySet                                                     : loaded 2 times (x 119B)
Class org.jetbrains.kotlin.metadata.jvm.deserialization.JvmNameResolverBase           : loaded 2 times (x 77B)
Class org.jetbrains.org.objectweb.asm.tree.IincInsnNode                               : loaded 2 times (x 75B)
Class org.jetbrains.org.objectweb.asm.tree.MultiANewArrayInsnNode                     : loaded 2 times (x 76B)
Class kotlin.collections.CollectionsKt___CollectionsKt                                : loaded 2 times (x 68B)
Class org.jetbrains.kotlin.config.LanguageVersion                                     : loaded 2 times (x 88B)
Class org.gradle.api.GradleException                                                  : loaded 2 times (x 79B)
Class com.google.common.base.Suppliers$MemoizingSupplier                              : loaded 2 times (x 76B)
Class org.apache.commons.compress.archivers.zip.NioZipEncoding                        : loaded 2 times (x 81B)
Class org.jetbrains.kotlin.gradle.plugin.diagnostics.KotlinToolingDiagnostics$JsEnvironmentNotChosenExplicitly: loaded 2 times (x 70B)
Class org.jetbrains.kotlin.gradle.plugin.ProjectLocalConfigurations$ProjectLocalCompatibility: loaded 2 times (x 73B)
Class org.jetbrains.kotlin.gradle.dsl.KotlinJvmCompilerOptions                        : loaded 2 times (x 67B)
Class org.jetbrains.kotlin.gradle.plugin.internal.DefaultProjectIsolationStartParameterAccessor$Factory: loaded 2 times (x 73B)
Class com.google.common.collect.CollectPreconditions                                  : loaded 2 times (x 68B)
Class com.google.common.base.CharMatcher$JavaIsoControl                               : loaded 2 times (x 109B)
Class kotlin.reflect.KDeclarationContainer                                            : loaded 2 times (x 67B)
Class org.jetbrains.org.objectweb.asm.SymbolTable$Entry                               : loaded 2 times (x 71B)
Class org.jetbrains.org.objectweb.asm.tree.LocalVariableAnnotationNode                : loaded 2 times (x 78B)
Class org.jetbrains.kotlin.metadata.deserialization.BinaryVersion                     : loaded 2 times (x 71B)
Class kotlin.text.StringsKt___StringsJvmKt                                            : loaded 2 times (x 68B)
Class jdk.internal.jimage.ImageStrings                                                : loaded 2 times (x 67B)
Class [Lcom.google.common.collect.MapMakerInternalMap$Strength;                       : loaded 2 times (x 66B)
Class [Lcom.google.common.io.FileWriteMode;                                           : loaded 2 times (x 66B)
Class org.jetbrains.kotlin.buildtools.api.SourcesChanges                              : loaded 2 times (x 67B)
Class org.jetbrains.kotlin.konan.target.HostManager$Companion$targetAliases$2         : loaded 2 times (x 75B)
Class org.jetbrains.kotlin.gradle.plugin.KotlinPluginLifecycleImpl$launch$1           : loaded 2 times (x 76B)
Class org.jetbrains.kotlin.gradle.utils.Completable                                   : loaded 2 times (x 69B)
Class org.jetbrains.kotlin.gradle.plugin.DefaultKotlinBasePlugin$addKotlinCompilerConfiguration$2$1: loaded 2 times (x 72B)
Class org.jetbrains.kotlin.gradle.plugin.statistics.KotlinBuildStatsServicesRegistry$Companion: loaded 2 times (x 68B)
Class org.jetbrains.kotlin.gradle.plugin.internal.DefaultCompatibilityConventionRegistrar$Factory: loaded 2 times (x 73B)
Class com.google.common.collect.SortedMapDifference                                   : loaded 2 times (x 67B)
Class com.google.common.base.CharMatcher$JavaLowerCase                                : loaded 2 times (x 108B)
Class org.jetbrains.kotlin.metadata.ProtoBuf$EnumEntry$1                              : loaded 2 times (x 141B)
Class org.jetbrains.kotlin.metadata.ProtoBuf$Type$Argument$Projection                 : loaded 2 times (x 79B)
Class org.jetbrains.org.objectweb.asm.tree.InvokeDynamicInsnNode                      : loaded 2 times (x 75B)
Class kotlin.collections.MapsKt___MapsKt                                              : loaded 2 times (x 68B)
Class kotlin.io.FilesKt                                                               : loaded 2 times (x 68B)
Class kotlin.collections.ArraysKt___ArraysKt                                          : loaded 2 times (x 68B)
Class Build_gradle$1$1                                                                : loaded 2 times (x 75B)
Class com.google.common.collect.MapMakerInternalMap$StrongKeyDummyValueSegment        : loaded 2 times (x 139B)
Class com.google.common.io.Files                                                      : loaded 2 times (x 68B)
Class com.google.common.cache.LocalCache$WriteThroughEntry                            : loaded 2 times (x 76B)
Class com.google.common.cache.LocalCache$HashIterator                                 : loaded 2 times (x 83B)
Class org.jetbrains.kotlin.gradle.tasks.DefaultKotlinJavaToolchain$DefaultJdkSetter   : loaded 2 times (x 73B)
Class org.jetbrains.kotlin.cli.common.arguments.CommonCompilerArguments               : loaded 2 times (x 77B)
Class org.jetbrains.kotlin.gradle.plugin.diagnostics.checkers.IncorrectCompileOnlyDependenciesChecker$runChecks$1: loaded 2 times (x 85B)
Class org.jetbrains.kotlin.gradle.plugin.mpp.KotlinOnlyTarget                         : loaded 2 times (x 156B)
Class org.jetbrains.kotlin.gradle.targets.js.npm.BaseNpmDependencyExtension           : loaded 2 times (x 67B)
Class org.jetbrains.kotlin.gradle.dsl.KotlinVersion$Companion                         : loaded 2 times (x 68B)
Class org.jetbrains.kotlin.gradle.InternalKotlinGradlePluginApi                       : loaded 2 times (x 67B)
Class org.jetbrains.kotlin.gradle.dsl.DefaultToolchainSupport                         : loaded 2 times (x 73B)
Class org.jetbrains.kotlin.gradle.plugin.internal.CustomPropertiesFileValueSource     : loaded 2 times (x 79B)
Class com.google.common.cache.LocalCache$EntryFactory                                 : loaded 2 times (x 80B)
Class org.jetbrains.kotlin.metadata.jvm.JvmProtoBuf$JvmPropertySignature$Builder      : loaded 2 times (x 138B)
Class [Lorg.jetbrains.org.objectweb.asm.Symbol;                                       : loaded 2 times (x 66B)
Class kotlin.collections.MapsKt__MapWithDefaultKt                                     : loaded 2 times (x 68B)
Class [Lcom.google.common.collect.MapMaker$Dummy;                                     : loaded 2 times (x 66B)
Class org.jetbrains.kotlin.gradle.tasks.TaskOutputsBackup                             : loaded 2 times (x 69B)
Class org.jetbrains.kotlin.gradle.plugin.cocoapods.KotlinCocoapodsPlugin              : loaded 2 times (x 73B)
Class org.jetbrains.kotlin.gradle.internal.CompilerOptionsDslHelpersKt                : loaded 2 times (x 68B)
Class [Lorg.apache.commons.compress.archivers.zip.ZipArchiveEntry;                    : loaded 2 times (x 66B)
Class com.google.common.collect.NullsLastOrdering                                     : loaded 2 times (x 112B)
Class org.jetbrains.kotlin.gradle.internal.StdlibDependencyManagementKt$configureStdlibVersionAlignment$1$1: loaded 2 times (x 72B)
Class org.jetbrains.kotlin.gradle.dsl.KotlinProjectExtension$awaitSourceSets$1        : loaded 2 times (x 85B)
Class org.jetbrains.kotlin.konan.target.Family                                        : loaded 2 times (x 76B)
Class org.jetbrains.kotlin.gradle.plugin.KotlinPluginLifecycle$CoroutineStart         : loaded 2 times (x 76B)
Class org.jetbrains.kotlin.gradle.tasks.TasksProviderKt$sam$org_gradle_api_Action$0   : loaded 2 times (x 72B)
Class org.jetbrains.kotlin.gradle.tooling.BuildKotlinToolingMetadataTask$FromKotlinExtension: loaded 2 times (x 314B)
Class org.jetbrains.kotlin.gradle.utils.FailuresKt                                    : loaded 2 times (x 68B)
Class org.jetbrains.kotlin.gradle.targets.native.internal.CInteropConfigurationsKt$special$$inlined$KotlinTargetSideEffect$1: loaded 2 times (x 71B)
Class org.jetbrains.kotlin.gradle.internal.properties.NativePropertiesLoader$konanDataDirProperty$1: loaded 2 times (x 72B)
Class org.jetbrains.kotlin.gradle.internal.ClassLoadersCachingBuildService$Companion$registerIfAbsent$1$1$1: loaded 2 times (x 72B)
Class org.jetbrains.kotlin.gradle.plugin.statistics.BuildFusService$Parameters_Decorated: loaded 2 times (x 140B)
Class org.jetbrains.kotlin.gradle.internal.properties.PropertiesBuildService$Params$Inject: loaded 2 times (x 103B)
Class org.jetbrains.kotlin.tooling.core.HasMutableExtras                              : loaded 2 times (x 67B)
Class com.google.common.cache.LocalCache$AbstractReferenceEntry                       : loaded 2 times (x 104B)
Class com.google.common.base.Splitter$1$1                                             : loaded 2 times (x 83B)
Class com.google.common.base.CharMatcher$Whitespace                                   : loaded 2 times (x 109B)
Class org.jetbrains.kotlin.metadata.ProtoBuf$VersionRequirementTable$1                : loaded 2 times (x 141B)
Class org.jetbrains.kotlin.metadata.ProtoBuf$Contract                                 : loaded 2 times (x 104B)
Class kotlin.collections.CollectionsKt__MutableCollectionsJVMKt                       : loaded 2 times (x 68B)
Class kotlin.enums.EnumEntriesKt                                                      : loaded 2 times (x 68B)
Class kotlin.text.StringsKt___StringsKt                                               : loaded 2 times (x 68B)
Class org.gradle.internal.IoActions                                                   : loaded 2 times (x 68B)
Class com.google.common.collect.ImmutableMapKeySet                                    : loaded 2 times (x 147B)
Class org.jetbrains.kotlin.gradle.internal.Kapt3KotlinGradleSubpluginKt               : loaded 2 times (x 68B)
Class org.jetbrains.kotlin.gradle.dsl.KotlinJvmCompile                                : loaded 2 times (x 67B)
Class com.google.common.collect.ImmutableRangeSet$ComplementRanges                    : loaded 2 times (x 204B)
Class org.jetbrains.kotlin.konan.target.KonanTarget$LINUX_ARM32_HFP                   : loaded 2 times (x 75B)
Class org.jetbrains.kotlin.gradle.internal.Kapt3GradleSubplugin                       : loaded 2 times (x 80B)
Class org.jetbrains.kotlin.gradle.plugin.diagnostics.checkers.CInteropInputChecker    : loaded 2 times (x 71B)
Class org.jetbrains.kotlin.gradle.plugin.statistics.FinalizeConfigurationFusMetricActionKt$FinalizeConfigurationFusMetricAction$1: loaded 2 times (x 92B)
Class org.jetbrains.kotlin.gradle.internal.KotlinDependenciesManagementKt$CustomizeKotlinDependenciesSetupAction$1: loaded 2 times (x 71B)
Class org.jetbrains.kotlin.gradle.plugin.KotlinGradlePluginExtensionPointInternal$registeredExtensions$2: loaded 2 times (x 75B)
Class org.jetbrains.kotlin.statistics.metrics.BooleanOverridePolicy$OR                : loaded 2 times (x 82B)
Class org.jetbrains.kotlin.gradle.plugin.UsesVariantImplementationFactories           : loaded 2 times (x 67B)
Class org.objectweb.asm.SymbolTable                                                   : loaded 2 times (x 69B)
Class com.google.common.cache.CacheLoader$InvalidCacheLoadException                   : loaded 2 times (x 79B)
Class com.google.common.collect.ImmutableSet$RegularSetBuilderImpl                    : loaded 2 times (x 74B)
Class com.google.common.base.CharMatcher$SingleWidth                                  : loaded 2 times (x 109B)
Class org.jetbrains.kotlin.descriptors.Visibilities$Local                             : loaded 2 times (x 76B)
Class org.jetbrains.kotlin.metadata.jvm.deserialization.JvmNameResolverBase$WhenMappings: loaded 2 times (x 68B)
Class org.jetbrains.kotlin.protobuf.WireFormat                                        : loaded 2 times (x 68B)
Class org.jetbrains.kotlin.metadata.jvm.deserialization.BitEncoding                   : loaded 2 times (x 68B)
Class org.jetbrains.org.objectweb.asm.Attribute                                       : loaded 2 times (x 72B)
Class org.jetbrains.org.objectweb.asm.Label                                           : loaded 2 times (x 69B)
Class org.gradle.internal.classloader.SystemClassLoaderSpec                           : loaded 2 times (x 68B)
Class org.jetbrains.kotlin.gradle.tasks.configuration.BaseKotlinCompileConfig$1$1     : loaded 2 times (x 71B)
Class org.jetbrains.kotlin.gradle.plugin.mpp.compilationImpl.factory.KotlinCompilationImplFactory$PostConfigure: loaded 2 times (x 67B)
Class [Lorg.apache.commons.compress.archivers.EntryStreamOffsets;                     : loaded 2 times (x 66B)
Class org.jetbrains.kotlin.gradle.utils.KotlinExtensionUtilsKt                        : loaded 2 times (x 68B)
Class [Lorg.jetbrains.kotlin.konan.util.Named;                                        : loaded 2 times (x 66B)
Class org.jetbrains.kotlin.gradle.plugin.diagnostics.checkers.NoKotlinTargetsDeclaredChecker$runChecks$1: loaded 2 times (x 85B)
Class org.jetbrains.kotlin.gradle.plugin.mpp.AbstractKotlinTarget$kotlinComponents$2  : loaded 2 times (x 76B)
Class org.jetbrains.kotlin.gradle.plugin.KotlinPlatformType$CompatibilityRule         : loaded 2 times (x 73B)
Class org.jetbrains.kotlin.gradle.internal.properties.NativePropertiesLoader$actualNativeHomeDirectory$1: loaded 2 times (x 72B)
Class org.jetbrains.kotlin.gradle.internal.properties.NativePropertiesKt              : loaded 2 times (x 68B)
Class org.jetbrains.kotlin.gradle.plugin.BuildEventsListenerRegistryHolder            : loaded 2 times (x 69B)
Class [Lorg.jetbrains.kotlin.statistics.metrics.BooleanOverridePolicy;                : loaded 2 times (x 66B)
Class org.jetbrains.kotlin.gradle.plugin.internal.CustomPropertiesFileValueSource$Parameters$Inject: loaded 2 times (x 103B)
Class com.google.common.cache.LocalCache$StrongEntry                                  : loaded 2 times (x 105B)
Class com.google.common.util.concurrent.AbstractFuture$TrustedFuture                  : loaded 2 times (x 111B)
Class com.google.common.cache.LoadingCache                                            : loaded 2 times (x 67B)
Class kotlin.reflect.KAnnotatedElement                                                : loaded 2 times (x 67B)
Class org.jetbrains.org.objectweb.asm.Frame                                           : loaded 2 times (x 70B)
Class kotlin.jvm.internal.Intrinsics                                                  : loaded 2 times (x 68B)
Class com.google.common.base.Suppliers$NonSerializableMemoizingSupplier               : loaded 2 times (x 76B)
Class com.google.common.io.ByteStreams$LimitedInputStream                             : loaded 2 times (x 89B)
Class org.jetbrains.kotlin.gradle.tasks.GradleCompileTaskProvider                     : loaded 2 times (x 69B)
Class org.jetbrains.kotlin.gradle.tasks.configuration.BaseKotlinCompileConfig$registerBuildToolsApiTransformations$1: loaded 2 times (x 72B)
Class org.jetbrains.kotlin.gradle.plugin.internal.BuildIdService                      : loaded 2 times (x 73B)
Class org.jetbrains.kotlin.gradle.plugin.mpp.compilationImpl.factory.KotlinCompilationDependencyConfigurationsFactoriesKt: loaded 2 times (x 68B)
Class org.jetbrains.kotlin.gradle.plugin.mpp.compilationImpl.DefaultKotlinCompilationFriendPathsResolver: loaded 2 times (x 72B)
Class org.apache.commons.compress.archivers.zip.Zip64ExtendedInformationExtraField    : loaded 2 times (x 94B)
Class org.jetbrains.kotlin.gradle.plugin.diagnostics.checkers.WasmSourceSetsNotFoundChecker$runChecks$1: loaded 2 times (x 85B)
Class org.jetbrains.kotlin.konan.target.KonanTarget$IOS_SIMULATOR_ARM64               : loaded 2 times (x 75B)
Class org.jetbrains.kotlin.gradle.plugin.mpp.compilationImpl.KotlinCreateCompilationArchiveTaskKt$KotlinCreateCompilationArchivesTask$1: loaded 2 times (x 71B)
Class org.jetbrains.kotlin.gradle.dsl.KotlinVersion                                   : loaded 2 times (x 76B)
Class org.jetbrains.kotlin.gradle.internal.properties.NativePropertiesLoader$actualNativeHomeDirectory$2: loaded 2 times (x 71B)
Class org.jetbrains.kotlin.gradle.utils.StoredPropertyKt                              : loaded 2 times (x 68B)
Class org.objectweb.asm.MethodWriter                                                  : loaded 2 times (x 103B)
Class [Lcom.google.common.cache.Weigher;                                              : loaded 2 times (x 66B)
Class com.google.common.collect.RegularImmutableMap$BucketOverflowException           : loaded 2 times (x 79B)
Class org.jetbrains.kotlin.metadata.ProtoBuf$Type$Argument                            : loaded 2 times (x 107B)
Class org.jetbrains.kotlin.load.kotlin.FileBasedKotlinClass$InnerClassesInfo          : loaded 2 times (x 71B)
Class kotlin.collections.MapsKt                                                       : loaded 2 times (x 68B)
Class kotlin.collections.CollectionsKt__IterablesKt                                   : loaded 2 times (x 68B)
Class jdk.internal.jrtfs.JrtFileSystem                                                : loaded 2 times (x 99B)
Class com.google.common.collect.ImmutableMultimap$1                                   : loaded 2 times (x 79B)
Class com.google.common.collect.AbstractMapBasedMultimap$RandomAccessWrappedList      : loaded 2 times (x 202B)
Class org.jetbrains.kotlin.gradle.plugin.sources.KotlinDependencyScope$Companion      : loaded 2 times (x 68B)
Class org.jetbrains.kotlin.gradle.plugin.KotlinPluginLifecycleKt$launchInStage$1      : loaded 2 times (x 92B)
Class org.jetbrains.kotlin.gradle.tasks.configuration.BaseKotlinCompileConfig$1$3     : loaded 2 times (x 72B)
Class org.jetbrains.kotlin.gradle.tasks.configuration.BaseKotlinCompileConfig$registerBuildToolsApiTransformations$2: loaded 2 times (x 72B)
Class org.jetbrains.kotlin.gradle.tasks.KotlinJvmCompile                              : loaded 2 times (x 67B)
Class org.jetbrains.kotlin.gradle.plugin.mpp.compilationImpl.KotlinCompilationSourceSetsContainerKt: loaded 2 times (x 68B)
Class org.jetbrains.kotlin.gradle.targets.NativeForwardImplementationToApiElementsSideEffectKt: loaded 2 times (x 68B)
Class org.jetbrains.kotlin.gradle.internal.properties.NativePropertiesLoader$actualNativeHomeDirectory$3: loaded 2 times (x 72B)
Class org.jetbrains.kotlin.gradle.report.BuildReportMode                              : loaded 2 times (x 76B)
Class org.jetbrains.kotlin.statistics.metrics.StringAnonymizationPolicy$RegexControlled: loaded 2 times (x 76B)
Class org.jetbrains.kotlin.statistics.ValueAnonymizer                                 : loaded 2 times (x 67B)
Class org.jetbrains.kotlin.gradle.plugin.VariantImplementationFactories$Companion$getProvider$2$1$1: loaded 2 times (x 72B)
Class org.jetbrains.kotlin.gradle.plugin.internal.ProjectIsolationStartParameterAccessor$Factory: loaded 2 times (x 67B)
Class org.jetbrains.kotlin.resolve.scopes.receivers.Receiver                          : loaded 2 times (x 67B)
Class org.jetbrains.kotlin.metadata.ProtoBuf$Modality$1                               : loaded 2 times (x 71B)
Class org.jetbrains.org.objectweb.asm.tree.TypeAnnotationNode                         : loaded 2 times (x 77B)
Class kotlin.KotlinNullPointerException                                               : loaded 2 times (x 80B)
Class org.jetbrains.kotlin.cli.common.CompilerSystemProperties$Companion              : loaded 2 times (x 68B)
Class jdk.internal.jimage.decompressor.CompressedResourceHeader                       : loaded 2 times (x 68B)
Class com.google.common.collect.ImmutableMultimap$2                                   : loaded 2 times (x 78B)
Class org.jetbrains.kotlin.gradle.tasks.DefaultKotlinJavaToolchain$javaExecutable$1   : loaded 2 times (x 72B)
Class org.jetbrains.kotlin.build.report.metrics.BuildAttribute                        : loaded 2 times (x 76B)
Class org.jetbrains.kotlin.gradle.internal.transforms.BuildToolsApiClasspathEntrySnapshotTransform$Inject1: loaded 2 times (x 110B)
Class org.jetbrains.kotlin.gradle.plugin.mpp.compilationImpl.KotlinCompilationRegisterInSourceSetsConfigurator: loaded 2 times (x 71B)
Class org.jetbrains.kotlin.gradle.plugin.mpp.compilationImpl.factory.DefaultKotlinCompilationTaskNamesContainerFactory: loaded 2 times (x 71B)
Class [Lorg.apache.http.NameValuePair;                                                : loaded 2 times (x 66B)
Class com.google.common.collect.RegularImmutableBiMap                                 : loaded 2 times (x 145B)
Class org.jetbrains.kotlin.gradle.targets.native.internal.CommonizerTasksKt           : loaded 2 times (x 68B)
Class [Lorg.jetbrains.kotlin.gradle.targets.js.npm.NpmDependency$Scope;               : loaded 2 times (x 66B)
Class org.jetbrains.kotlin.gradle.plugin.KotlinCompilerPluginSupportPlugin            : loaded 2 times (x 67B)
Class org.jetbrains.kotlin.gradle.plugin.mpp.AbstractKotlinTarget$components$2        : loaded 2 times (x 76B)
Class org.jetbrains.kotlin.gradle.plugin.mpp.KotlinUsages$setupAttributesMatchingStrategy$1: loaded 2 times (x 71B)
Class org.jetbrains.kotlin.gradle.utils.AndroidPluginIdsKt                            : loaded 2 times (x 68B)
Class com.google.common.cache.LocalCache$ValueReference                               : loaded 2 times (x 67B)
Class com.google.common.base.CharMatcher$Is                                           : loaded 2 times (x 108B)
Class com.google.common.base.CharMatcher$Negated                                      : loaded 2 times (x 110B)
Class org.jetbrains.kotlin.gradle.plugin.KotlinBasePlugin                             : loaded 2 times (x 67B)
Class org.jetbrains.kotlin.metadata.jvm.JvmProtoBuf$1                                 : loaded 2 times (x 68B)
Class org.jetbrains.kotlin.metadata.ProtoBuf$VersionRequirement                       : loaded 2 times (x 113B)
Class kotlin.ranges.RangesKt___RangesKt                                               : loaded 2 times (x 68B)
Class [Lorg.jetbrains.kotlin.config.ExplicitApiMode;                                  : loaded 2 times (x 66B)
Class org.jetbrains.kotlin.gradle.tasks.internal.KotlinJvmOptionsCompat               : loaded 2 times (x 100B)
Class org.jetbrains.kotlin.cli.common.arguments.CommonToolArguments                   : loaded 2 times (x 70B)
Class org.apache.commons.compress.archivers.zip.AsiExtraField                         : loaded 2 times (x 97B)
Class [Lorg.apache.http.Header;                                                       : loaded 2 times (x 66B)
Class com.google.common.hash.PrimitiveSink                                            : loaded 2 times (x 67B)
Class com.google.common.base.PatternCompiler                                          : loaded 2 times (x 67B)
Class org.jetbrains.kotlin.gradle.utils.FutureKt                                      : loaded 2 times (x 68B)
Class org.jetbrains.kotlin.gradle.logging.GradleLoggingUtilsKt                        : loaded 2 times (x 68B)
Class com.google.common.util.concurrent.AbstractFuture$Failure                        : loaded 2 times (x 69B)
Class com.google.common.base.Equivalence$Equals                                       : loaded 2 times (x 79B)
Class com.google.common.collect.Hashing                                               : loaded 2 times (x 68B)
Class com.google.common.base.Preconditions                                            : loaded 2 times (x 68B)
Class org.jetbrains.kotlin.gradle.plugin.KotlinAndroidPluginWrapper                   : loaded 2 times (x 83B)
Class org.jetbrains.org.objectweb.asm.Opcodes                                         : loaded 2 times (x 67B)
Class org.jetbrains.kotlin.descriptors.annotations.Annotated                          : loaded 2 times (x 67B)
Class [Lorg.jetbrains.org.objectweb.asm.AnnotationVisitor;                            : loaded 2 times (x 66B)
Class org.jetbrains.kotlin.descriptors.SourceElement$1                                : loaded 2 times (x 71B)
Class kotlin.collections.ArraysKt                                                     : loaded 2 times (x 68B)
Class com.google.common.collect.ImmutableSetMultimap                                  : loaded 2 times (x 177B)
Class com.google.common.io.CharSink                                                   : loaded 2 times (x 76B)
Class org.jetbrains.kotlin.compilerRunner.GradleCompilerRunner$Companion              : loaded 2 times (x 68B)
Class com.google.common.collect.ByFunctionOrdering                                    : loaded 2 times (x 112B)
Class [Lorg.jetbrains.kotlin.gradle.dsl.PlatformSourceSetConventionsChecker$CheckedPlatformInfo;: loaded 2 times (x 66B)
Class org.jetbrains.kotlin.gradle.plugin.diagnostics.KotlinGradleProjectCheckerContext: loaded 2 times (x 69B)
Class org.jetbrains.kotlin.gradle.plugin.diagnostics.checkers.DuplicateSourceSetChecker: loaded 2 times (x 71B)
Class org.jetbrains.kotlin.gradle.plugin.diagnostics.ToolingDiagnosticFactory         : loaded 2 times (x 70B)
Class org.jetbrains.kotlin.gradle.targets.KotlinTargetSideEffect                      : loaded 2 times (x 67B)
Class org.jetbrains.kotlin.gradle.dsl.KotlinTargetContainerWithNativeShortcuts        : loaded 2 times (x 67B)
Class org.jetbrains.kotlin.gradle.plugin.DefaultKotlinBasePlugin$setupAttributeMatchingStrategy$1$1: loaded 2 times (x 76B)
Class org.jetbrains.kotlin.statistics.metrics.NumericalMetrics$Companion              : loaded 2 times (x 68B)
Class [Lorg.jetbrains.kotlin.statistics.metrics.NumberAnonymizationPolicy;            : loaded 2 times (x 66B)
Class org.jetbrains.kotlin.statistics.metrics.NumberOverridePolicy$OVERRIDE           : loaded 2 times (x 82B)
Class org.jetbrains.kotlin.gradle.internal.properties.PropertiesBuildService$property$1: loaded 2 times (x 76B)
Class com.google.common.base.Joiner$1                                                 : loaded 2 times (x 77B)
Class org.objectweb.asm.Label                                                         : loaded 2 times (x 70B)
Class org.objectweb.asm.CurrentFrame                                                  : loaded 2 times (x 70B)
Class org.objectweb.asm.ClassTooLargeException                                        : loaded 2 times (x 80B)
Class com.google.gson.stream.JsonReader                                               : loaded 2 times (x 94B)
Class com.google.common.collect.PeekingIterator                                       : loaded 2 times (x 67B)
Class com.google.common.base.CharMatcher                                              : loaded 2 times (x 108B)
Class org.jetbrains.kotlin.descriptors.DescriptorVisibility                           : loaded 2 times (x 75B)
Class kotlin.collections.SetsKt__SetsKt                                               : loaded 2 times (x 68B)
Class kotlin.LazyKt                                                                   : loaded 2 times (x 68B)
Class com.google.common.collect.MapMakerInternalMap$InternalEntryHelper               : loaded 2 times (x 67B)
Class com.google.common.collect.Table                                                 : loaded 2 times (x 67B)
Class com.google.common.collect.Maps$IteratorBasedAbstractMap                         : loaded 2 times (x 122B)
Class org.jetbrains.kotlin.gradle.tasks.configuration.AbstractKotlinCompileConfig$2$2$1: loaded 2 times (x 72B)
Class org.jetbrains.kotlin.build.report.metrics.BuildAttributes$Companion             : loaded 2 times (x 68B)
Class org.jetbrains.kotlin.gradle.tasks.KotlinCompilationTask                         : loaded 2 times (x 67B)
Class org.jetbrains.kotlin.gradle.plugin.mpp.compilationImpl.factory.KotlinCompilationImplFactory$ProcessResourcesTaskNameFactory: loaded 2 times (x 67B)
Class org.apache.commons.compress.archivers.zip.ZipExtraField                         : loaded 2 times (x 67B)
Class com.google.common.collect.RangeGwtSerializationDependencies                     : loaded 2 times (x 68B)
Class org.jetbrains.kotlin.gradle.internal.properties.PropertiesBuildService$property$2: loaded 2 times (x 76B)
Class org.jetbrains.kotlin.gradle.internal.KotlinDependenciesManagementKt             : loaded 2 times (x 68B)
Class org.jetbrains.kotlin.gradle.plugin.DefaultKotlinBasePlugin$setupAttributeMatchingStrategy$1$2: loaded 2 times (x 76B)
Class org.jetbrains.kotlin.gradle.plugin.statistics.KotlinBuildStatsLoggerService     : loaded 2 times (x 69B)
Class org.jetbrains.kotlin.gradle.plugin.internal.CustomPropertiesFileValueSource$Inject: loaded 2 times (x 110B)
Class com.google.common.base.Joiner$2                                                 : loaded 2 times (x 76B)
Class org.objectweb.asm.Frame                                                         : loaded 2 times (x 70B)
Class org.objectweb.asm.MethodVisitor                                                 : loaded 2 times (x 102B)
Class com.google.common.cache.LocalCache$EntryFactory$1                               : loaded 2 times (x 80B)
Class [Lcom.google.common.cache.RemovalListener;                                      : loaded 2 times (x 66B)
Class com.google.common.base.CharMatcher$1                                            : loaded 2 times (x 110B)
Class com.google.common.base.CharMatcher$NamedFastMatcher                             : loaded 2 times (x 109B)
Class [Lorg.jetbrains.kotlin.metadata.ProtoBuf$Type$Argument$Projection;              : loaded 2 times (x 66B)
Class org.jetbrains.org.objectweb.asm.RecordComponentWriter                           : loaded 2 times (x 75B)
Class kotlin.collections.ArraysKt__ArraysJVMKt                                        : loaded 2 times (x 68B)
Class org.jetbrains.kotlin.cli.common.messages.MessageCollector$Companion$NONE$1      : loaded 2 times (x 73B)
Class org.jetbrains.kotlin.config.MavenComparableVersion$Item                         : loaded 2 times (x 67B)
Class org.jetbrains.kotlin.gradle.plugin.mpp.InternalKotlinTargetKt$special$$inlined$extrasStoredFuture$1: loaded 2 times (x 76B)
Class org.jetbrains.kotlin.compilerRunner.UsesCompilerSystemPropertiesService         : loaded 2 times (x 67B)
Class org.jetbrains.kotlin.gradle.plugin.mpp.compilationImpl.KotlinCompilationSourceSetInclusion$Companion: loaded 2 times (x 68B)
Class com.google.common.collect.RangeSet                                              : loaded 2 times (x 67B)
Class org.jetbrains.kotlin.konan.target.KonanTarget$WATCHOS_DEVICE_ARM64              : loaded 2 times (x 75B)
Class org.jetbrains.kotlin.gradle.plugin.diagnostics.checkers.MissingNativeStdlibChecker$runChecks$1: loaded 2 times (x 85B)
Class [Lorg.jetbrains.kotlin.gradle.plugin.sources.android.AndroidVariantType;        : loaded 2 times (x 66B)
Class org.jetbrains.kotlin.gradle.plugin.sources.android.AndroidVariantType           : loaded 2 times (x 76B)
Class org.jetbrains.kotlin.gradle.plugin.mpp.KotlinTargetSoftwareComponent            : loaded 2 times (x 86B)
Class org.jetbrains.kotlin.gradle.plugin.mpp.KotlinVariant                            : loaded 2 times (x 98B)
Class org.jetbrains.kotlin.gradle.targets.native.ConfigureFrameworkExportSideEffectKt : loaded 2 times (x 68B)
Class org.jetbrains.kotlin.gradle.utils.WhenPluginEnabledKt                           : loaded 2 times (x 68B)
Class org.jetbrains.kotlin.tooling.core.ExtrasProperty                                : loaded 2 times (x 67B)
Class org.jetbrains.kotlin.gradle.plugin.VariantImplementationFactories               : loaded 2 times (x 72B)
Class com.google.common.cache.LocalCache$EntryFactory$2                               : loaded 2 times (x 80B)
Class org.jetbrains.kotlin.descriptors.ValidateableDescriptor                         : loaded 2 times (x 67B)
Class kotlin.jvm.internal.CallableReference$NoReceiver                                : loaded 2 times (x 68B)
Class org.jetbrains.kotlin.metadata.ProtoBuf$EnumEntryOrBuilder                       : loaded 2 times (x 67B)
Class org.jetbrains.kotlin.metadata.jvm.JvmProtoBuf$JvmPropertySignature$1            : loaded 2 times (x 141B)
Class org.jetbrains.org.objectweb.asm.MethodWriter                                    : loaded 2 times (x 102B)
Class org.jetbrains.kotlin.metadata.jvm.deserialization.JvmMetadataVersion$Companion  : loaded 2 times (x 68B)
Class kotlin.text.StringsKt__StringBuilderKt                                          : loaded 2 times (x 68B)
Class org.gradle.api.internal.classpath.GlobalCacheRootsProvider                      : loaded 2 times (x 67B)
Class org.jetbrains.kotlin.tooling.core.Extras$Entry$Companion                        : loaded 2 times (x 68B)
Class com.google.common.collect.CollectCollectors                                     : loaded 2 times (x 68B)
Class org.jetbrains.kotlin.gradle.targets.js.dsl.KotlinWasmWasiTargetDsl              : loaded 2 times (x 67B)
Class org.jetbrains.kotlin.gradle.plugin.diagnostics.checkers.DisabledNativeTargetsChecker: loaded 2 times (x 71B)
Class org.jetbrains.kotlin.gradle.plugin.mpp.compilationImpl.KotlinCreateSourcesJarTaskSideEffectKt$KotlinCreateSourcesJarTaskSideEffect$1: loaded 2 times (x 71B)
Class org.jetbrains.kotlin.gradle.internal.CompilerArgumentAware                      : loaded 2 times (x 67B)
Class org.jetbrains.kotlin.gradle.utils.ReportUtilsKt                                 : loaded 2 times (x 68B)
Class org.jetbrains.kotlin.gradle.utils.StoredLazyProperty                            : loaded 2 times (x 72B)
Class org.objectweb.asm.ModuleWriter                                                  : loaded 2 times (x 79B)
Class com.google.common.cache.LocalCache$EntryFactory$3                               : loaded 2 times (x 80B)
Class com.google.common.base.Ticker$1                                                 : loaded 2 times (x 69B)
Class com.google.common.collect.ImmutableMapEntrySet$RegularEntrySet                  : loaded 2 times (x 148B)
Class com.google.common.collect.Maps$BiMapConverter                                   : loaded 2 times (x 87B)
Class kotlin.Lazy                                                                     : loaded 2 times (x 67B)
Class kotlin.NoWhenBranchMatchedException                                             : loaded 2 times (x 79B)
Class Native_plugin_loader_gradle$NativePluginLoader                                  : loaded 2 times (x 69B)
Class com.google.common.collect.CollectSpliterators$1                                 : loaded 2 times (x 87B)
Class org.jetbrains.kotlin.gradle.tasks.K2MultiplatformStructure_Decorated            : loaded 2 times (x 132B)
Class org.jetbrains.kotlin.compilerRunner.GradleCompilerRunner                        : loaded 2 times (x 70B)
Class org.jetbrains.kotlin.gradle.plugin.statistics.KotlinBuildStatisticsUtilsKt      : loaded 2 times (x 68B)
Class com.google.common.collect.SetMultimap                                           : loaded 2 times (x 67B)
Class org.jetbrains.kotlin.gradle.dsl.AndroidMainSourceSetConventionsChecker$runChecks$1: loaded 2 times (x 85B)
Class org.jetbrains.kotlin.gradle.plugin.sources.FragmentConsistencyChecks            : loaded 2 times (x 69B)
Class org.jetbrains.kotlin.gradle.plugin.mpp.InternalKotlinTargetComponent            : loaded 2 times (x 90B)
Class org.jetbrains.kotlin.gradle.targets.CreateDefaultTestRunSideEffectKt$special$$inlined$KotlinTargetSideEffect$1: loaded 2 times (x 71B)
Class org.jetbrains.kotlin.gradle.utils.ProviderApiUtilsKt                            : loaded 2 times (x 68B)
Class org.jetbrains.kotlin.gradle.internal.properties.NativePropertiesLoader$forceDisableRunningInProcess$1: loaded 2 times (x 72B)
Class org.jetbrains.kotlin.gradle.utils.PersistentCachesKt                            : loaded 2 times (x 68B)
Class org.jetbrains.kotlin.gradle.internal.tasks.TaskWithLocalState                   : loaded 2 times (x 67B)
Class org.jetbrains.kotlin.statistics.metrics.BooleanMetrics                          : loaded 2 times (x 77B)
Class org.jetbrains.kotlin.gradle.internal.properties.PropertiesBuildService$Params   : loaded 2 times (x 67B)
Class com.google.common.cache.LocalCache$EntryFactory$4                               : loaded 2 times (x 80B)
Class com.google.common.collect.ImmutableSet$Builder                                  : loaded 2 times (x 82B)
Class com.google.common.base.CharMatcher$InRange                                      : loaded 2 times (x 108B)
Class [Lkotlin.jvm.functions.Function1;                                               : loaded 2 times (x 66B)
Class org.jetbrains.org.objectweb.asm.tree.InsnNode                                   : loaded 2 times (x 75B)
Class org.jetbrains.org.objectweb.asm.RecordComponentVisitor                          : loaded 2 times (x 74B)
Class com.google.common.io.ByteStreams$1                                              : loaded 2 times (x 82B)
Class org.jetbrains.kotlin.gradle.plugin.sources.KotlinDependencyScopeKt$WhenMappings : loaded 2 times (x 68B)
Class org.jetbrains.kotlin.gradle.tasks.K2MultiplatformCompilationTask                : loaded 2 times (x 67B)
Class org.apache.commons.compress.archivers.zip.ZipArchiveEntry$CommentSource         : loaded 2 times (x 76B)
Class com.google.common.collect.ReverseOrdering                                       : loaded 2 times (x 112B)
Class org.jetbrains.kotlin.gradle.plugin.diagnostics.checkers.OverriddenKotlinNativeHomeChecker$StdlibExistenceCheckerValueSource$Inject: loaded 2 times (x 106B)
Class org.jetbrains.kotlin.gradle.utils.ConfigurationsKt$maybeCreateDependencyScope$1 : loaded 2 times (x 75B)
Class org.jetbrains.kotlin.gradle.plugin.sources.FragmentConsistencyChecks$languageVersionCheck$1: loaded 2 times (x 76B)
Class org.jetbrains.kotlin.gradle.plugin.mpp.DecoratedKotlinCompilation               : loaded 2 times (x 188B)
Class org.jetbrains.kotlin.gradle.plugin.diagnostics.checkers.ExperimentalTryNextUsageChecker: loaded 2 times (x 71B)
Class [Lorg.jetbrains.kotlin.gradle.plugin.diagnostics.ToolingDiagnostic$Severity;    : loaded 2 times (x 66B)
Class [Lorg.jetbrains.kotlin.gradle.plugin.KotlinPlatformType;                        : loaded 2 times (x 66B)
Class org.jetbrains.kotlin.gradle.plugin.statistics.UsesBuildFusService               : loaded 2 times (x 67B)
Class org.jetbrains.kotlin.gradle.plugin.statistics.old.Pre232IdeaKotlinBuildStatsBeanService: loaded 2 times (x 92B)
Class org.jetbrains.kotlin.statistics.metrics.NumberOverridePolicy$AVERAGE            : loaded 2 times (x 82B)
Class org.jetbrains.kotlin.gradle.plugin.VariantImplementationFactories$Parameters$Inject: loaded 2 times (x 103B)
Class com.google.common.cache.LocalCache$EntryFactory$5                               : loaded 2 times (x 80B)
Class org.jetbrains.kotlin.descriptors.Visibility                                     : loaded 2 times (x 76B)
Class org.jetbrains.kotlin.protobuf.RopeByteString$RopeInputStream                    : loaded 2 times (x 89B)
Class org.jetbrains.kotlin.protobuf.CodedInputStream                                  : loaded 2 times (x 69B)
Class org.jetbrains.org.objectweb.asm.MethodTooLargeException                         : loaded 2 times (x 80B)
Class org.jetbrains.org.objectweb.asm.Context                                         : loaded 2 times (x 69B)
Class kotlin.sequences.ConstrainedOnceSequence                                        : loaded 2 times (x 72B)
Class org.jetbrains.kotlin.gradle.targets.native.internal.CInteropConfigurationsKt    : loaded 2 times (x 68B)
Class org.jetbrains.kotlin.gradle.tasks.configuration.BaseKotlinCompileConfig$1       : loaded 2 times (x 76B)
Class org.jetbrains.kotlin.gradle.plugin.UsesBuildFinishedListenerService             : loaded 2 times (x 67B)
Class org.jetbrains.kotlin.gradle.plugin.mpp.compilationImpl.factory.ConfigurationNaming$Default: loaded 2 times (x 72B)
Class org.jetbrains.kotlin.gradle.plugin.mpp.compilationImpl.KotlinCompilationSourceSetInclusion: loaded 2 times (x 69B)
Class com.google.common.collect.HashMultimap                                          : loaded 2 times (x 171B)
Class org.jetbrains.kotlin.gradle.targets.jvm.KotlinJvmTarget                         : loaded 2 times (x 169B)
Class org.jetbrains.kotlin.gradle.targets.js.dsl.KotlinWasmJsTargetDsl                : loaded 2 times (x 67B)
Class org.jetbrains.kotlin.gradle.plugin.diagnostics.checkers.DisabledNativeTargetsChecker$runChecks$1: loaded 2 times (x 85B)
Class org.jetbrains.kotlin.gradle.plugin.KotlinPluginLifecycleImpl$await$2$1          : loaded 2 times (x 76B)
Class org.jetbrains.kotlin.gradle.plugin.sources.DefaultLanguageSettingsBuilder       : loaded 2 times (x 97B)
Class org.jetbrains.kotlin.gradle.plugin.sources.FragmentConsistencyChecks$languageVersionCheck$2: loaded 2 times (x 75B)
Class org.jetbrains.kotlin.gradle.targets.CreateTargetConfigurationsSideEffectKt$CreateTargetConfigurationsSideEffect$1: loaded 2 times (x 71B)
Class org.jetbrains.kotlin.gradle.dsl.KotlinTargetContainerWithPresetFunctions        : loaded 2 times (x 67B)
Class org.jetbrains.kotlin.gradle.utils.GradleConfigurationUtilsKt                    : loaded 2 times (x 68B)
Class org.jetbrains.kotlin.gradle.plugin.StatisticsBuildFlowManager$subscribeForBuildResult$1: loaded 2 times (x 72B)
Class org.jetbrains.kotlin.gradle.plugin.internal.CustomPropertiesFileValueSource$Parameters: loaded 2 times (x 67B)
Class com.google.common.cache.LocalCache$EntryFactory$6                               : loaded 2 times (x 80B)
Class org.jetbrains.kotlin.metadata.ProtoBuf$1                                        : loaded 2 times (x 68B)
Class org.jetbrains.kotlin.mpp.DeclarationSymbolMarker                                : loaded 2 times (x 67B)
Class org.jetbrains.org.objectweb.asm.CurrentFrame                                    : loaded 2 times (x 70B)
Class org.jetbrains.kotlin.protobuf.MessageLite$Builder                               : loaded 2 times (x 67B)
Class kotlin.jvm.internal.markers.KMappedMarker                                       : loaded 2 times (x 67B)
Class org.jetbrains.kotlin.config.JVMAssertionsMode$Companion                         : loaded 2 times (x 68B)
Class org.gradle.internal.installation.CurrentGradleInstallationLocator               : loaded 2 times (x 68B)
Class com.google.common.collect.ImmutableMultimap$Builder                             : loaded 2 times (x 80B)
Class org.objectweb.asm.ClassReader                                                   : loaded 2 times (x 90B)
Class org.jetbrains.kotlin.gradle.tasks.DefaultKotlinJavaToolchain$getToolsJarFromJvm$1: loaded 2 times (x 72B)
Class org.jetbrains.kotlin.build.report.metrics.GcMetrics                             : loaded 2 times (x 69B)
Class org.jetbrains.kotlin.gradle.plugin.diagnostics.UsesKotlinToolingDiagnosticsKt   : loaded 2 times (x 68B)
Class org.jetbrains.kotlin.gradle.tasks.configuration.BaseKotlinCompileConfig$2       : loaded 2 times (x 76B)
Class org.jetbrains.kotlin.gradle.plugin.BuildFinishedListenerService$Companion$registerIfAbsent$2$1$1: loaded 2 times (x 72B)
Class org.apache.commons.compress.archivers.zip.X5455_ExtendedTimestamp               : loaded 2 times (x 102B)
Class com.google.common.collect.Maps$KeySet                                           : loaded 2 times (x 134B)
Class org.jetbrains.kotlin.konan.target.KonanTarget$IOS_X64                           : loaded 2 times (x 75B)
Class org.jetbrains.kotlin.gradle.plugin.mpp.InternalKotlinCompilation                : loaded 2 times (x 67B)
Class org.jetbrains.kotlin.gradle.utils.WhenEvaluatedKt                               : loaded 2 times (x 68B)
Class org.jetbrains.kotlin.gradle.targets.native.internal.AddKotlinPlatformIntegersSupportLibraryKt: loaded 2 times (x 68B)
Class org.jetbrains.kotlin.gradle.plugin.AbstractKotlinJsPluginWrapper                : loaded 2 times (x 83B)
Class org.jetbrains.kotlin.gradle.plugin.KotlinPluginWrapperKt                        : loaded 2 times (x 68B)
Class com.google.common.cache.LocalCache$EntryFactory$7                               : loaded 2 times (x 80B)
Class com.google.common.collect.ImmutableSet$EmptySetBuilderImpl                      : loaded 2 times (x 73B)
Class com.google.common.collect.ImmutableList                                         : loaded 2 times (x 203B)
Class org.jetbrains.kotlin.metadata.ProtoBuf$VersionRequirement$Level$1               : loaded 2 times (x 71B)
Class org.jetbrains.kotlin.protobuf.FieldSet$1                                        : loaded 2 times (x 68B)
Class org.jetbrains.org.objectweb.asm.tree.LdcInsnNode                                : loaded 2 times (x 75B)
Class org.jetbrains.kotlin.cli.common.messages.CompilerMessageSeverity$Companion      : loaded 2 times (x 68B)
Class org.gradle.internal.service.DefaultServiceLocator                               : loaded 2 times (x 80B)
Class com.google.common.collect.ImmutableMultimap$EntryCollection                     : loaded 2 times (x 124B)
Class com.google.common.collect.Maps$EntrySet                                         : loaded 2 times (x 133B)
Class org.jetbrains.kotlin.gradle.tasks.KotlinCompile$scriptExtensions$1              : loaded 2 times (x 76B)
Class org.jetbrains.kotlin.gradle.tasks.K2MultiplatformStructure$Fragment             : loaded 2 times (x 69B)
Class org.jetbrains.kotlin.compilerRunner.CompilerSystemPropertiesService$Companion$registerIfAbsent$1: loaded 2 times (x 72B)
Class com.google.common.collect.ComparisonChain$InactiveComparisonChain               : loaded 2 times (x 77B)
Class org.jetbrains.kotlin.compilerRunner.CompilerSystemPropertiesService$Companion   : loaded 2 times (x 68B)
Class org.jetbrains.kotlin.gradle.plugin.diagnostics.checkers.WasmJsEnvironmentChecker: loaded 2 times (x 73B)
Class org.jetbrains.kotlin.gradle.plugin.diagnostics.checkers.AndroidPluginWithoutAndroidTargetChecker: loaded 2 times (x 71B)
Class org.jetbrains.kotlin.statistics.metrics.NumberOverridePolicy                    : loaded 2 times (x 82B)
Class org.jetbrains.kotlin.statistics.metrics.StringAnonymizationPolicy$AllowedListAnonymizer$Companion: loaded 2 times (x 68B)
Class org.jetbrains.kotlin.gradle.plugin.internal.DefaultProjectIsolationStartParameterAccessor_Decorated: loaded 2 times (x 122B)
Class org.jetbrains.kotlin.gradle.plugin.internal.ProjectIsolationStartParameterAccessorKt: loaded 2 times (x 68B)
Class org.jetbrains.kotlin.gradle.testing.internal.KotlinTestsRegistry                : loaded 2 times (x 69B)
Class com.google.common.cache.LocalCache$EntryFactory$8                               : loaded 2 times (x 80B)
Class com.google.common.collect.ImmutableSet$SetBuilderImpl                           : loaded 2 times (x 73B)
Class org.jetbrains.kotlin.metadata.ProtoBuf$Class$Kind$1                             : loaded 2 times (x 71B)
Class org.jetbrains.kotlin.protobuf.SmallSortedMap$Entry                              : loaded 2 times (x 85B)
Class org.jetbrains.kotlin.metadata.ProtoBuf$Package$1                                : loaded 2 times (x 141B)
Class org.jetbrains.org.objectweb.asm.SymbolTable                                     : loaded 2 times (x 69B)
Class org.jetbrains.org.objectweb.asm.tree.UnsupportedClassVersionException           : loaded 2 times (x 79B)
Class jdk.internal.jrtfs.JrtDirectoryStream                                           : loaded 2 times (x 86B)
Class org.gradle.internal.installation.CurrentGradleInstallation                      : loaded 2 times (x 70B)
Class org.objectweb.asm.Opcodes                                                       : loaded 2 times (x 67B)
Class org.jetbrains.kotlin.gradle.tasks.KotlinCompilerExecutionStrategy               : loaded 2 times (x 76B)
Class org.jetbrains.kotlin.gradle.plugin.statistics.FusMetrics                        : loaded 2 times (x 67B)
Class org.jetbrains.kotlin.gradle.plugin.sources.DefaultKotlinSourceSet$special$$inlined$Iterable$1: loaded 2 times (x 76B)
Class org.jetbrains.kotlin.gradle.plugin.mpp.compilationImpl.factory.KotlinCompilationImplFactory$KotlinCompilerOptionsFactory$Options: loaded 2 times (x 69B)
Class com.google.common.collect.ForwardingObject                                      : loaded 2 times (x 69B)
Class org.jetbrains.kotlin.gradle.plugin.KotlinCompilation                            : loaded 2 times (x 67B)
Class org.jetbrains.kotlin.gradle.plugin.KotlinTargetConfiguratorKt                   : loaded 2 times (x 68B)
Class org.jetbrains.kotlin.tooling.core.Extras$Type$Companion                         : loaded 2 times (x 68B)
Class com.google.common.cache.CacheLoader$1                                           : loaded 2 times (x 72B)
Class com.google.common.collect.ImmutableList$SubList                                 : loaded 2 times (x 205B)
Class org.jetbrains.kotlin.metadata.ProtoBuf$Annotation$ArgumentOrBuilder             : loaded 2 times (x 67B)
Class org.jetbrains.org.objectweb.asm.ModuleWriter                                    : loaded 2 times (x 78B)
Class org.jetbrains.kotlin.protobuf.FieldSet$FieldDescriptorLite                      : loaded 2 times (x 67B)
Class org.jetbrains.kotlin.protobuf.AbstractMessageLite                               : loaded 2 times (x 95B)
Class org.gradle.util.internal.GUtil                                                  : loaded 2 times (x 68B)
Class com.google.common.io.ByteSource                                                 : loaded 2 times (x 81B)
Class org.jetbrains.kotlin.gradle.plugin.mpp.InternalKotlinTargetKt$isSourcesPublishableFuture$2: loaded 2 times (x 92B)
Class org.jetbrains.kotlin.gradle.plugin.mpp.KotlinCompilationFactory                 : loaded 2 times (x 67B)
Class org.jetbrains.kotlin.gradle.dsl.IosSourceSetConventionChecker$runChecks$1       : loaded 2 times (x 85B)
Class org.jetbrains.kotlin.gradle.plugin.mpp.AbstractKotlinCompilation                : loaded 2 times (x 188B)
Class org.jetbrains.kotlin.gradle.plugin.diagnostics.checkers.UnusedSourceSetsChecker : loaded 2 times (x 71B)
Class org.jetbrains.kotlin.gradle.utils.Future                                        : loaded 2 times (x 67B)
Class org.jetbrains.kotlin.gradle.plugin.BuildFinishFlowAction$Parameters             : loaded 2 times (x 67B)
Class org.jetbrains.kotlin.gradle.plugin.statistics.KotlinBuildStatsConfiguration$Companion: loaded 2 times (x 68B)
Class com.google.common.util.concurrent.AbstractFuture$SetFuture                      : loaded 2 times (x 72B)
Class com.google.common.cache.AbstractCache$StatsCounter                              : loaded 2 times (x 67B)
Class org.jetbrains.kotlin.metadata.jvm.JvmProtoBuf$StringTableTypes$Record           : loaded 2 times (x 116B)
Class [Lorg.jetbrains.org.objectweb.asm.Label;                                        : loaded 2 times (x 66B)
Class org.jetbrains.kotlin.protobuf.FieldSet                                          : loaded 2 times (x 69B)
Class kotlin.io.NoSuchFileException                                                   : loaded 2 times (x 79B)
Class kotlin.collections.CollectionsKt                                                : loaded 2 times (x 68B)
Class com.google.common.collect.MapMakerInternalMap$1                                 : loaded 2 times (x 80B)
Class org.objectweb.asm.Context                                                       : loaded 2 times (x 69B)
Class org.apache.commons.compress.archivers.zip.AbstractUnicodeExtraField             : loaded 2 times (x 90B)
Class org.apache.commons.compress.archivers.zip.Zip64RequiredException                : loaded 2 times (x 79B)
Class com.google.common.io.LineBuffer                                                 : loaded 2 times (x 72B)
Class org.jetbrains.kotlin.gradle.targets.js.dsl.KotlinJsSubTargetContainerDsl        : loaded 2 times (x 67B)
Class org.jetbrains.kotlin.tooling.core.MutableExtrasImpl$Companion                   : loaded 2 times (x 68B)
Class org.jetbrains.kotlin.gradle.plugin.KotlinGradleBuildServices$Companion$registerIfAbsent$1: loaded 2 times (x 72B)
Class org.jetbrains.kotlin.statistics.fileloggers.MetricsContainer                    : loaded 2 times (x 74B)
Class org.jetbrains.kotlin.gradle.plugin.internal.ProjectIsolationStartParameterAccessor: loaded 2 times (x 67B)
Class org.jetbrains.kotlin.gradle.utils.StoredProperty                                : loaded 2 times (x 67B)
Class com.google.common.collect.Iterators$MergingIterator                             : loaded 2 times (x 78B)
Class com.google.common.collect.RegularImmutableSet                                   : loaded 2 times (x 145B)
Class org.jetbrains.kotlin.metadata.ProtoBuf$Annotation$Argument$Value$Type$1         : loaded 2 times (x 71B)
Class [Lorg.jetbrains.kotlin.metadata.ProtoBuf$MemberKind;                            : loaded 2 times (x 66B)
Class org.jetbrains.kotlin.metadata.ProtoBuf$Package                                  : loaded 2 times (x 126B)
Class org.jetbrains.kotlin.metadata.ProtoBuf$TypeTableOrBuilder                       : loaded 2 times (x 67B)
Class org.jetbrains.kotlin.metadata.ProtoBuf$TypeOrBuilder                            : loaded 2 times (x 67B)
Class org.gradle.internal.installation.GradleInstallation                             : loaded 2 times (x 72B)
Class org.jetbrains.kotlin.gradle.dsl.KotlinJvmCompile$DefaultImpls                   : loaded 2 times (x 68B)
Class org.jetbrains.kotlin.gradle.plugin.mpp.compilationImpl.factory.KotlinCompilationImplFactory$create$1: loaded 2 times (x 72B)
Class org.apache.commons.compress.archivers.zip.ZipMethod                             : loaded 2 times (x 76B)
Class org.apache.commons.compress.archivers.zip.ZipSplitOutputStream                  : loaded 2 times (x 86B)
Class com.google.common.collect.ForwardingCollection                                  : loaded 2 times (x 127B)
Class com.google.common.collect.LexicographicalOrdering                               : loaded 2 times (x 112B)
Class org.jetbrains.kotlin.gradle.tasks.KotlinJavaToolchain                           : loaded 2 times (x 67B)
Class org.jetbrains.kotlin.gradle.plugin.BuildFinishFlowAction                        : loaded 2 times (x 71B)
Class org.jetbrains.kotlin.statistics.metrics.BooleanMetrics$Companion                : loaded 2 times (x 68B)
Class org.jetbrains.kotlin.gradle.plugin.internal.CompatibilityConventionRegistrar    : loaded 2 times (x 67B)
Class com.google.common.collect.Iterables                                             : loaded 2 times (x 68B)
Class com.google.common.base.Splitter$Strategy                                        : loaded 2 times (x 67B)
Class org.jetbrains.kotlin.metadata.deserialization.ProtoTypeTableUtilKt              : loaded 2 times (x 68B)
Class [Lorg.jetbrains.kotlin.descriptors.DescriptorVisibility;                        : loaded 2 times (x 66B)
Class kotlin.collections.CollectionsKt__IteratorsJVMKt$iterator$1                     : loaded 2 times (x 76B)
Class org.jetbrains.kotlin.config.LanguageFeature$State                               : loaded 2 times (x 79B)
Class jdk.internal.jimage.decompressor.ResourceDecompressor$StringsProvider           : loaded 2 times (x 67B)
Class org.jetbrains.kotlin.gradle.plugin.mpp.KotlinJvmCompilation                     : loaded 2 times (x 197B)
Class org.jetbrains.kotlin.gradle.plugin.KotlinCompilation$Companion                  : loaded 2 times (x 68B)
Class org.jetbrains.kotlin.konan.target.KonanTarget$WATCHOS_ARM64                     : loaded 2 times (x 75B)
Class org.jetbrains.kotlin.konan.target.KonanTarget$MACOS_ARM64                       : loaded 2 times (x 75B)
Class org.jetbrains.kotlin.gradle.plugin.diagnostics.checkers.OverriddenKotlinNativeHomeChecker: loaded 2 times (x 71B)
Class org.jetbrains.kotlin.gradle.artifacts.KotlinJvmJarArtifactKt$KotlinJvmJarArtifact$1: loaded 2 times (x 71B)
Class org.jetbrains.kotlin.gradle.artifacts.KotlinLegacyCompatibilityMetadataArtifactKt: loaded 2 times (x 68B)
Class org.jetbrains.kotlin.gradle.targets.native.SetupEmbedAndSignAppleFrameworkTaskSideEffectKt: loaded 2 times (x 68B)
Class org.jetbrains.kotlin.gradle.plugin.KotlinProjectSetupActionKt$KotlinProjectSetupCoroutine$1: loaded 2 times (x 72B)
Class org.jetbrains.kotlin.gradle.dsl.ToolchainSupport$Companion                      : loaded 2 times (x 68B)
Class org.jetbrains.kotlin.gradle.plugin.KotlinSourceSet                              : loaded 2 times (x 67B)
Class kotlin.jvm.KotlinReflectionNotSupportedError                                    : loaded 2 times (x 79B)
Class org.jetbrains.kotlin.metadata.ProtoBuf$Annotation$Builder                       : loaded 2 times (x 133B)
Class org.jetbrains.kotlin.metadata.jvm.JvmProtoBuf$StringTableTypes$Record$Operation : loaded 2 times (x 79B)

---------------  S Y S T E M  ---------------

OS:
 Windows 11 , 64 bit Build 26100 (10.0.26100.5074)
OS uptime: 16 days 22:42 hours
Hyper-V role detected

CPU: total 12 (initial active 12) (12 cores per cpu, 2 threads per core) family 25 model 80 stepping 0 microcode 0xa50000d, cx8, cmov, fxsr, ht, mmx, 3dnowpref, sse, sse2, sse3, ssse3, sse4a, sse4.1, sse4.2, popcnt, lzcnt, tsc, tscinvbit, avx, avx2, aes, erms, clmul, bmi1, bmi2, adx, sha, fma, vzeroupper, clflush, clflushopt, hv, rdtscp, rdpid, fsrm, f16c, cet_ss
Processor Information for processor 0
  Max Mhz: 2000, Current Mhz: 1890, Mhz Limit: 2000
Processor Information for processor 1
  Max Mhz: 2000, Current Mhz: 1890, Mhz Limit: 2000
Processor Information for processor 2
  Max Mhz: 2000, Current Mhz: 1890, Mhz Limit: 2000
Processor Information for processor 3
  Max Mhz: 2000, Current Mhz: 1890, Mhz Limit: 2000
Processor Information for processor 4
  Max Mhz: 2000, Current Mhz: 1890, Mhz Limit: 2000
Processor Information for processor 5
  Max Mhz: 2000, Current Mhz: 1890, Mhz Limit: 2000
Processor Information for processor 6
  Max Mhz: 2000, Current Mhz: 1890, Mhz Limit: 2000
Processor Information for processor 7
  Max Mhz: 2000, Current Mhz: 1890, Mhz Limit: 2000
Processor Information for processor 8
  Max Mhz: 2000, Current Mhz: 1890, Mhz Limit: 2000
Processor Information for processor 9
  Max Mhz: 2000, Current Mhz: 1890, Mhz Limit: 2000
Processor Information for processor 10
  Max Mhz: 2000, Current Mhz: 1808, Mhz Limit: 2000
Processor Information for processor 11
  Max Mhz: 2000, Current Mhz: 1808, Mhz Limit: 2000

Memory: 4k page, system-wide physical 7581M (1141M free)
TotalPageFile size 19869M (AvailPageFile size 10M)
current process WorkingSet (physical memory assigned to process): 1365M, peak: 1776M
current process commit charge ("private bytes"): 2760M, peak: 2766M

vm_info: OpenJDK 64-Bit Server VM (21.0.3+-12282718-b509.11) for windows-amd64 JRE (21.0.3+-12282718-b509.11), built on 2024-08-27T17:34:15Z by "builder" with MS VC++ 16.10 / 16.11 (VS2019)

END.
